PROV1;Vehonwe;;;;;
PROV2;Enir;;;;;
PROV3;Dhactoth;;;;;
PROV4;Athedinvel;;;;;
PROV5;Tiguna;;;;;
PROV6;Nire;;;;;
PROV7;Inaleth;;;;;
PROV8;Liacyne;;;;;
PROV9;Tinholvelle;;;;;
PROV10;Keymys;;;;;
PROV11;Lidola;;;;;
PROV12;Cato Ydur;;;;;
PROV13;Diatina;;;;;
PROV14;Khael;;;;;
PROV15;Elifice;;;;;
PROV16;Trynlile;;;;;
PROV17;Eomita;;;;;
PROV18;Darlienne;;;;;
PROV19;Roa;;;;;
PROV20;Trynphina;;;;;
PROV21;Diagrace;;;;;
PROV22;Pyrrahn;;;;;
PROV23;Anda;;;;;
PROV24;Arijen;;;;;
PROV25;Idani;;;;;
PROV26;Neda;;;;;
PROV27;Malara;;;;;
PROV28;Darda;;;;;
PROV29;Altea;;;;;
PROV30;Arhu;;;;;
PROV31;Adgella;;;;;
PROV32;Orifiel;;;;;
PROV33;Orihana;;;;;
PROV34;Sylthana;;;;;
PROV35;Inathana;;;;;
PROV36;Onla;;;;;
PROV37;Daelana;;;;;
PROV38;Syllana;;;;;
PROV39;Abbarbas;;;;;
PROV40;Padelvillel;;;;;
PROV41;Panhosh;;;;;
PROV42;Neule;;;;;
PROV43;Banta;;;;;
PROV44;Cydeirla;;;;;
PROV45;Phenea;;;;;
PROV46;Secula;;;;;
PROV47;Callihilla;;;;;
PROV48;Vengella;;;;;
PROV49;Thada;;;;;
PROV50;Ydu;;;;;
PROV51;Phileth;;;;;
PROV52;Miathana;;;;;
PROV53;Ashe;;;;;
PROV54;Ihi;;;;;
PROV55;Pontu;;;;;
PROV56;Keggea;;;;;
PROV57;Farona;;;;;
PROV58;Thetta;;;;;
PROV59;Isnen;;;;;
PROV60;Dathana;;;;;
PROV61;Trynmita;;;;;
PROV62;Dhemur;;;;;
PROV63;Faezana;;;;;
PROV64;Enrash;;;;;
PROV65;Chrallas;;;;;
PROV66;Anraht;;;;;
PROV67;Etho Sul;;;;;
PROV68;Nenrordeih;;;;;
PROV69;Callesh;;;;;
PROV70;Yhlei;;;;;
PROV71;Janhudu;;;;;
PROV72;Honli;;;;;
PROV73;Nelmenwehe;;;;;
PROV74;Calprys;;;;;
PROV75;Yesara;;;;;
PROV76;Ritina;;;;;
PROV77;Eratrix;;;;;
PROV78;Gaddu;;;;;
PROV79;Atshei;;;;;
PROV80;Hictol;;;;;
PROV81;Humbled;;;;;
PROV82;Purlir;;;;;
PROV83;Darsica;;;;;
PROV84;Birie;;;;;
PROV85;Trynalyn;;;;;
PROV86;Grasira;;;;;
PROV87;Hyshulwash;;;;;
PROV88;Eicey;;;;;
PROV89;Phylcevea;;;;;
PROV90;Senno;;;;;
PROV91;Idaelle;;;;;
PROV92;Odifice;;;;;
PROV93;Eona;;;;;
PROV94;Vermita;;;;;
PROV95;Quvira;;;;;
PROV96;Pumuht;;;;;
PROV97;Jihlordandi;;;;;
PROV98;Akuna;;;;;
PROV99;Fenfice;;;;;
PROV100;Faebella;;;;;
PROV101;Nihes;;;;;
PROV102;Mantu;;;;;
PROV103;Nializea;;;;;
PROV104;Eleisly;;;;;
PROV105;Revia;;;;;
PROV106;Eesmo;;;;;
PROV107;Dispol;;;;;
PROV108;Taho;;;;;
PROV109;Citsheessu;;;;;
PROV110;Vasmonnyn;;;;;
PROV111;Arruleeru;;;;;
PROV112;Amioth;;;;;
PROV113;Wega;;;;;
PROV114;Serenios;;;;;
PROV115;Phuspea;;;;;
PROV116;Xelea;;;;;
PROV117;Fenkath;;;;;
PROV118;Adwenys;;;;;
PROV119;Tirloht;;;;;
PROV120;Ilyn;;;;;
PROV121;Dhunli;;;;;
PROV122;Nictoda;;;;;
PROV123;Ollosh;;;;;
PROV124;Yspus;;;;;
PROV125;Retha;;;;;
PROV126;Innis;;;;;
PROV127;Megne;;;;;
PROV128;Eilyse;;;;;
PROV129;Brezira;;;;;
PROV130;Sylfice;;;;;
PROV131;Silyndeiht;;;;;
PROV132;Chensira;;;;;
PROV133;Cirhal;;;;;
PROV134;Sylmenvel;;;;;
PROV135;Posnar;;;;;
PROV136;Ollu;;;;;
PROV137;Ehnyssi;;;;;
PROV138;Olmada;;;;;
PROV139;Kituna Vos;;;;;
PROV140;Teitshuri;;;;;
PROV141;Olmeir;;;;;
PROV142;Chrosmilvash;;;;;
PROV143;Tihnes;;;;;
PROV144;Vos;;;;;
PROV145;Dunhorly;;;;;
PROV146;Dhanah;;;;;
PROV147;Chrirhes;;;;;
PROV148;Sinosses;;;;;
PROV149;Malris;;;;;
PROV150;Hayola;;;;;
PROV151;Lidwyn;;;;;
PROV152;Vaelle;;;;;
PROV153;Neola;;;;;
PROV154;Uviri;;;;;
PROV155;Fayda;;;;;
PROV156;Pahlyth;;;;;
PROV157;Isaree;;;;;
PROV158;Vallas Bor;;;;;
PROV159;Chothyl;;;;;
PROV160;Himellith;;;;;
PROV161;Teirla;;;;;
PROV162;Odielle;;;;;
PROV163;Gruv;;;;;
PROV164;Belprys;;;;;
PROV165;Callienne;;;;;
PROV166;Elini;;;;;
PROV167;Odicey;;;;;
PROV168;Inehulven;;;;;
PROV169;Varro;;;;;
PROV170;Verprys;;;;;
PROV171;Darris;;;;;
PROV172;Gelris;;;;;
PROV173;Hilyra;;;;;
PROV174;Nealyn;;;;;
PROV175;Baga;;;;;
PROV176;Calyra;;;;;
PROV177;Marleigh;;;;;
PROV178;Eiora;;;;;
PROV179;Arcantys;;;;;
PROV180;Lidalyn;;;;;
PROV181;Thamri;;;;;
PROV182;Verara;;;;;
PROV183;Frosira;;;;;
PROV184;Velu;;;;;
PROV185;Grana;;;;;
PROV186;Calleigh;;;;;
PROV187;Verda;;;;;
PROV188;Eraola;;;;;
PROV189;Hilris;;;;;
PROV190;Bondar;;;;;
PROV191;Diala;;;;;
PROV192;Vayola;;;;;
PROV193;Cathedral of Webs;;;;;
PROV194;Sondnae;;;;;
PROV195;Queen's Hatchery;;;;;
PROV196;Karnwasten Moor;;;;;
PROV197;Helerie;;;;;
PROV198;Kingshaven;;;;;
PROV199;Valea;;;;;
PROV200;Taanye;;;;;
PROV201;Jaerorinh;;;;;
PROV202;Hesnalda;;;;;
PROV203;Calmssare;;;;;
PROV204;Highael;;;;;
PROV205;Cinrie;;;;;
PROV206;Vigot;;;;;
PROV207;Dhalda;;;;;
PROV208;Ebon Stadmont;;;;;
PROV209;Valiaya;;;;;
PROV210;Shamia;;;;;
PROV211;Anaedthar;;;;;
PROV212;Cey-Tarn;;;;;
PROV213;Cinandil;;;;;
PROV214;Scutters Pond;;;;;
PROV215;Terande;;;;;
PROV216;Alinor Crest;;;;;
PROV217;Stavemina;;;;;
PROV218;Kalf;;;;;
PROV219;Kariorne;;;;;
PROV220;Marnor Keep;;;;;
PROV221;Serene Monastery;;;;;
PROV222;Shimmerene;;;;;
PROV223;Lorusse;;;;;
PROV224;Niria;;;;;
PROV225;Camwatch;;;;;
PROV226;Relte;;;;;
PROV227;Curaena;;;;;
PROV228;Sunhold;;;;;
PROV229;Elanaya;;;;;
PROV230;Isque;;;;;
PROV231;Varyllis;;;;;
PROV232;Thromael;;;;;
PROV233;Felballin;;;;;
PROV234;Nenyfire;;;;;
PROV235;Endea;;;;;
PROV236;Aelsinthaer;;;;;
PROV237;Thromus;;;;;
PROV238;Salingihle;;;;;
PROV239;Ondil;;;;;
PROV240;Chamkaender;;;;;
PROV241;Salingahl;;;;;
PROV242;Kaefhaer;;;;;
PROV243;Caminalda;;;;;
PROV244;Rilis;;;;;
PROV245;Gaeius;;;;;
PROV246;North Beacon;;;;;
PROV247;Eilnde;;;;;
PROV248;Silinthius;;;;;
PROV249;Shaaninde;;;;;
PROV250;Fisenoore;;;;;
PROV251;Edala;;;;;
PROV252;Nestmother's Den;;;;;
PROV253;Inierane;;;;;
PROV254;Greenwater Cove;;;;;
PROV255;Astrmend;;;;;
PROV256;Toothmaul Gully;;;;;
PROV257;Niraeya;;;;;
PROV258;Glister Vale;;;;;
PROV259;Nenynnarre;;;;;
PROV260;Smuggler's Cove;;;;;
PROV261;Hightide Keep;;;;;
PROV262;Skywatch;;;;;
PROV263;Port Skywatch;;;;;
PROV264;Camahl;;;;;
PROV265;Errinorne;;;;;
PROV266;Ardelle;;;;;
PROV267;Viralae;;;;;
PROV268;Angaelle;;;;;
PROV269;Tandria;;;;;
PROV270;Eldbur Sanctuary;;;;;
PROV271;Zenowe;;;;;
PROV272;Arane;;;;;
PROV273;Minelle;;;;;
PROV274;Illumination Academy;;;;;
PROV275;Varuden;;;;;
PROV276;Elenlae;;;;;
PROV277;Terdith;;;;;
PROV278;Taarana;;;;;
PROV279;Adkaender;;;;;
PROV280;Dhawen;;;;;
PROV281;Araurmend;;;;;
PROV282;Aelsonor;;;;;
PROV283;Silver Wood;;;;;
PROV284;Laemthaer;;;;;
PROV285;Calambar;;;;;
PROV286;Kaeaine;;;;;
PROV287;Estinae;;;;;
PROV288;Dhaenn;;;;;
PROV289;Beacon Falls;;;;;
PROV290;Aldmeri College;;;;;
PROV291;Proving Ground;;;;;
PROV292;Jorour;;;;;
PROV293;Gaeaine;;;;;
PROV294;Aldmeri Grotto;;;;;
PROV295;Charmlock;;;;;
PROV296;Dusk;;;;;
PROV297;Tuirmend;;;;;
PROV298;Tarelia;;;;;
PROV299;Tenulae;;;;;
PROV300;Eilelle;;;;;
PROV301;Nirenoore;;;;;
PROV302;Salingael;;;;;
PROV303;Eyevea;;;;;
PROV304;Traveler's Falls;;;;;
PROV305;Niralina;;;;;
PROV306;Shayeminwe;;;;;
PROV307;Karndar Watch;;;;;
PROV308;Gryphon Aerie;;;;;
PROV309;Laraethfhaer;;;;;
PROV310;Minoirdalin;;;;;
PROV311;Elalae;;;;;
PROV312;Charmkaender;;;;;
PROV313;Tenyilwe;;;;;
PROV314;Grayious;;;;;
PROV315;Mirte;;;;;
PROV316;Glenview;;;;;
PROV317;Estaeya;;;;;
PROV318;Soulfire Plateau;;;;;
PROV319;Phaer;;;;;
PROV320;Silsailen Point;;;;;
PROV321;Eastshore;;;;;
PROV322;Eastshore Islets;;;;;
PROV323;Caemaine;;;;;
PROV324;South Beacon;;;;;
PROV325;Errnwy;;;;;
PROV326;Monkey's Rest;;;;;
PROV327;Faeia;;;;;
PROV328;Atrrane;;;;;
PROV329;Seaside Scarp;;;;;
PROV330;Saelinorinh;;;;;
PROV331;Minmaire;;;;;
PROV332;Camelle;;;;;
PROV333;Firsthold;;;;;
PROV334;Elsinthaer;;;;;
PROV335;Farene;;;;;
PROV336;Mehrunes' Spite;;;;;
PROV337;Hlidalaure;;;;;
PROV338;Welenkin Cove;;;;;
PROV339;Elenrume;;;;;
PROV340;Currie;;;;;
PROV341;Eiloel;;;;;
PROV342;Hollifel;;;;;
PROV343;Holy Falls;;;;;
PROV344;Giasha;;;;;
PROV345;Saelinius;;;;;
PROV346;Liriel;;;;;
PROV347;Tenena;;;;;
PROV348;Endrae;;;;;
PROV349;Aedael;;;;;
PROV350;Celrandil;;;;;
PROV351;Croddlehurst;;;;;
PROV352;Terre;;;;;
PROV353;Soneya;;;;;
PROV354;Endaden;;;;;
PROV355;Sillononin;;;;;
PROV356;Ranonwy;;;;;
PROV357;Syldarim;;;;;
PROV358;Aniesse;;;;;
PROV359;Larethfaere;;;;;
PROV360;Arivarie;;;;;
PROV361;Corgrad;;;;;
PROV362;Tuidaale;;;;;
PROV363;Koraire;;;;;
PROV364;Arynye;;;;;
PROV365;Fairanya;;;;;
PROV366;Siriginia;;;;;
PROV367;Highifeth;;;;;
PROV368;Adthar;;;;;
PROV369;Karnwasten;;;;;
PROV370;Graddun Spring;;;;;
PROV371;Laraethius;;;;;
PROV372;Elatelle;;;;;
PROV373;Erihil;;;;;
PROV374;Silttaire;;;;;
PROV375;Gaeihre;;;;;
PROV376;Ald Mora;;;;;
PROV377;Camsion;;;;;
PROV378;Rosefield;;;;;
PROV379;Saelinoth;;;;;
PROV380;Camiana;;;;;
PROV381;Ohteia;;;;;
PROV382;Ador;;;;;
PROV383;Elanante;;;;;
PROV384;Gilrina;;;;;
PROV385;Indrik Frolic;;;;;
PROV386;Kingdom Fields;;;;;
PROV387;Tuinelle;;;;;
PROV388;Larethious;;;;;
PROV389;Valnoore;;;;;
PROV390;Elsinthius;;;;;
PROV391;Granaire;;;;;
PROV392;Alaxon'ald;;;;;
PROV393;Arysara;;;;;
PROV394;Irinussa;;;;;
PROV395;Archen Grangrove;;;;;
PROV396;Eriaena;;;;;
PROV397;Relnnarre;;;;;
PROV398;Elven Keep;;;;;
PROV399;Ranassa;;;;;
PROV400;Archon's Grove;;;;;
PROV401;Ranae;;;;;
PROV402;Thromwatch;;;;;
PROV403;Careth;;;;;
PROV404;Angerane;;;;;
PROV405;Grayor;;;;;
PROV406;Koruseus;;;;;
PROV407;Ardnande;;;;;
PROV408;Astalda;;;;;
PROV409;Thaororin;;;;;
PROV410;Miriara;;;;;
PROV411;Sacred Numbers;;;;;
PROV412;Salamander's Hideaway;;;;;
PROV413;Ayresse;;;;;
PROV414;Lilidara;;;;;
PROV415;Nirnalda;;;;;
PROV416;Thorheim Guard;;;;;
PROV417;Siriante;;;;;
PROV418;Thilinthius;;;;;
PROV419;Cloudrest;;;;;
PROV420;Estodith;;;;;
PROV421;Atrkrand;;;;;
PROV422;Eton Nir;;;;;
PROV423;Arieya;;;;;
PROV424;Larenhal;;;;;
PROV425;Saelinfaere;;;;;
PROV426;Sontarya;;;;;
PROV427;Ardatha;;;;;
PROV428;Spelluseus;;;;;
PROV429;Gaeifeth;;;;;
PROV430;Curie;;;;;
PROV431;Loraethiath;;;;;
PROV432;Loreiane;;;;;
PROV433;Charmaerith;;;;;
PROV434;Astlinwae;;;;;
PROV435;Taaresse;;;;;
PROV436;Arqnande;;;;;
PROV437;Seawatch;;;;;
PROV438;Aelsoniane;;;;;
PROV439;Nalcrand;;;;;
PROV440;Termrine;;;;;
PROV441;Cirasephona;;;;;
PROV442;Tahromire;;;;;
PROV443;Eillae;;;;;
PROV444;Neruunayne;;;;;
PROV445;Jaerfhaer;;;;;
PROV446;Aelsinaerith;;;;;
PROV447;Eiloulae;;;;;
PROV448;Alinor;;;;;
PROV449;Aurna;;;;;
PROV450;Sondsara;;;;;
PROV451;Culsare;;;;;
PROV452;Wasten Coraldale;;;;;
PROV453;Hlidaale;;;;;
PROV454;Salingaere;;;;;
PROV455;Niraline;;;;;
PROV456;Alwlina;;;;;
PROV457;Heinarwe;;;;;
PROV458;Aurion;;;;;
PROV459;Paloden;;;;;
PROV460;Eldasare;;;;;
PROV461;Riverfield;;;;;
PROV462;Eleeth;;;;;
PROV463;Thiliniane;;;;;
PROV464;Port Alinor;;;;;
PROV465;Virelle;;;;;
PROV466;Arielia;;;;;
PROV467;Celesse;;;;;
PROV468;Ardende;;;;;
PROV469;Tarerne;;;;;
PROV470;Old Falls;;;;;
PROV471;Eton Nir Grotto;;;;;
PROV472;Chaeour;;;;;
PROV473;Gryphon Run;;;;;
PROV474;Valaena;;;;;
PROV475;Sontlene;;;;;
PROV476;Clayton;;;;;
PROV477;Direnni Acropolis;;;;;
PROV478;Styrmir;;;;;
PROV479;Shimmerene Port;;;;;
PROV480;Nirae;;;;;
PROV481;Nenurmend;;;;;
PROV482;Sillonuseus;;;;;
PROV483;Silinaerith;;;;;
PROV484;Laemaen;;;;;
PROV485;Eldbur;;;;;
PROV486;Thaorihle;;;;;
PROV487;Anaedthius;;;;;
PROV488;Miranwe;;;;;
PROV489;Salingiuth;;;;;
PROV490;Slaughter;;;;;
PROV491;Marbruk Brook;;;;;
PROV492;Viper's Nest;;;;;
PROV493;Adwatch;;;;;
PROV494;Imacarya;;;;;
PROV495;Tandeth;;;;;
PROV496;Larethius;;;;;
PROV497;Caemthar;;;;;
PROV498;Nirion;;;;;
PROV499;Asttelle;;;;;
PROV500;Coral Aerie;;;;;
PROV501;Belport Run;;;;;
PROV502;Loramia;;;;;
PROV503;Tahromoth;;;;;
PROV504;Salingia;;;;;
PROV505;Eleaninde;;;;;
PROV506;Atrassa;;;;;
PROV507;Siltnande;;;;;
PROV508;Ezduiin;;;;;
PROV509;Heretic's Summons;;;;;
PROV510;Entila's Folly;;;;;
PROV511;Sonanye;;;;;
PROV512;Aelsinonin;;;;;
PROV513;Virafire;;;;;
PROV514;Elaurmend;;;;;
PROV515;Silinor;;;;;
PROV516;Aedaine;;;;;
PROV517;Harborage;;;;;
PROV518;Vulkhel Guard;;;;;
PROV519;Gaethus;;;;;
PROV520;Iluvamir;;;;;
PROV521;Jaerious;;;;;
PROV522;Sea Keep;;;;;
PROV523;Elanerane;;;;;
PROV524;Ciraen;;;;;
PROV525;Cymbasephona;;;;;
PROV526;White Guard;;;;;
PROV527;Nine-Prow Landing;;;;;
PROV528;Banished Cells;;;;;
PROV529;Lililonwe;;;;;
PROV530;Celnayne;;;;;
PROV531;Eastern Overlook;;;;;
PROV532;Western Overlook;;;;;
PROV533;Tuiion;;;;;
PROV534;Vafe;;;;;
PROV535;Camiena;;;;;
PROV536;Terna;;;;;
PROV537;Cirane;;;;;
PROV538;Adiane;;;;;
PROV539;Caralenya;;;;;
PROV540;Charmore;;;;;
PROV541;Culuente;;;;;
PROV542;Contemplation Point;;;;;
PROV543;Torinaan;;;;;
PROV544;Aediane;;;;;
PROV545;Erisnoore;;;;;
PROV546;Giaana;;;;;
PROV547;Elsinaine;;;;;
PROV548;West Guard;;;;;
PROV549;Laretheus;;;;;
PROV550;Bewan;;;;;
PROV551;West Guard;;;;;
PROV552;Shattered Grove;;;;;
PROV553;Saelinifeth;;;;;
PROV554;Larethihre;;;;;
PROV555;Western Pearl;;;;;
PROV556;Eastern Pearl;;;;;
PROV557;Southern Pearl;;;;;
PROV558;Quendeluun;;;;;
PROV559;Astelinwae;;;;;
PROV560;Wansalen;;;;;
PROV561;Lorusion;;;;;
PROV562;Buraniim;;;;;
PROV563;Mathiisen;;;;;
PROV564;Tanzelwil;;;;;
PROV565;Estmia;;;;;
PROV566;Elsinorin;;;;;
PROV567;Silarie;;;;;
PROV568;Tahromiath;;;;;
PROV569;Ariedara;;;;;
PROV570;Nirynirya;;;;;
PROV571;Anaediane;;;;;
PROV572;College of Sapiarchs;;;;;
PROV573;Taarine;;;;;
PROV574;Korael;;;;;
PROV575;Curwnte;;;;;
PROV576;Muuroril;;;;;
PROV577;Salingius;;;;;
PROV578;Thaoroth;;;;;
PROV579;Loraen;;;;;
PROV580;Chamlock;;;;;
PROV581;Lillandril;;;;;
PROV582;Miriith;;;;;
PROV583;Amara;;;;;
PROV584;Sondith;;;;;
PROV585;Crystal Tower;;;;;
PROV586;Imarlia;;;;;
PROV587;Sondline;;;;;
PROV588;Augury Basin;;;;;
PROV589;Nirlia;;;;;
PROV590;Heletalaure;;;;;
PROV591;Caemius;;;;;
PROV592;Aena;;;;;
PROV593;Saena;;;;;
PROV594;Falysea;;;;;
PROV595;Filaena;;;;;
PROV596;Y'reath;;;;;
PROV597;Aleleane;;;;;
PROV598;Emaena;;;;;
PROV599;Tellyssa;;;;;
PROV600;Eleanethea;;;;;
PROV601;Tagon;;;;;
PROV602;Hypetria;;;;;
PROV603;Moneer;;;;;
PROV604;Irethea;;;;;
PROV605;Tylan;;;;;
PROV606;Farani;;;;;
PROV607;Orinada;;;;;
PROV608;Dahonet;;;;;
PROV609;Thedo;;;;;
PROV610;Sterron;;;;;
PROV611;Tritasson;;;;;
PROV612;A'raei;;;;;
PROV613;Melysae;;;;;
PROV614;Eythae;;;;;
PROV615;Telanea;;;;;
PROV616;Tralrod;;;;;
PROV617;Vathi;;;;;
PROV618;Latklith;;;;;
PROV619;Haearon;;;;;
PROV620;Caldara;;;;;
PROV621;Makan;;;;;
PROV622;Atadius;;;;;
PROV623;Wallell;;;;;
PROV624;Tanyne;;;;;
PROV625;Camasan;;;;;
PROV626;Saurcta;;;;;
PROV627;Nazasur;;;;;
PROV628;Aleria;;;;;
PROV629;Rame;;;;;
PROV630;Elore;;;;;
PROV631;Kardesh;;;;;
PROV632;Laslde;;;;;
PROV633;Reldea;;;;;
PROV634;Estaeth;;;;;
PROV635;Bahia;;;;;
PROV636;Sudginia;;;;;
PROV637;Moni;;;;;
PROV638;Enaelie;;;;;
PROV639;Lasaye;;;;;
PROV640;Adaanta;;;;;
PROV641;Samara;;;;;
PROV642;Tennie;;;;;
PROV643;Terite;;;;;
PROV644;Isadelia;;;;;
PROV645;Denice;;;;;
PROV646;Aluara;;;;;
PROV647;Cindea;;;;;
PROV648;Kareya;;;;;
PROV649;Virasse;;;;;
PROV650;Isolne;;;;;
PROV651;Taarie;;;;;
PROV652;Omine;;;;;
PROV653;Senel;;;;;
PROV654;Nothos;;;;;
PROV655;Yaliene;;;;;
PROV656;Lyrae;;;;;
PROV657;Kalira;;;;;
PROV658;Boldado;;;;;
PROV659;Thaelm;;;;;
PROV660;Hattu;;;;;
PROV661;Meden;;;;;
PROV662;Endlen;;;;;
PROV663;Alescean;;;;;
PROV664;Orrcan;;;;;
PROV665;Ahtaro;;;;;
PROV666;Haland;;;;;
PROV667;Alonark;;;;;
PROV668;Vilatun;;;;;
PROV669;Toramon;;;;;
PROV670;Ianael;;;;;
PROV671;Charan;;;;;
PROV672;Ellestra;;;;;
PROV673;Virril;;;;;
PROV674;Kaeious;;;;;
PROV675;Thelora;;;;;
PROV676;Varea;;;;;
PROV677;Zamsar;;;;;
PROV678;Caladia;;;;;
PROV679;Athira;;;;;
PROV680;Eudine;;;;;
PROV681;Cyria;;;;;
PROV682;Tarinthe;;;;;
PROV683;Pandena;;;;;
PROV684;Irantha;;;;;
PROV685;Ballie;;;;;
PROV686;Saran;;;;;
PROV687;Jalrva;;;;;
PROV688;Tiernna;;;;;
PROV689;Ancoilia;;;;;
PROV690;Rasrl;;;;;
PROV691;Clesleen;;;;;
PROV692;Tavir;;;;;
PROV693;Yisdia;;;;;
PROV694;Denalia;;;;;
PROV695;Seuol Yeler;;;;;
PROV696;Atmaie;;;;;
PROV697;Tavika;;;;;
PROV698;Laremone;;;;;
PROV699;Kalomena;;;;;
PROV700;Aileia;;;;;
PROV701;Arranbu;;;;;
PROV702;Elethleen;;;;;
PROV703;Yul;;;;;
PROV704;Chalda;;;;;
PROV705;Jeaana;;;;;
PROV706;Demeia;;;;;
PROV707;Olestra;;;;;
PROV708;Erisan;;;;;
PROV709;Anweri;;;;;
PROV710;Arch;;;;;
PROV711;Braia;;;;;
PROV712;Casethea;;;;;
PROV713;Falerina;;;;;
PROV714;Terena;;;;;
PROV715;Totambu;;;;;
PROV716;Melena;;;;;
PROV717;Shelonia;;;;;
PROV718;Arelia;;;;;
PROV719;Sanalia;;;;;
PROV720;Kiada;;;;;
PROV721;Rithde;;;;;
PROV722;Alalis;;;;;
PROV723;Gloneda;;;;;
PROV724;Taleskan;;;;;
PROV725;Euphelia;;;;;
PROV726;Arranhu;;;;;
PROV727;Syllonis;;;;;
PROV728;Nenath;;;;;
PROV729;Zarthos;;;;;
PROV730;Faena;;;;;
PROV731;Kolora;;;;;
PROV732;Tywae;;;;;
PROV733;Telira;;;;;
PROV734;Kalivia;;;;;
PROV735;Vasendra;;;;;
PROV736;Lyrea;;;;;
PROV737;Lidene;;;;;
PROV738;Rodecey;;;;;
PROV739;Maelh;;;;;
PROV740;Casnvir;;;;;
PROV741;Adonerine;;;;;
PROV742;Denyllis;;;;;
PROV743;Neesona;;;;;
PROV744;Erllia;;;;;
PROV745;Olna;;;;;
PROV746;Kanesh;;;;;
PROV747;Ahlel;;;;;
PROV748;Rieisa;;;;;
PROV749;Ashwen;;;;;
PROV750;Maelsa;;;;;
PROV751;Nanida;;;;;
PROV752;Ancian;;;;;
PROV753;Lumut;;;;;
PROV754;Tanla;;;;;
PROV755;Umardie;;;;;
PROV756;Shaannon;;;;;
PROV757;Dahe;;;;;
PROV758;Zarsha;;;;;
PROV759;Minirithi;;;;;
PROV760;Klithi;;;;;
PROV761;Ahlth;;;;;
PROV762;Kevalla;;;;;
PROV763;Akos Kasaz;;;;;
PROV764;Cheriza;;;;;
PROV765;Sinisa;;;;;
PROV766;Shaexa;;;;;
PROV767;Acena;;;;;
PROV768;Rashe;;;;;
PROV769;Suol'Yelr;;;;;
PROV770;Shildta;;;;;
PROV771;Lashesa;;;;;
PROV772;Tonilone;;;;;
PROV773;Nemionet;;;;;
PROV774;Nartem;;;;;
PROV775;Nalonga;;;;;
PROV776;Gurten;;;;;
PROV777;Faledsa;;;;;
PROV778;Eletsonia;;;;;
PROV779;Tetht;;;;;
PROV780;Akorri;;;;;
PROV781;Mirisa;;;;;
PROV782;Khortke;;;;;
PROV783;Tenvne;;;;;
PROV784;Rhalpim;;;;;
PROV785;Anorola;;;;;
PROV786;Elelia;;;;;
PROV787;Cirte;;;;;
PROV788;Tamiginia;;;;;
PROV789;Margsan;;;;;
PROV790;Zanjar;;;;;
PROV791;Tonisan;;;;;
PROV792;Lertar;;;;;
PROV793;Jeansha;;;;;
PROV794;Sinxa;;;;;
PROV795;Theldim;;;;;
PROV796;Shrithga;;;;;
PROV797;Eriainda;;;;;
PROV798;Kil'Yelir;;;;;
PROV799;Asl'Ydir;;;;;
PROV800;Balam;;;;;
PROV801;Grothga;;;;;
PROV802;Riena;;;;;
PROV803;Saegen;;;;;
PROV804;Rharkten;;;;;
PROV805;Maeliah;;;;;
PROV806;Faostsa;;;;;
PROV807;Clesanta;;;;;
PROV808;Ravan;;;;;
PROV809;Vlercum;;;;;
PROV810;Tensan;;;;;
PROV811;Jeassan;;;;;
PROV812;Chalti;;;;;
PROV813;Tiella;;;;;
PROV814;Kructam;;;;;
PROV815;Kirinia;;;;;
PROV816;Dherkfa;;;;;
PROV817;Lasenie;;;;;
PROV818;Caurdsa;;;;;
PROV819;Ronata;;;;;
PROV820;Jolde;;;;;
PROV821;Mhushar;;;;;
PROV822;Zahedann;;;;;
PROV823;Res;;;;;
PROV824;Tholvann;;;;;
PROV825;Lankhmar;;;;;
PROV826;Ceffa;;;;;
PROV827;Quey;;;;;
PROV828;Rannveig;;;;;
PROV829;Draesten;;;;;
PROV830;Halla;;;;;
PROV831;Kiatholdr;;;;;
PROV832;Kotla;;;;;
PROV833;Skerin;;;;;
PROV834;Shayfan;;;;;
PROV835;Rynhaven;;;;;
PROV836;Harvuld;;;;;
PROV837;Runa;;;;;
PROV838;Halmward;;;;;
PROV839;Ermingard;;;;;
PROV840;Kameri;;;;;
PROV841;Monheld;;;;;
PROV842;Vyndorath;;;;;
PROV843;Rujos;;;;;
PROV844;Veydos;;;;;
PROV845;Averin;;;;;
PROV846;Alfdis;;;;;
PROV847;Thorve;;;;;
PROV848;Kiah;;;;;
PROV849;Esson;;;;;
PROV850;Vanlor;;;;;
PROV851;Astrile;;;;;
PROV852;Port Nazot;;;;;
PROV853;Dogeater Vale;;;;;
PROV854;Merchant's Plummet;;;;;
PROV855;Agonio;;;;;
PROV856;Lemo;;;;;
PROV857;Orvi;;;;;
PROV858;Zera;;;;;
PROV859;Morane;;;;;
PROV860;Illia;;;;;
PROV861;Sevell;;;;;
PROV862;Klietro;;;;;
PROV863;Lilnis;;;;;
PROV864;Vastyr;;;;;
PROV865;Tuinh;;;;;
PROV866;Glimmertarn;;;;;
PROV867;Llanshara;;;;;
PROV868;Shipwreck Shoals;;;;;
PROV869;Y'ffelon;;;;;
PROV870;Fogbreak;;;;;
PROV871;Amenos;;;;;
PROV872;Ghost Haven;;;;;
PROV873;Coral Cliffs;;;;;
PROV874;Skulltooth Coast;;;;;
PROV875;Garick's Rest;;;;;
PROV876;The Islet;;;;;
PROV877;Death's Valor;;;;;
PROV878;Port Navire;;;;;
PROV879;Y'ffre's Cauldron;;;;;
PROV880;Whalefall;;;;;
PROV881;Gonfalon Bay;;;;;
PROV882;Tor Draioch;;;;;
PROV883;Dufort;;;;;
PROV884;Crimson Coin;;;;;
PROV885;Dreadsail Reef;;;;;
PROV886;Bolvagport;;;;;
PROV887;Singing Sun;;;;;
PROV888;Bthzark;;;;;
PROV889;Brailie;;;;;
PROV890;Faeshke;;;;;
PROV891;Saffsha;;;;;
PROV892;B'ull-E;;;;;
PROV893;Senan;;;;;
PROV894;Raysandra;;;;;
PROV895;Cledia;;;;;
PROV896;Cespar;;;;;
PROV897;Umanith;;;;;
PROV898;D'aste;;;;;
PROV899;Herne;;;;;
PROV900;Katida;;;;;
PROV901;Rlechan;;;;;
PROV902;Anclona;;;;;
PROV903;Pankor;;;;;
PROV904;Eanze;;;;;
PROV905;Velarewae;;;;;
PROV906;Tyrefi;;;;;
PROV907;Moethenes;;;;;
PROV908;Maensesh;;;;;
PROV909;Prailudin;;;;;
PROV910;Veanave;;;;;
PROV911;Aplianne;;;;;
PROV912;Alonne;;;;;
PROV913;Tedis;;;;;
PROV914;Teldrae;;;;;
PROV915;Cearli;;;;;
PROV916;Muscari;;;;;
PROV917;Ipheion;;;;;
PROV918;Black Harbor;;;;;
PROV919;Elraelia;;;;;
PROV920;Amolia;;;;;
PROV921;Cayestra;;;;;
PROV922;Velmeera;;;;;
PROV923;Iadhos;;;;;
PROV924;Mathiola;;;;;
PROV925;Epi;;;;;
PROV926;Aeichloros;;;;;
PROV927;Suimbi;;;;;
PROV928;Aephra;;;;;
PROV929;Savene;;;;;
PROV930;Yrrama;;;;;
PROV931;Penstemon;;;;;
PROV932;Phrermes;;;;;
PROV933;Lilium;;;;;
PROV934;Helianthi;;;;;
PROV935;Tanacetum;;;;;
PROV936;Dicentra;;;;;
PROV937;Black Port;;;;;
PROV938;Thritta;;;;;
PROV939;Vaemofeoph;;;;;
PROV940;Merro;;;;;
PROV941;Tastrerea;;;;;
PROV942;Mycositis;;;;;
PROV943;Dilni;;;;;
PROV944;Temi;;;;;
PROV945;Amsonia;;;;;
PROV946;Echium;;;;;
PROV947;Ovione;;;;;
PROV948;Iflinne;;;;;
PROV949;Bixiene;;;;;
PROV950;Onette;;;;;
PROV951;Idane;;;;;
PROV952;Nujier;;;;;
PROV953;Elneane;;;;;
PROV954;Deanne;;;;;
PROV955;Nezoria;;;;;
PROV956;Scitri;;;;;
PROV957;Yneslea;;;;;
PROV958;Tadre;;;;;
PROV959;Kelmaelia;;;;;
PROV960;Talise;;;;;
PROV961;Kallianassa;;;;;
PROV962;Yphe;;;;;
PROV963;Linte;;;;;
PROV964;Telinele;;;;;
PROV965;Telodice;;;;;
PROV966;Brettia;;;;;
PROV967;Clesm;;;;;
PROV968;Xaniphe;;;;;
PROV969;Iaosise;;;;;
PROV970;Othreis;;;;;
PROV971;Crotheise;;;;;
PROV972;Amphilio;;;;;
PROV973;Amithelia;;;;;
PROV974;Bateilla;;;;;
PROV975;Raldbthar Gatehouse;;;;;
PROV976;Alftand Gatehouse;;;;;
PROV977;Raldbthar Square;;;;;
PROV978;Raldbthar Cathedral;;;;;
PROV979;Bastion Sanguinaris;;;;;
PROV980;Greymoor Bastion;;;;;
PROV981;Greymoor Gatehouse;;;;;
PROV982;Greymoor Mine;;;;;
PROV983;Raldbthar Steamworks;;;;;
PROV984;Blackfalls;;;;;
PROV985;Deep Market;;;;;
PROV986;War Quarters;;;;;
PROV987;Pumphouse;;;;;
PROV988;Raldbthar Citadel;;;;;
PROV989;Mzark Tower;;;;;
PROV990;Reeking Tower;;;;;
PROV991;Silent Ruin;;;;;
PROV992;Mzinchaleft Gatehouse;;;;;
PROV993;Silent City;;;;;
PROV994;Kagalthar;;;;;
PROV995;Deep Farmhouse;;;;;
PROV996;Mzark Pass;;;;;
PROV997;Deep Overlook;;;;;
PROV998;Darkrise;;;;;
PROV999;Darkrise Overlook;;;;;
PROV1000;Gloomforest;;;;;
PROV1001;Midnight Barrow;;;;;
PROV1002;Bthang;;;;;
PROV1003;Lightless Hollow;;;;;
PROV1004;Lightless Mine;;;;;
PROV1005;Lightless Gatehouse;;;;;
PROV1006;Lenar;;;;;
PROV1007;Neya;;;;;
PROV1008;Dwarf's Bane;;;;;
PROV1009;Moloma;;;;;
PROV1010;Nchuthnkarst Tunnels;;;;;
PROV1011;Nchuthnkarst Halls;;;;;
PROV1012;Nchuthnkarst;;;;;
PROV1013;Dusktown Pass;;;;;
PROV1014;Miner's Lament;;;;;
PROV1015;Greymoor Pass;;;;;
PROV1016;Gray Host Tunnels;;;;;
PROV1017;Greymoor Gallery;;;;;
PROV1018;Greymoor Undercroft;;;;;
PROV1019;Greymoor Keep;;;;;
PROV1020;Greymoor Courtyard;;;;;
PROV1021;Bastion Vampiraris;;;;;
PROV1022;Greymoor Pools;;;;;
PROV1023;Feeding Grounds;;;;;
PROV1024;Stone Garden;;;;;
PROV1025;Dark Moon Gatehouse;;;;;
PROV1026;Dwarven Run;;;;;
PROV1027;Mzumz;;;;;
PROV1028;Dark Moon Cave;;;;;
PROV1029;Dark Moon Grotto;;;;;
PROV1030;The Scraps;;;;;
PROV1031;Nightstone;;;;;
PROV1032;Parasite's Cave;;;;;
PROV1033;Refuge Tunnels;;;;;
PROV1034;Grotto Refuge;;;;;
PROV1035;Colossus Station;;;;;
PROV1036;Gloomstalker;;;;;
PROV1037;Dusktown;;;;;
PROV1038;Dusktown Gatehouse;;;;;
PROV1039;Dusktown Tunnels;;;;;
PROV1040;Dusktown Mine;;;;;
PROV1041;Dusk Outpost;;;;;
PROV1042;Arkthzand Pass;;;;;
PROV1043;Bthar-Zel Gatehouse;;;;;
PROV1044;Bthar-Zel Square;;;;;
PROV1045;Gloomreach Gatehouse;;;;;
PROV1046;Mistgloom Thicket;;;;;
PROV1047;Darkgloom;;;;;
PROV1048;Nighthollow Keep;;;;;
PROV1049;Nighthollow Shrine;;;;;
PROV1050;Sentinel Point;;;;;
PROV1051;Ghostlight Grotto;;;;;
PROV1052;Ghostlight Shore;;;;;
PROV1053;Ghostlight;;;;;
PROV1054;Nchuand-Zel Gatehouse;;;;;
PROV1055;Philosopher's Cradle;;;;;
PROV1056;Arkthzand Library;;;;;
PROV1057;Arkthzand;;;;;
PROV1058;Arkthzand Gatehouse;;;;;
PROV1059;Sortvanger;;;;;
PROV1060;Thorod;;;;;
PROV1061;Meyhuf;;;;;
PROV1062;Thrialdr;;;;;
PROV1063;Iva;;;;;
PROV1064;Rahryx;;;;;
PROV1065;Vera;;;;;
PROV1066;Coval;;;;;
PROV1067;Threyngroldr;;;;;
PROV1068;Vandrad;;;;;
PROV1069;Kmauxioth;;;;;
PROV1070;Skirys;;;;;
PROV1071;Mien;;;;;
PROV1072;Thorvor;;;;;
PROV1073;Ciefeala;;;;;
PROV1074;Ok'tavax;;;;;
PROV1075;Pheafedea;;;;;
PROV1076;Sturaoth;;;;;
PROV1077;Varis;;;;;
PROV1078;Hreida;;;;;
PROV1079;Moldof;;;;;
PROV1080;Tica;;;;;
PROV1081;Zella;;;;;
PROV1082;Evriz;;;;;
PROV1083;Asmund;;;;;
PROV1084;Tjorvi;;;;;
PROV1085;Folkmar;;;;;
PROV1086;Thyre;;;;;
PROV1087;Elydark;;;;;
PROV1088;Coblo;;;;;
PROV1089;Isellarue;;;;;
PROV1090;Yllamys;;;;;
PROV1091;Bixisys;;;;;
PROV1092;Cranelis;;;;;
PROV1093;Syllartha;;;;;
PROV1094;Virna;;;;;
PROV1095;Adelreene;;;;;
PROV1096;Thugibaf;;;;;
PROV1097;Kjallak;;;;;
PROV1098;Turid;;;;;
PROV1099;Skuf;;;;;
PROV1100;Ozur;;;;;
PROV1101;Kollskeg;;;;;
PROV1102;Veturlidi;;;;;
PROV1103;Hraerek;;;;;
PROV1104;Halftan;;;;;
PROV1105;Hrodgeir;;;;;
PROV1106;Tore;;;;;
PROV1107;Arnor;;;;;
PROV1108;Thorvard;;;;;
PROV1109;Throgdriof;;;;;
PROV1110;Styrkar;;;;;
PROV1111;Athils;;;;;
PROV1112;Acollix;;;;;
PROV1113;Hillas;;;;;
PROV1114;Vueta;;;;;
PROV1115;Heith;;;;;
PROV1116;Cokthinax;;;;;
PROV1117;Reynd;;;;;
PROV1118;Adelina;;;;;
PROV1119;Thillar;;;;;
PROV1120;Hazava;;;;;
PROV1121;Ilihsa;;;;;
PROV1122;Dilqa;;;;;
PROV1123;Kod;;;;;
PROV1124;Zivehi;;;;;
PROV1125;Yorru;;;;;
PROV1126;Ynal'ra;;;;;
PROV1127;Bergthora;;;;;
PROV1128;Esta;;;;;
PROV1129;In'de;;;;;
PROV1130;Brelnodr;;;;;
PROV1131;Arnthrud;;;;;
PROV1132;Mira;;;;;
PROV1133;Thrermonlin;;;;;
PROV1134;Throhonyld;;;;;
PROV1135;Helganna;;;;;
PROV1136;Thalnafar;;;;;
PROV1137;Ah'ratix;;;;;
PROV1138;Knetsiag;;;;;
PROV1139;Braruhund;;;;;
PROV1140;Oladithas;;;;;
PROV1141;Loraaerys;;;;;
PROV1142;Vormgeira;;;;;
PROV1143;Tilide;;;;;
PROV1144;Hreytif;;;;;
PROV1145;Lilri;;;;;
PROV1146;Dandra;;;;;
PROV1147;Nalillan;;;;;
PROV1148;Qeiti;;;;;
PROV1149;Nevrass;;;;;
PROV1150;Tin'dazar;;;;;
PROV1151;Hallgerd;;;;;
PROV1152;Frostulf;;;;;
PROV1153;Sigestael;;;;;
PROV1154;Eydis;;;;;
PROV1155;Ycera;;;;;
PROV1156;Kolli;;;;;
PROV1157;Kybelra;;;;;
PROV1158;Kartra;;;;;
PROV1159;Threytonuldr;;;;;
PROV1160;Maelda;;;;;
PROV1161;Una;;;;;
PROV1162;Breygrihyn;;;;;
PROV1163;Vef;;;;;
PROV1164;Skormies;;;;;
PROV1165;Valborg;;;;;
PROV1166;Talohnass;;;;;
PROV1167;Thatehza;;;;;
PROV1168;Ormhild;;;;;
PROV1169;Hegdraf;;;;;
PROV1170;Sudmild;;;;;
PROV1171;Shes'hyr;;;;;
PROV1172;Forelgrim;;;;;
PROV1173;Ondrica;;;;;
PROV1174;Ragneid;;;;;
PROV1175;Thasa;;;;;
PROV1176;Parella;;;;;
PROV1177;Melion;;;;;
PROV1178;Solveig;;;;;
PROV1179;Hitta;;;;;
PROV1180;Yama;;;;;
PROV1181;Kivela;;;;;
PROV1182;Ciebiala;;;;;
PROV1183;Goegnonal;;;;;
PROV1184;Veil;;;;;
PROV1185;Paestovus;;;;;
PROV1186;Skalnonur;;;;;
PROV1187;Baize;;;;;
PROV1188;Brudr;;;;;
PROV1189;Fjoleror;;;;;
PROV1190;Bradmion;;;;;
PROV1191;Skangruldr;;;;;
PROV1192;Giangrodref;;;;;
PROV1193;Sigreror;;;;;
PROV1194;Thengral;;;;;
PROV1195;Wakmcius;;;;;
PROV1196;Adora;;;;;
PROV1197;Irenmund;;;;;
PROV1198;Nia;;;;;
PROV1199;Hallkel;;;;;
PROV1200;Lavracyn;;;;;
PROV1201;Erylis;;;;;
PROV1202;Plystius;;;;;
PROV1203;Truorus;;;;;
PROV1204;Gnuarfaite;;;;;
PROV1205;Gnuallyrath;;;;;
PROV1206;Kangryld;;;;;
PROV1207;Hegna;;;;;
PROV1208;Mizette;;;;;
PROV1209;Steira;;;;;
PROV1210;Rina;;;;;
PROV1211;Eunice;;;;;
PROV1212;Jylkurfyk;;;;;
PROV1213;Seidnodrol;;;;;
PROV1214;Hruvold;;;;;
PROV1215;Frimis;;;;;
PROV1216;Vigdis;;;;;
PROV1217;Grace;;;;;
PROV1218;Ieflaina;;;;;
PROV1219;Gogjend;;;;;
PROV1220;Carrie;;;;;
PROV1221;Anotha;;;;;
PROV1222;Al're;;;;;
PROV1223;Mavalla;;;;;
PROV1224;Holmfrid;;;;;
PROV1225;Haldis;;;;;
PROV1226;Ondrir;;;;;
PROV1227;Sihizi;;;;;
PROV1228;Ez'shar;;;;;
PROV1229;Kelqe;;;;;
PROV1230;Sapatex;;;;;
PROV1231;Thadner;;;;;
PROV1232;Gel'qi;;;;;
PROV1233;Zevi;;;;;
PROV1234;Enelqa;;;;;
PROV1235;Dragon Sanctuary;;;;;
PROV1236;Hjeijadr;;;;;
PROV1237;Verol'qyx;;;;;
PROV1238;Yatheme;;;;;
PROV1239;Gurvohuld;;;;;
PROV1240;Dayle;;;;;
PROV1241;Okthax;;;;;
PROV1242;El'qa;;;;;
PROV1243;Eponine;;;;;
PROV1244;Tivihza;;;;;
PROV1245;Api;;;;;
PROV1246;Cylniyite;;;;;
PROV1247;Ticinar;;;;;
PROV1248;Kali;;;;;
PROV1249;Zelly;;;;;
PROV1250;Ilqebi;;;;;
PROV1251;Ilyssax;;;;;
PROV1252;Yssan'dy;;;;;
PROV1253;Estrid;;;;;
PROV1254;Thorun;;;;;
PROV1255;Tethadyss;;;;;
PROV1256;Adice;;;;;
PROV1257;Hartwell;;;;;
PROV1258;Ringica;;;;;
PROV1259;Ranveig;;;;;
PROV1260;Vejer;;;;;
PROV1261;Braras;;;;;
PROV1262;Hongreld;;;;;
PROV1263;Svanlaug;;;;;
PROV1264;Skoedir;;;;;
PROV1265;Styrbiorn;;;;;
PROV1266;Kaetilfast;;;;;
PROV1267;Tekild;;;;;
PROV1268;Hallstein;;;;;
PROV1269;Skialg;;;;;
PROV1270;Holmgavt;;;;;
PROV1271;Haeming;;;;;
PROV1272;Harvald;;;;;
PROV1273;Eid;;;;;
PROV1274;Hagi;;;;;
PROV1275;Eigmorg;;;;;
PROV1276;Liesar;;;;;
PROV1277;Thorbjorn;;;;;
PROV1278;Facan;;;;;
PROV1279;Norlynthi;;;;;
PROV1280;Qirora;;;;;
PROV1281;Orm;;;;;
PROV1282;Guthrum;;;;;
PROV1283;Byrnjolf;;;;;
PROV1284;Balki;;;;;
PROV1285;Varmod;;;;;
PROV1286;Greyard;;;;;
PROV1287;Kadenlald;;;;;
PROV1288;Ivrada;;;;;
PROV1289;Asgerd;;;;;
PROV1290;Rafarta;;;;;
PROV1291;Qleahmymina;;;;;
PROV1292;Cupudea;;;;;
PROV1293;Hallbera;;;;;
PROV1294;Rigmor;;;;;
PROV1295;Thel'ra;;;;;
PROV1296;Thaerica;;;;;
PROV1297;Gundercrea;;;;;
PROV1298;Werralcrea;;;;;
PROV1299;Eastern Stormrock;;;;;
PROV1300;Western Stormrock;;;;;
PROV1301;Ursior;;;;;
PROV1302;Oestuath;;;;;
PROV1303;Theinocaash;;;;;
PROV1304;Matrshon;;;;;
PROV1305;Frulthuul;;;;;
PROV1306;General's Bay;;;;;
PROV1307;Eanduur;;;;;
PROV1308;Hermgela;;;;;
PROV1309;Avnacrea;;;;;
PROV1310;Phiehmavus;;;;;
PROV1311;Kolara;;;;;
PROV1312;Aurora;;;;;
PROV1313;Meyuvon Falls;;;;;
PROV1314;Stonvaal;;;;;
PROV1315;Creingolosh;;;;;
PROV1316;Winter's Peak;;;;;
PROV1317;Winter's Shore;;;;;
PROV1318;Winter's Hold;;;;;
PROV1319;The Edge;;;;;
PROV1320;East Edge;;;;;
PROV1321;West Edge;;;;;
PROV1322;Riglone;;;;;
PROV1323;Bay of Shen;;;;;
PROV1324;Esben;;;;;
PROV1325;Asellen;;;;;
PROV1326;Celli;;;;;
PROV1327;Jarnfell Pass;;;;;
PROV1328;Jarnfell Peak;;;;;
PROV1329;West Jarnfell Ridge;;;;;
PROV1330;East Jarnfell Ridge;;;;;
PROV1331;Green Coast;;;;;
PROV1332;Orlaara;;;;;
PROV1333;Crane Shore;;;;;
PROV1334;Cek'tah;;;;;
PROV1335;Meyovon;;;;;
PROV1336;The Sisters;;;;;
PROV1337;Steinvor;;;;;
PROV1338;Greater Hvalcrea;;;;;
PROV1339;Isgerd;;;;;
PROV1340;Jaw's End;;;;;
PROV1341;Qicius;;;;;
PROV1342;Shonjaat;;;;;
PROV1343;Isle of Roots;;;;;
PROV1344;Cold Divines;;;;;
PROV1345;Jorun;;;;;
PROV1346;Vigla;;;;;
PROV1347;Mirnwe;;;;;
PROV1348;Syljaarn;;;;;
PROV1349;Agnarta;;;;;
PROV1350;Hertja;;;;;
PROV1351;Vianit;;;;;
PROV1352;Krinvros;;;;;
PROV1353;Melveni;;;;;
PROV1354;Congenic;;;;;
PROV1355;Pasithelle;;;;;
PROV1356;Mesede;;;;;
PROV1357;Abalise;;;;;
PROV1358;Emrael;;;;;
PROV1359;Themisto;;;;;
PROV1360;Moexi;;;;;
PROV1361;Piareili;;;;;
PROV1362;Ken Lo;;;;;
PROV1363;Dopiara;;;;;
PROV1364;Neomorise;;;;;
PROV1365;Zenivrus;;;;;
PROV1366;Dirolni;;;;;
PROV1367;Bralfaik;;;;;
PROV1368;Dreigno;;;;;
PROV1369;Nanexi;;;;;
PROV1370;Ghezaet;;;;;
PROV1371;Erdrigud;;;;;
PROV1372;Siamorsieh;;;;;
PROV1373;Agnush;;;;;
PROV1374;Egne;;;;;
PROV1375;Inrudi;;;;;
PROV1376;Airsod;;;;;
PROV1377;Thelno;;;;;
PROV1378;Phelaro;;;;;
PROV1379;Alurn;;;;;
PROV1380;Shu' Ran;;;;;
PROV1381;Nu' Sek;;;;;
PROV1382;Zhong Kai;;;;;
PROV1383;Mei Sak;;;;;
PROV1384;Ho' Teng;;;;;
PROV1385;Pak Lin;;;;;
PROV1386;Almanne;;;;;
PROV1387;Cicorard;;;;;
PROV1388;Maarkrod;;;;;
PROV1389;Uleane;;;;;
PROV1390;Driophione;;;;;
PROV1391;Diaziane;;;;;
PROV1392;Shaixane;;;;;
PROV1393;Teittine;;;;;
PROV1394;Laihette;;;;;
PROV1395;Mirion;;;;;
PROV1396;Gelnori;;;;;
PROV1397;Ilica;;;;;
PROV1398;Liang Pao;;;;;
PROV1399;Tei Mok;;;;;
PROV1400;Wei Shu;;;;;
PROV1401;Al-Kamal;;;;;
PROV1402;Kemra;;;;;
PROV1403;Kamala;;;;;
PROV1404;Dirlath;;;;;
PROV1405;Kialde;;;;;
PROV1406;Idera;;;;;
PROV1407;Egovrith;;;;;
PROV1408;Vigna;;;;;
PROV1409;Thaegebil;;;;;
PROV1410;Ihase;;;;;
PROV1411;Felfio;;;;;
PROV1412;Edena;;;;;
PROV1413;Asselu;;;;;
PROV1414;Botry;;;;;
PROV1415;Thordun;;;;;
PROV1416;Treuine;;;;;
PROV1417;Kesili;;;;;
PROV1418;Lalya;;;;;
PROV1419;Dhonniht;;;;;
PROV1420;Parrira;;;;;
PROV1421;Odpindaar;;;;;
PROV1422;Dhineri;;;;;
PROV1423;Mys'yah;;;;;
PROV1424;Tirdrec;;;;;
PROV1425;Agnirid;;;;;
PROV1426;Prathara;;;;;
PROV1427;Jerbronheim;;;;;
PROV1428;Cashica;;;;;
PROV1429;Evidi;;;;;
PROV1430;Tubefiere;;;;;
PROV1431;Ianrus;;;;;
PROV1432;Lathilda;;;;;
PROV1433;Mametra;;;;;
PROV1434;Wuthwahl;;;;;
PROV1435;Muna;;;;;
PROV1436;Vita;;;;;
PROV1437;Ribalora;;;;;
PROV1438;Sotema;;;;;
PROV1439;Lutrattedra;;;;;
PROV1440;Petha;;;;;
PROV1441;Cadhrendo;;;;;
PROV1442;Raksi;;;;;
PROV1443;Edvi;;;;;
PROV1444;Vile;;;;;
PROV1445;Vrestebal;;;;;
PROV1446;Odharma;;;;;
PROV1447;Larya;;;;;
PROV1448;Obeane;;;;;
PROV1449;Iaunes;;;;;
PROV1450;Fiesynes;;;;;
PROV1451;Cidarma;;;;;
PROV1452;Latrami;;;;;
PROV1453;Fobaut;;;;;
PROV1454;Ranudent;;;;;
PROV1455;Zinhophe;;;;;
PROV1456;Cashie;;;;;
PROV1457;Eaulvelle;;;;;
PROV1458;Kuinuste;;;;;
PROV1459;Gilard;;;;;
PROV1460;Rioseone;;;;;
PROV1461;Lioviane;;;;;
PROV1462;Toorfolein;;;;;
PROV1463;Depitte;;;;;
PROV1464;Lirelle;;;;;
PROV1465;Hipaux;;;;;
PROV1466;Phayenalore;;;;;
PROV1467;Kmidiina;;;;;
PROV1468;Winvyre;;;;;
PROV1469;Thertihne;;;;;
PROV1470;Xilanys;;;;;
PROV1471;Elistine;;;;;
PROV1472;Ophitrana;;;;;
PROV1473;Krifaen;;;;;
PROV1474;Elitihne;;;;;
PROV1475;Fhabwynn;;;;;
PROV1476;Yestihne;;;;;
PROV1477;Relkaen;;;;;
PROV1478;Galzira;;;;;
PROV1479;Quelynn;;;;;
PROV1480;Winnys;;;;;
PROV1481;Olpisys;;;;;
PROV1482;Eliona;;;;;
PROV1483;Faebwynn;;;;;
PROV1484;Xilstine;;;;;
PROV1485;Thersys;;;;;
PROV1486;Marepisys;;;;;
PROV1487;Mawalyn;;;;;
PROV1488;Alytrana;;;;;
PROV1489;Darnalore;;;;;
PROV1490;Unanalore;;;;;
PROV1491;Qirila;;;;;
PROV1492;Alyaerys;;;;;
PROV1493;Xyrhophe;;;;;
PROV1494;Saelcharis;;;;;
PROV1495;Lespisys;;;;;
PROV1496;Xyrmalis;;;;;
PROV1497;Alyxipha;;;;;
PROV1498;Cohophe;;;;;
PROV1499;Maseris;;;;;
PROV1500;Alustine;;;;;
PROV1501;Darwalyn;;;;;
PROV1502;Jenpisys;;;;;
PROV1503;Venrila;;;;;
PROV1504;Vylmythe;;;;;
PROV1505;Yescerys;;;;;
PROV1506;Yeskilia;;;;;
PROV1507;Faetrana;;;;;
PROV1508;Relfine;;;;;
PROV1509;Krikaen;;;;;
PROV1510;Leszenya;;;;;
PROV1511;Zelxaris;;;;;
PROV1512;Xilona;;;;;
PROV1513;Bynbellis;;;;;
PROV1514;Zingalyn;;;;;
PROV1515;Marenyphe;;;;;
PROV1516;Prixipha;;;;;
PROV1517;Aluqarin;;;;;
PROV1518;Fhadiane;;;;;
PROV1519;Lorazenya;;;;;
PROV1520;Halygwynn;;;;;
PROV1521;Madove;;;;;
PROV1522;Vylhophe;;;;;
PROV1523;Unazenya;;;;;
PROV1524;Saftheris;;;;;
PROV1525;Alulynn;;;;;
PROV1526;Galrila;;;;;
PROV1527;Unaona;;;;;
PROV1528;Wolphira;;;;;
PROV1529;Halymae;;;;;
PROV1530;Norxipha;;;;;
PROV1531;Olnoa;;;;;
PROV1532;Delpisys;;;;;
PROV1533;Yllrora;;;;;
PROV1534;Loracerys;;;;;
PROV1535;Tylgalyn;;;;;
PROV1536;Zinnalore;;;;;
PROV1537;Iizfrod;;;;;
PROV1538;Zinhana;;;;;
PROV1539;Keyrona;;;;;
PROV1540;Kysdiane;;;;;
PROV1541;Jenfaen;;;;;
PROV1542;Cotihne;;;;;
PROV1543;Zelfine;;;;;
PROV1544;Halyyaries;;;;;
PROV1545;Irozira;;;;;
PROV1546;Qisys;;;;;
PROV1547;Milfarn;;;;;
PROV1548;Jentheris;;;;;
PROV1549;Therxipha;;;;;
PROV1550;Safvyre;;;;;
PROV1551;Zelkilia;;;;;
PROV1552;Jenkilia;;;;;
PROV1553;Zintris;;;;;
PROV1554;Priorriene;;;;;
PROV1555;Luimant;;;;;
PROV1556;Cuxeux;;;;;
PROV1557;Savarna;;;;;
PROV1558;Atiliana;;;;;
PROV1559;Kleora;;;;;
PROV1560;Lephice;;;;;
PROV1561;Ileneira;;;;;
PROV1562;Edent;;;;;
PROV1563;Rhanis;;;;;
PROV1564;Praxithea;;;;;
PROV1565;Kleodora;;;;;
PROV1566;Ban'zu;;;;;
PROV1567;Petoria;;;;;
PROV1568;Coxaris;;;;;
PROV1569;Ileaerys;;;;;
PROV1570;Yonren;;;;;
PROV1571;Thercharis;;;;;
PROV1572;Kyshophe;;;;;
PROV1573;Hotrana;;;;;
PROV1574;Ophiqwyn;;;;;
PROV1575;Iroxipha;;;;;
PROV1576;Thoseilise;;;;;
PROV1577;Adina;;;;;
PROV1578;Isith;;;;;
PROV1579;Ama;;;;;
PROV1580;Lonnere;;;;;
PROV1581;Mucosa;;;;;
PROV1582;Fernis;;;;;
PROV1583;Cireithe;;;;;
PROV1584;Radruj;;;;;
PROV1585;Digek;;;;;
PROV1586;Miotid;;;;;
PROV1587;Dialnol;;;;;
PROV1588;Vananti;;;;;
PROV1589;Gythod;;;;;
PROV1590;Escala;;;;;
PROV1591;Messeusa;;;;;
PROV1592;Ban'ma;;;;;
PROV1593;Diososise;;;;;
PROV1594;Pellitorina;;;;;
PROV1595;Krovra;;;;;
PROV1596;Irneco;;;;;
PROV1597;Elmel;;;;;
PROV1598;Vyltheris;;;;;
PROV1599;Chaegella;;;;;
PROV1600;Nortrana;;;;;
PROV1601;Kaalda;;;;;
PROV1602;Sanru;;;;;
PROV1603;Safala;;;;;
PROV1604;Dhendej;;;;;
PROV1605;Irdinek;;;;;
PROV1606;Zesixhi;;;;;
PROV1607;Nyshiphia;;;;;
PROV1608;Selestia;;;;;
PROV1609;Kita;;;;;
PROV1610;Thongi;;;;;
PROV1611;Zersenuh;;;;;
PROV1612;Visarran;;;;;
PROV1613;Relaena;;;;;
PROV1614;Seshaxedus;;;;;
PROV1615;Thesithe;;;;;
PROV1616;Dhassirrah;;;;;
PROV1617;Rilreh;;;;;
PROV1618;Aerea;;;;;
PROV1619;Alirriden;;;;;
PROV1620;Ezygin;;;;;
PROV1621;Roseris;;;;;
PROV1622;Ban'ka;;;;;
PROV1623;Agedeluj;;;;;
PROV1624;Phalusi;;;;;
PROV1625;Eyteliana;;;;;
PROV1626;Inegari;;;;;
PROV1627;Eddek;;;;;
PROV1628;Kisephine;;;;;
PROV1629;Renduk;;;;;
PROV1630;Virissi;;;;;
PROV1631;Erdire;;;;;
PROV1632;Dilij;;;;;
PROV1633;Megala;;;;;
PROV1634;Abu;;;;;
PROV1635;Pherenia;;;;;
PROV1636;Ilvuh;;;;;
PROV1637;Idaphise;;;;;
PROV1638;Alisma;;;;;
PROV1639;Ezaxas;;;;;
PROV1640;Kathosi;;;;;
PROV1641;Aelais;;;;;
PROV1642;Tsutli;;;;;
PROV1643;Lasso;;;;;
PROV1644;Pothrang;;;;;
PROV1645;Saphypso;;;;;
PROV1646;Razngem;;;;;
PROV1647;Olithymes;;;;;
PROV1648;Jun-Kamal;;;;;
PROV1649;Egua;;;;;
PROV1650;Yvedi;;;;;
PROV1651;Azzilan;;;;;
PROV1652;Ralla;;;;;
PROV1653;Dhirra;;;;;
PROV1654;Messelise;;;;;
PROV1655;Celosia;;;;;
PROV1656;Jintao;;;;;
PROV1657;Euphanise;;;;;
PROV1658;Aphixera;;;;;
PROV1659;Nixesi;;;;;
PROV1660;Incana;;;;;
PROV1661;Erseh;;;;;
PROV1662;Ko;;;;;
PROV1663;Fo;;;;;
PROV1664;Reselor;;;;;
PROV1665;Norkaen;;;;;
PROV1666;Unamalis;;;;;
PROV1667;Kysbwynn;;;;;
PROV1668;Idaphethe;;;;;
PROV1669;Phacelia;;;;;
PROV1670;Chilve;;;;;
PROV1671;Dhazare;;;;;
PROV1672;Senryridin;;;;;
PROV1673;Difen;;;;;
PROV1674;Oriphanea;;;;;
PROV1675;Seleda;;;;;
PROV1676;Castethia;;;;;
PROV1677;Cembra;;;;;
PROV1678;Synallia;;;;;
PROV1679;Killie;;;;;
PROV1680;Lo;;;;;
PROV1681;Ylnessek;;;;;
PROV1682;Ashiasse;;;;;
PROV1683;Kissithis;;;;;
PROV1684;Daphosise;;;;;
PROV1685;Nydraxih;;;;;
PROV1686;Salaphali;;;;;
PROV1687;To;;;;;
PROV1688;Menrus;;;;;
PROV1689;Vinde;;;;;
PROV1690;Oenethera;;;;;
PROV1691;Eshyai;;;;;
PROV1692;Vitym;;;;;
PROV1693;Ufoil;;;;;
PROV1694;Thefo;;;;;
PROV1695;Othno;;;;;
PROV1696;Typha;;;;;
PROV1697;Mefissaj;;;;;
PROV1698;Ynni;;;;;
PROV1699;Rylak;;;;;
PROV1700;Sigen;;;;;
PROV1701;Umpa;;;;;
PROV1702;Lysiphoia;;;;;
PROV1703;Othreila;;;;;
PROV1704;Corneloris;;;;;
PROV1705;Vyssasaj;;;;;
PROV1706;Lumpa;;;;;
PROV1707;Shandare;;;;;
PROV1708;Kelis;;;;;
PROV1709;Psalanise;;;;;
PROV1710;Isaia;;;;;
PROV1711;Thesinix;;;;;
PROV1712;Neselia;;;;;
PROV1713;Maira;;;;;
PROV1714;Nassella;;;;;
PROV1715;Kadaxaj;;;;;
PROV1716;Iasaeia;;;;;
PROV1717;Zyvu;;;;;
PROV1718;Elraxhaxus;;;;;
PROV1719;Zersih;;;;;
PROV1720;Ersuh;;;;;
PROV1721;Zyzaxhe;;;;;
PROV1722;Gyldisien;;;;;
PROV1723;Ylexa;;;;;
PROV1724;Veris;;;;;
PROV1725;Zelhana;;;;;
PROV1726;Olwaris;;;;;
PROV1727;Arnoa;;;;;
PROV1728;Saelqarin;;;;;
PROV1729;Carwaris;;;;;
PROV1730;Ilemae;;;;;
PROV1731;Koda;;;;;
PROV1732;Quepisys;;;;;
PROV1733;Deltrana;;;;;
PROV1734;Elasu;;;;;
PROV1735;Kesi;;;;;
PROV1736;Bo;;;;;
PROV1737;Regi;;;;;
PROV1738;Zeuxephila;;;;;
PROV1739;Eupheila;;;;;
PROV1740;Phoessei;;;;;
PROV1741;Adozelia;;;;;
PROV1742;Prosaphaura;;;;;
PROV1743;Ethimelle;;;;;
PROV1744;Dhelle;;;;;
PROV1745;Klephaxise;;;;;
PROV1746;Isalise;;;;;
PROV1747;Tang Mo;;;;;
PROV1748;Thespice;;;;;
PROV1749;Messithise;;;;;
PROV1750;Mo'shen;;;;;
PROV1751;Galrek;;;;;
PROV1752;Kyscerys;;;;;
PROV1753;Reltrana;;;;;
PROV1754;Gifelor;;;;;
PROV1755;Osagia;;;;;
PROV1756;Unathana;;;;;
PROV1757;Ban'feng;;;;;
PROV1758;Praxossia;;;;;
PROV1759;Latifolia;;;;;
PROV1760;Xhazi;;;;;
PROV1761;Kellassen;;;;;
PROV1762;Eucaloris;;;;;
PROV1763;Menodice;;;;;
PROV1764;Osane;;;;;
PROV1765;Shamiene;;;;;
PROV1766;Athrili;;;;;
PROV1767;Trieveaux;;;;;
PROV1768;Tunexi;;;;;
PROV1769;Te' Kang;;;;;
PROV1770;Rimiline;;;;;
PROV1771;Tsaexi;;;;;
PROV1772;Brodie;;;;;
PROV1773;Peihilmei;;;;;
PROV1774;Te' Sha;;;;;
PROV1775;Mu Tan;;;;;
PROV1776;Suk Shek;;;;;
PROV1777;Shan Tus;;;;;
PROV1778;Kas Ko;;;;;
PROV1779;Cavaspho;;;;;
PROV1780;Hadae;;;;;
PROV1781;Dao;;;;;
PROV1782;Rhikkir;;;;;
PROV1783;Roku;;;;;
PROV1784;Jeanlaerla;;;;;
PROV1785;Zheirroth;;;;;
PROV1786;Lhithiellah;;;;;
PROV1787;Qheiqo;;;;;
PROV1788;Zhaknis;;;;;
PROV1789;Werrae;;;;;
PROV1790;Shaiphant;;;;;
PROV1791;Kuselle;;;;;
PROV1792;Ellinne;;;;;
PROV1793;Vanrelei;;;;;
PROV1794;Aenda;;;;;
PROV1795;Breasuet;;;;;
PROV1796;Tilrunna;;;;;
PROV1797;Lhik'zas;;;;;
PROV1798;Ran' Shu;;;;;
PROV1799;Naelamin;;;;;
PROV1800;Hicie;;;;;
PROV1801;Qhaluh;;;;;
PROV1802;Laflures;;;;;
PROV1803;Upiane;;;;;
PROV1804;Vessione;;;;;
PROV1805;Tempherei;;;;;
PROV1806;Kalipa;;;;;
PROV1807;Elageiros;;;;;
PROV1808;Melliata;;;;;
PROV1809;Anqid;;;;;
PROV1810;Carsys;;;;;
PROV1811;Gisethaela;;;;;
PROV1812;Karesse;;;;;
PROV1813;Cedo;;;;;
PROV1814;Anras;;;;;
PROV1815;Laeyna;;;;;
PROV1816;Sydrel;;;;;
PROV1817;Niffo;;;;;
PROV1818;Theven;;;;;
PROV1819;Medi;;;;;
PROV1820;Solnarhes;;;;;
PROV1821;Khelgarth;;;;;
PROV1822;Naeshefei;;;;;
PROV1823;Faze;;;;;
PROV1824;Katan;;;;;
PROV1825;Warro;;;;;
PROV1826;Nato;;;;;
PROV1827;Neagufanc;;;;;
PROV1828;Merri;;;;;
PROV1829;Leisa;;;;;
PROV1830;Qaall-Relus;;;;;
PROV1831;Daori;;;;;
PROV1832;Gan Sho;;;;;
PROV1833;Deng Ki;;;;;
PROV1834;Zhao Mei;;;;;
PROV1835;Lin' Po;;;;;
PROV1836;Wen Kuo;;;;;
PROV1837;Healmerro;;;;;
PROV1838;Deho;;;;;
PROV1839;Gulong;;;;;
PROV1840;Kide;;;;;
PROV1841;Aelanea;;;;;
PROV1842;Vathelrae;;;;;
PROV1843;Kyleane;;;;;
PROV1844;Kawan;;;;;
PROV1845;Pelanro;;;;;
PROV1846;Theavei;;;;;
PROV1847;Tithei;;;;;
PROV1848;Telnaedrin;;;;;
PROV1849;Alewae;;;;;
PROV1850;Daledine;;;;;
PROV1851;Mevei;;;;;
PROV1852;Elaine;;;;;
PROV1853;Talnefi;;;;;
PROV1854;Sharverri;;;;;
PROV1855;Tevat;;;;;
PROV1856;Eshinyi;;;;;
PROV1857;Aurlone;;;;;
PROV1858;Ileleane;;;;;
PROV1859;Orreane;;;;;
PROV1860;Kamo;;;;;
PROV1861;Sedtanni;;;;;
PROV1862;Kaexi;;;;;
PROV1863;Shu Nish;;;;;
PROV1864;Qi' Shan;;;;;
PROV1865;Lyalda;;;;;
PROV1866;Amorraeaena;;;;;
PROV1867;Kei No;;;;;
PROV1868;Tameandra;;;;;
PROV1869;Kelnaewe;;;;;
PROV1870;Kaza-Xhelvara;;;;;
PROV1871;Ra' Sen;;;;;
PROV1872;Tang Shu;;;;;
PROV1873;Ke' Tun;;;;;
PROV1874;Guo Mei;;;;;
PROV1875;Rui' Lan;;;;;
PROV1876;En' Pak;;;;;
PROV1877;Tao Kin;;;;;
PROV1878;Zanexi;;;;;
PROV1879;Ju' Shen;;;;;
PROV1880;Luo Pek;;;;;
PROV1881;Bai Tuk;;;;;
PROV1882;Cao Tuk;;;;;
PROV1883;Jin Kesh;;;;;
PROV1884;Ban Po;;;;;
PROV1885;Xue Shan;;;;;
PROV1886;Pan' Tao;;;;;
PROV1887;Silopei;;;;;
PROV1888;Tong Lai;;;;;
PROV1889;Eriophai;;;;;
PROV1890;Oriphone;;;;;
PROV1891;Liu Sak;;;;;
PROV1892;Zhen Po;;;;;
PROV1893;Yong Sha;;;;;
PROV1894;Tereine;;;;;
PROV1895;Han' Mei;;;;;
PROV1896;Jhaotun Riverport;;;;;
PROV1897;Jhaotun;;;;;
PROV1898;Fei' Kun;;;;;
PROV1899;Dong Mei;;;;;
PROV1900;Hui Sek;;;;;
PROV1901;Fan Kuo;;;;;
PROV1902;He' Mao;;;;;
PROV1903;Ting Sha;;;;;
PROV1904;Dai Kin;;;;;
PROV1905;Shen Pai;;;;;
PROV1906;Wu' Nak;;;;;
PROV1907;Qing Lo;;;;;
PROV1908;Fu' Shek;;;;;
PROV1909;Lei' Mun;;;;;
PROV1910;Albant;;;;;
PROV1911;Dar'hax;;;;;
PROV1912;Dar'hax Port;;;;;
PROV1913;Avert;;;;;
PROV1914;Ri Pong;;;;;
PROV1915;Han Tuk;;;;;
PROV1916;Bo' Sak;;;;;
PROV1917;Pochuan;;;;;
PROV1918;Yu Kesh;;;;;
PROV1919;Shi' Wen;;;;;
PROV1920;Keaupeur;;;;;
PROV1921;Glonoud;;;;;
PROV1922;Mirrelle;;;;;
PROV1923;Tialant;;;;;
PROV1924;Tennort;;;;;
PROV1925;So' Shi;;;;;
PROV1926;Rin Kuo;;;;;
PROV1927;To Shin;;;;;
PROV1928;Biyu;;;;;
PROV1929;Kon Mei;;;;;
PROV1930;So' Tesh;;;;;
PROV1931;Ra' Pus;;;;;
PROV1932;Na Tan;;;;;
PROV1933;Po' Rin;;;;;
PROV1934;Ra' Kang;;;;;
PROV1935;Ku' Ming;;;;;
PROV1936;Shan Po;;;;;
PROV1937;Long Sha;;;;;
PROV1938;Po'hax;;;;;
PROV1939;Sei Ku;;;;;
PROV1940;Mo' Kesh;;;;;
PROV1941;Kun Mo;;;;;
PROV1942;Pek Ma;;;;;
PROV1943;Na' Teng;;;;;
PROV1944;Dao Shek;;;;;
PROV1945;Yi' Pun;;;;;
PROV1946;Zan Kuo;;;;;
PROV1947;Shi' Tao;;;;;
PROV1948;Tang Mi;;;;;
PROV1949;Ning Sha;;;;;
PROV1950;Tai Pek;;;;;
PROV1951;Sen Ku';;;;;
PROV1952;Pak Nui;;;;;
PROV1953;Mei Lang;;;;;
PROV1954;Ki' Pon;;;;;
PROV1955;Pon Tsu;;;;;
PROV1956;Shi Sa;;;;;
PROV1957;Ka' Pen;;;;;
PROV1958;Nok Shu;;;;;
PROV1959;Meng Sha;;;;;
PROV1960;Rash Sho;;;;;
PROV1961;She Nong;;;;;
PROV1962;Ryu Kin;;;;;
PROV1963;Pei Ko;;;;;
PROV1964;Ki Mas;;;;;
PROV1965;Tei Pon;;;;;
PROV1966;Tu Kan;;;;;
PROV1967;Ohadhax;;;;;
PROV1968;Shen Liu;;;;;
PROV1969;Si Tung;;;;;
PROV1970;Men Tao;;;;;
PROV1971;Ra' Rush;;;;;
PROV1972;Mi Kin;;;;;
PROV1973;Lin Kash;;;;;
PROV1974;Wu Tang;;;;;
PROV1975;Ke' Sho;;;;;
PROV1976;Sa' Meng;;;;;
PROV1977;Ki Tan;;;;;
PROV1978;Nang King;;;;;
PROV1979;Ko' Resh;;;;;
PROV1980;Umitun;;;;;
PROV1981;Ke' Nu';;;;;
PROV1982;Ni Na;;;;;
PROV1983;So' Ming;;;;;
PROV1984;Tu' Mok;;;;;
PROV1985;Ra' Shin;;;;;
PROV1986;Kon Shi;;;;;
PROV1987;Sho Neng;;;;;
PROV1988;Ru Pek;;;;;
PROV1989;Ka' Shin;;;;;
PROV1990;Mei Pek;;;;;
PROV1991;Hui Shan;;;;;
PROV1992;Jianhax;;;;;
PROV1993;Peng Lo;;;;;
PROV1994;Kang Sha;;;;;
PROV1995;Tai' Mok;;;;;
PROV1996;Ang Shu;;;;;
PROV1997;Chu Lai;;;;;
PROV1998;Zheng Lo;;;;;
PROV1999;Yan Tok;;;;;
PROV2000;Tian Po;;;;;
PROV2001;Shen Ko;;;;;
PROV2002;Pu' Ming;;;;;
PROV2003;Xi' Teng;;;;;
PROV2004;Den Kuo;;;;;
PROV2005;Shi' Nu;;;;;
PROV2006;Dun Mei;;;;;
PROV2007;Mohax;;;;;
PROV2008;Kui' Sen;;;;;
PROV2009;Jie Pun;;;;;
PROV2010;Fa' Nak;;;;;
PROV2011;Xin Tao;;;;;
PROV2012;Ma' Pei;;;;;
PROV2013;Hao' Kun;;;;;
PROV2014;Wei Sho;;;;;
PROV2015;Mak Shu;;;;;
PROV2016;Ri' Ni;;;;;
PROV2017;Tosh Sho;;;;;
PROV2018;Ero;;;;;
PROV2019;Tethi;;;;;
PROV2020;Teatho;;;;;
PROV2021;Vetho;;;;;
PROV2022;Ki To;;;;;
PROV2023;Lukoexi;;;;;
PROV2024;Sho' Kin;;;;;
PROV2025;Themo;;;;;
PROV2026;Sa Ta;;;;;
PROV2027;Nosh Shek;;;;;
PROV2028;Re Ni;;;;;
PROV2029;Wei Shuren;;;;;
PROV2030;Pe' Lok;;;;;
PROV2031;No Pon;;;;;
PROV2032;Shu Mo;;;;;
PROV2033;Te Tu;;;;;
PROV2034;Zou Pek;;;;;
PROV2035;Shin Tang;;;;;
PROV2036;Sek Tun;;;;;
PROV2037;Miu Tang;;;;;
PROV2038;Sho Po;;;;;
PROV2039;Dreicoix;;;;;
PROV2040;Upheonne;;;;;
PROV2041;Phalagie;;;;;
PROV2042;Tun Sha;;;;;
PROV2043;Zhu Kesh;;;;;
PROV2044;Wang Tao;;;;;
PROV2045;Xiao Ming;;;;;
PROV2046;Mao Pek;;;;;
PROV2047;Tai' Shu;;;;;
PROV2048;Dar'mha;;;;;
PROV2049;Ru' Teng;;;;;
PROV2050;Actaea;;;;;
PROV2051;Sun' Kiang;;;;;
PROV2052;Bao Kesh;;;;;
PROV2053;Sei Mun;;;;;
PROV2054;Tien Sha;;;;;
PROV2055;Kuai Po;;;;;
PROV2056;Min Pe;;;;;
PROV2057;Tao' Rin;;;;;
PROV2058;Xin Pai;;;;;
PROV2059;Ku Shao;;;;;
PROV2060;Ping Sha;;;;;
PROV2061;Lao'Sencka;;;;;
PROV2062;Lu' Shen;;;;;
PROV2063;Wan Po;;;;;
PROV2064;Hei Lok;;;;;
PROV2065;Tsu Mei;;;;;
PROV2066;Resh Kash;;;;;
PROV2067;Nis Kin;;;;;
PROV2068;Mo Pi;;;;;
PROV2069;Rush Kesh;;;;;
PROV2070;Kabuto;;;;;
PROV2071;Ten Shok;;;;;
PROV2072;Po Kan;;;;;
PROV2073;Nan Po;;;;;
PROV2074;Lei Kang;;;;;
PROV2075;Kon Pak;;;;;
PROV2076;Yue' Kin;;;;;
PROV2077;Lan Shu;;;;;
PROV2078;Zhi Tang;;;;;
PROV2079;Shao Pi;;;;;
PROV2080;Chen Lo;;;;;
PROV2081;Wei' Lo;;;;;
PROV2082;Hui Nak;;;;;
PROV2083;Qin Sha;;;;;
PROV2084;Du' Meng;;;;;
PROV2085;Feng Po;;;;;
PROV2086;Tunhax;;;;;
PROV2087;Petrallea;;;;;
PROV2088;Mik Pun;;;;;
PROV2089;Sho' Kesha;;;;;
PROV2090;Muk Kish;;;;;
PROV2091;Thero;;;;;
PROV2092;Shu' Pei;;;;;
PROV2093;Kuk Poi;;;;;
PROV2094;Pe Ke;;;;;
PROV2095;Thalice;;;;;
PROV2096;Na' Sho;;;;;
PROV2097;Tsu Ren;;;;;
PROV2098;To' Ru;;;;;
PROV2099;Ying Lu;;;;;
PROV2100;Eriato;;;;;
PROV2101;Hyllis;;;;;
PROV2102;Cretheis;;;;;
PROV2103;Ka' Puu;;;;;
PROV2104;Hui' Tan;;;;;
PROV2105;Mi' Tun;;;;;
PROV2106;Yang Pao;;;;;
PROV2107;Chao Sek;;;;;
PROV2108;Tosh Raka;;;;;
PROV2109;Cetelno;;;;;
PROV2110;Azenne;;;;;
PROV2111;Syllaeinne;;;;;
PROV2112;Kiaza;;;;;
PROV2113;Ledni;;;;;
PROV2114;Tynlean;;;;;
PROV2115;Temevia;;;;;
PROV2116;Radresnu;;;;;
PROV2117;Nalridaxhu;;;;;
PROV2118;Zagysses;;;;;
PROV2119;Zhelnessah;;;;;
PROV2120;Gennah;;;;;
PROV2121;Arkanta;;;;;
PROV2122;Kelnej;;;;;
PROV2123;Saril;;;;;
PROV2124;Zhadra;;;;;
PROV2125;Ionith;;;;;
PROV2126;Tiecied;;;;;
PROV2127;Amnes;;;;;
PROV2128;Dhidra;;;;;
PROV2129;Aklamu;;;;;
PROV2130;Phengo;;;;;
PROV2131;Diesit;;;;;
PROV2132;Hetho;;;;;
PROV2133;Iecinzae;;;;;
PROV2134;Vastinda;;;;;
PROV2135;Laroith;;;;;
PROV2136;Isedrah;;;;;
PROV2137;Barzita;;;;;
PROV2138;Ryh;;;;;
PROV2139;Ros;;;;;
PROV2140;Sifalen;;;;;
PROV2141;Magerra;;;;;
PROV2142;Kigaxa;;;;;
PROV2143;Ozuith;;;;;
PROV2144;Dezonzo;;;;;
PROV2145;Kraigith;;;;;
PROV2146;Qaera;;;;;
PROV2147;Hiveya;;;;;
PROV2148;Kirrette;;;;;
PROV2149;Vala;;;;;
PROV2150;Lama;;;;;
PROV2151;Vanda;;;;;
PROV2152;Chesk;;;;;
PROV2153;Thrix;;;;;
PROV2154;Bonodea;;;;;
PROV2155;Ivheta;;;;;
PROV2156;Xegyot;;;;;
PROV2157;Pringanti;;;;;
PROV2158;Rugos;;;;;
PROV2159;Croeocius;;;;;
PROV2160;Chilrin;;;;;
PROV2161;Ilrilis;;;;;
PROV2162;Bethlas;;;;;
PROV2163;Temdri;;;;;
PROV2164;Dhis;;;;;
PROV2165;Nexas;;;;;
PROV2166;Ishyunith;;;;;
PROV2167;Elra;;;;;
PROV2168;Atrasa;;;;;
PROV2169;Thaes;;;;;
PROV2170;Versaduesci;;;;;
PROV2171;Rhiex;;;;;
PROV2172;Yauneth;;;;;
PROV2173;Oegnuira;;;;;
PROV2174;Heogloicus;;;;;
PROV2175;Zarascith;;;;;
PROV2176;Thisk;;;;;
PROV2177;Beryo;;;;;
PROV2178;Beiacath;;;;;
PROV2179;Bitra;;;;;
PROV2180;Ryllue;;;;;
PROV2181;Egelah;;;;;
PROV2182;Dhashe;;;;;
PROV2183;Ezzis;;;;;
PROV2184;Chayirzia;;;;;
PROV2185;Umsiuesci;;;;;
PROV2186;Cruthraxaz;;;;;
PROV2187;Vilragien;;;;;
PROV2188;Autaux;;;;;
PROV2189;Saulliene;;;;;
PROV2190;Naheois;;;;;
PROV2191;Furerat;;;;;
PROV2192;Rofax;;;;;
PROV2193;Yenqijes;;;;;
PROV2194;Thocha;;;;;
PROV2195;Thuceje;;;;;
PROV2196;Egixhalen;;;;;
PROV2197;Kendah;;;;;
PROV2198;Amastha;;;;;
PROV2199;Unqux;;;;;
PROV2200;Famucont;;;;;
PROV2201;Ekesuh;;;;;
PROV2202;Zikega;;;;;
PROV2203;Shonuz;;;;;
PROV2204;Chugeja;;;;;
PROV2205;Rocex;;;;;
PROV2206;Liomene;;;;;
PROV2207;Nucrexus;;;;;
PROV2208;Port Tsaesci;;;;;
PROV2209;Ophidian Island;;;;;
PROV2210;Tsaesci Riverport;;;;;
PROV2211;Tsaesci;;;;;
PROV2212;Temple Island;;;;;
PROV2213;Rake;;;;;
PROV2214;Xeijiq;;;;;
PROV2215;Aucuqoz;;;;;
PROV2216;Hona;;;;;
PROV2217;Icolqa;;;;;
PROV2218;Krenia;;;;;
PROV2219;Uccekos;;;;;
PROV2220;Agax;;;;;
PROV2221;Theshoqu;;;;;
PROV2222;Kanni;;;;;
PROV2223;Melyotta;;;;;
PROV2224;Dythala;;;;;
PROV2225;Rakouth;;;;;
PROV2226;Yamanith;;;;;
PROV2227;Thriax;;;;;
PROV2228;Aujouh;;;;;
PROV2229;Thigax;;;;;
PROV2230;Akogze;;;;;
PROV2231;Keksona;;;;;
PROV2232;Elnaxan;;;;;
PROV2233;Szosuinith;;;;;
PROV2234;Sheqa;;;;;
PROV2235;Ekothress;;;;;
PROV2236;Ronqus;;;;;
PROV2237;Necogyath;;;;;
PROV2238;Saviriesci;;;;;
PROV2239;Prejetri;;;;;
PROV2240;Angarma;;;;;
PROV2241;Patrinta;;;;;
PROV2242;Ecreth;;;;;
PROV2243;Thoreisk;;;;;
PROV2244;Othuria;;;;;
PROV2245;Vaar;;;;;
PROV2246;Jathla;;;;;
PROV2247;Hequcax;;;;;
PROV2248;Yurshi;;;;;
PROV2249;Dhenri;;;;;
PROV2250;Cleollabal;;;;;
PROV2251;Khabanta;;;;;
PROV2252;Beith;;;;;
PROV2253;Eptesma;;;;;
PROV2254;Tulfeina;;;;;
PROV2255;Laggard;;;;;
PROV2256;Halquh;;;;;
PROV2257;Yrshe;;;;;
PROV2258;Jeqet;;;;;
PROV2259;Yuksiq;;;;;
PROV2260;Phessoira;;;;;
PROV2261;Jattibal;;;;;
PROV2262;Crass;;;;;
PROV2263;Dhialdomih;;;;;
PROV2264;Dyzih;;;;;
PROV2265;Zynra;;;;;
PROV2266;Zalus;;;;;
PROV2267;Nyzzeras;;;;;
PROV2268;Rithri;;;;;
PROV2269;Ahith;;;;;
PROV2270;Crortaxa;;;;;
PROV2271;Aekes;;;;;
PROV2272;Eausie;;;;;
PROV2273;Ocute;;;;;
PROV2274;Zhannedu;;;;;
PROV2275;Acheru;;;;;
PROV2276;Nazzassa;;;;;
PROV2277;Plegniite;;;;;
PROV2278;Akarse;;;;;
PROV2279;Valleku;;;;;
PROV2280;Annuk;;;;;
PROV2281;Gelraxhi;;;;;
PROV2282;Inzaejosk;;;;;
PROV2283;Oratus;;;;;
PROV2284;Chayukri;;;;;
PROV2285;Ninderik;;;;;
PROV2286;Dindarri;;;;;
PROV2287;Udhila;;;;;
PROV2288;Khametsa;;;;;
PROV2289;Opoix;;;;;
PROV2290;Teledice;;;;;
PROV2291;Nidi;;;;;
PROV2292;Elyacya;;;;;
PROV2293;Keaugoport;;;;;
PROV2294;Beodonne;;;;;
PROV2295;Dhersuh;;;;;
PROV2296;Hode;;;;;
PROV2297;Definissi;;;;;
PROV2298;Epine;;;;;
PROV2299;Ylnu;;;;;
PROV2300;Seozeonne;;;;;
PROV2301;Trotione;;;;;
PROV2302;Elpanne;;;;;
PROV2303;Agrinne;;;;;
PROV2304;Tzuosci;;;;;
PROV2305;Priorrelle;;;;;
PROV2306;Ciediere;;;;;
PROV2307;Zuinith;;;;;
PROV2308;Fitard;;;;;
PROV2309;Nerie;;;;;
PROV2310;Iplette;;;;;
PROV2311;Phianitte;;;;;
PROV2312;Qeix;;;;;
PROV2313;Dere;;;;;
PROV2314;Gyryxedan;;;;;
PROV2315;Izs;;;;;
PROV2316;Rissie;;;;;
PROV2317;Suxant;;;;;
PROV2318;Nidyran;;;;;
PROV2319;Shiss;;;;;
PROV2320;Shaesci;;;;;
PROV2321;Kennak;;;;;
PROV2322;Nellyra;;;;;
PROV2323;Chiyothro;;;;;
PROV2324;Reli;;;;;
PROV2325;Khiax;;;;;
PROV2326;Taivri;;;;;
PROV2327;Aulbanne;;;;;
PROV2328;Ruland;;;;;
PROV2329;Melreku;;;;;
PROV2330;Eoryuesci;;;;;
PROV2331;Tuselle;;;;;
PROV2332;Krastri;;;;;
PROV2333;Surne;;;;;
PROV2334;Dagnass;;;;;
PROV2335;Gis;;;;;
PROV2336;Zenain;;;;;
PROV2337;Kynnun;;;;;
PROV2338;Diochionne;;;;;
PROV2339;Koldireh;;;;;
PROV2340;Endesun;;;;;
PROV2341;Ertaez;;;;;
PROV2342;Crethre;;;;;
PROV2343;Beceti;;;;;
PROV2344;Endue;;;;;
PROV2345;Jeautand;;;;;
PROV2346;Kherso;;;;;
PROV2347;Eiho;;;;;
PROV2348;Aro;;;;;
PROV2349;Osodi;;;;;
PROV2350;Eplix;;;;;
PROV2351;Szeladonith;;;;;
PROV2352;Pirroix;;;;;
PROV2353;Clamoux;;;;;
PROV2354;Dhelnis;;;;;
PROV2355;Astrie;;;;;
PROV2356;Thah;;;;;
PROV2357;Khrerha;;;;;
PROV2358;Heshras;;;;;
PROV2359;Midix;;;;;
PROV2360;Broussont;;;;;
PROV2361;Couleaux;;;;;
PROV2362;Lauhane;;;;;
PROV2363;Gixoix;;;;;
PROV2364;Kaidoux;;;;;
PROV2365;Utene;;;;;
PROV2366;Chimnith;;;;;
PROV2367;Vuisins;;;;;
PROV2368;Heautene;;;;;
PROV2369;Cleaumie;;;;;
PROV2370;Ebritte;;;;;
PROV2371;Ranchier;;;;;
PROV2372;Nuimain;;;;;
PROV2373;Aubrianne;;;;;
PROV2374;Sheldi;;;;;
PROV2375;Klish'ta;;;;;
PROV2376;Rhovu;;;;;
PROV2377;Zakacath;;;;;
PROV2378;Yaonith;;;;;
PROV2379;Jenena;;;;;
PROV2380;Yesxalim;;;;;
PROV2381;Klicad;;;;;
PROV2382;Xyrwarin;;;;;
PROV2383;Edeluna;;;;;
PROV2384;Fumone;;;;;
PROV2385;Ofiene;;;;;
PROV2386;Praumeane;;;;;
PROV2387;Proneonne;;;;;
PROV2388;Tiegont;;;;;
PROV2389;Kerdieh;;;;;
PROV2390;Traisent;;;;;
PROV2391;Zeauhane;;;;;
PROV2392;Ysun;;;;;
PROV2393;Anette;;;;;
PROV2394;Dipond;;;;;
PROV2395;Eziduesci;;;;;
PROV2396;Zincaryn;;;;;
PROV2397;Auleone;;;;;
PROV2398;Dabent;;;;;
PROV2399;Asheeli;;;;;
PROV2400;Orraux;;;;;
PROV2401;Khiasecih;;;;;
PROV2402;Sairhoth'iel;;;;;
PROV2403;Zhiek'zi;;;;;
PROV2404;Zhok'thiecha;;;;;
PROV2405;Erinith;;;;;
PROV2406;Zilni;;;;;
PROV2407;Ovi;;;;;
PROV2408;Rhenquth;;;;;
PROV2409;Nantalli;;;;;
PROV2410;Lhanter;;;;;
PROV2411;Chishre;;;;;
PROV2412;Ilod;;;;;
PROV2413;Shanexi;;;;;
PROV2414;Khrilshucheh;;;;;
PROV2415;Qhasni;;;;;
PROV2416;Lhiva;;;;;
PROV2417;Teamaut;;;;;
PROV2418;Lepanne;;;;;
PROV2419;Qhillith'o;;;;;
PROV2420;Zhenchi;;;;;
PROV2421;Zeik'sa;;;;;
PROV2422;Qhivor;;;;;
PROV2423;Cheshessid;;;;;
PROV2424;Ifeaux;;;;;
PROV2425;Befent;;;;;
PROV2426;Vauline;;;;;
PROV2427;Olvent;;;;;
PROV2428;Alionne;;;;;
PROV2429;Zakna;;;;;
PROV2430;Jerveysun;;;;;
PROV2431;Qothvith;;;;;
PROV2432;Polmadia;;;;;
PROV2433;Julaav;;;;;
PROV2434;Negin;;;;;
PROV2435;Ifa;;;;;
PROV2436;Elzaqess;;;;;
PROV2437;Methbereth;;;;;
PROV2438;Thamnel;;;;;
PROV2439;Gilgael;;;;;
PROV2440;Donae;;;;;
PROV2441;Ebon Ro;;;;;
PROV2442;Springgrove;;;;;
PROV2443;Do'Krin;;;;;
PROV2444;Maw of Lorkhaj;;;;;
PROV2445;Theoil;;;;;
PROV2446;Selene's Web;;;;;
PROV2447;River Edge;;;;;
PROV2448;Silvenar;;;;;
PROV2449;Divine Entreaty;;;;;
PROV2450;Timberwind;;;;;
PROV2451;Silvenar Roots;;;;;
PROV2452;Glenpoint Woods;;;;;
PROV2453;The Underroot;;;;;
PROV2454;Oakbrook;;;;;
PROV2455;Cori Silmoor;;;;;
PROV2456;Sweetbreeze;;;;;
PROV2457;Oakenwood;;;;;
PROV2458;Bluestone;;;;;
PROV2459;Uurnafil;;;;;
PROV2460;Selillas;;;;;
PROV2461;Springstone;;;;;
PROV2462;Grey Mire;;;;;
PROV2463;Eagle Vale;;;;;
PROV2464;Pinevale;;;;;
PROV2465;Pinepool;;;;;
PROV2466;Dornhollow;;;;;
PROV2467;Dragon's Lair;;;;;
PROV2468;Cormeir Spring;;;;;
PROV2469;Solace's Fen;;;;;
PROV2470;Elmmire;;;;;
PROV2471;Elrahel;;;;;
PROV2472;Bramblebreach;;;;;
PROV2473;Bluepool;;;;;
PROV2474;Mosswing;;;;;
PROV2475;Cliffshade;;;;;
PROV2476;Nileneth;;;;;
PROV2477;Pinedale;;;;;
PROV2478;Gil-Var-Delle;;;;;
PROV2479;Fernshade;;;;;
PROV2480;Aglrihill;;;;;
PROV2481;Springvale;;;;;
PROV2482;Uedir;;;;;
PROV2483;Adanael;;;;;
PROV2484;Pelda Tarn;;;;;
PROV2485;Carac Dena;;;;;
PROV2486;Greenheart;;;;;
PROV2487;Bouldertree;;;;;
PROV2488;Hollow Den;;;;;
PROV2489;Labyrinth;;;;;
PROV2490;Lichenrock;;;;;
PROV2491;Bluewind;;;;;
PROV2492;Twin Falls;;;;;
PROV2493;Oakwood;;;;;
PROV2494;Timberdale;;;;;
PROV2495;Nightgrove;;;;;
PROV2496;Malabar Gate;;;;;
PROV2497;Acorngrass;;;;;
PROV2498;Angon;;;;;
PROV2499;Deathsong Cleft;;;;;
PROV2500;Roserock;;;;;
PROV2501;Black Park;;;;;
PROV2502;Hectahame;;;;;
PROV2503;Celeae;;;;;
PROV2504;Shadybranch;;;;;
PROV2505;Summer Site;;;;;
PROV2506;Mandbereth;;;;;
PROV2507;Stranglewatch;;;;;
PROV2508;Dra'bul;;;;;
PROV2509;Woodhearth;;;;;
PROV2510;Woodhearth Port;;;;;
PROV2511;Tree-Ring;;;;;
PROV2512;Sagerun;;;;;
PROV2513;Crocodile Mire;;;;;
PROV2514;Reconnaissance Lake;;;;;
PROV2515;Serpent's Grotto;;;;;
PROV2516;Rootwatch;;;;;
PROV2517;Rulanyil's Fall;;;;;
PROV2518;Applegrass;;;;;
PROV2519;Adaesse;;;;;
PROV2520;Belwilyn;;;;;
PROV2521;Willowshade;;;;;
PROV2522;Ne Salas;;;;;
PROV2523;Duskwing;;;;;
PROV2524;Crimson Cove;;;;;
PROV2525;Dead Man's Drop;;;;;
PROV2526;Fuller's Break;;;;;
PROV2527;Broken Coast;;;;;
PROV2528;Applepool;;;;;
PROV2529;Adandhael;;;;;
PROV2530;Applerock;;;;;
PROV2531;Bluelock;;;;;
PROV2532;Barkwing;;;;;
PROV2533;Vineshade;;;;;
PROV2534;Eineneth;;;;;
PROV2535;Laenlin;;;;;
PROV2536;Brackenleaf;;;;;
PROV2537;Kirshiron;;;;;
PROV2538;Greenshade;;;;;
PROV2539;Bloodtoil Valley;;;;;
PROV2540;Belarata;;;;;
PROV2541;Anedril;;;;;
PROV2542;Valanir's Rest;;;;;
PROV2543;Seedwing;;;;;
PROV2544;Riverlock;;;;;
PROV2545;Willowpool;;;;;
PROV2546;Vulk Woods;;;;;
PROV2547;Vulkwasten;;;;;
PROV2548;Jagged Grotto;;;;;
PROV2549;Anehil;;;;;
PROV2550;Moonmont;;;;;
PROV2551;Pinethorn;;;;;
PROV2552;Waterdancer Falls;;;;;
PROV2553;Erthinor;;;;;
PROV2554;Tanglehaven;;;;;
PROV2555;Hyninthil;;;;;
PROV2556;Niveneth;;;;;
PROV2557;Greensky;;;;;
PROV2558;Gelwen;;;;;
PROV2559;Verrant Morass;;;;;
PROV2560;Naetneth;;;;;
PROV2561;Softblossom;;;;;
PROV2562;Kaaaelyn;;;;;
PROV2563;Celeawen;;;;;
PROV2564;Shadybrook;;;;;
PROV2565;Sleepy Senche;;;;;
PROV2566;Gildaeneth;;;;;
PROV2567;Elmlock;;;;;
PROV2568;Ciiinyth;;;;;
PROV2569;Fernsky;;;;;
PROV2570;Weeping Wind;;;;;
PROV2571;Softvale;;;;;
PROV2572;Willowgrove;;;;;
PROV2573;Ferndale;;;;;
PROV2574;Bluewood;;;;;
PROV2575;Fisherman's Rest;;;;;
PROV2576;March of Sacrifices;;;;;
PROV2577;Kragg;;;;;
PROV2578;Port Dibellum;;;;;
PROV2579;Dibella's Island;;;;;
PROV2580;Rosesky;;;;;
PROV2581;Haven;;;;;
PROV2582;Springsky;;;;;
PROV2583;Physandra;;;;;
PROV2584;Maraas;;;;;
PROV2585;Ardwdreth;;;;;
PROV2586;Winter Site;;;;;
PROV2587;Elden Hollow;;;;;
PROV2588;Elden Root;;;;;
PROV2589;Oakvale;;;;;
PROV2590;Green Hall;;;;;
PROV2591;Boar's Run;;;;;
PROV2592;Vinedeath;;;;;
PROV2593;Lynpan;;;;;
PROV2594;Goldfolly;;;;;
PROV2595;Burroot;;;;;
PROV2596;Forked Root;;;;;
PROV2597;Riverhollow;;;;;
PROV2598;Redfur;;;;;
PROV2599;Gushnukbur;;;;;
PROV2600;Shadypool;;;;;
PROV2601;Softthorn;;;;;
PROV2602;Degity;;;;;
PROV2603;Gurzag's Hills;;;;;
PROV2604;Echo Pond;;;;;
PROV2605;Willowmire;;;;;
PROV2606;Whisper Grove;;;;;
PROV2607;Marbruk;;;;;
PROV2608;Thadiel;;;;;
PROV2609;Dornwing;;;;;
PROV2610;Minweneth;;;;;
PROV2611;Senche's Perch;;;;;
PROV2612;Tarlain;;;;;
PROV2613;Senalana;;;;;
PROV2614;Flarar;;;;;
PROV2615;Carmantea;;;;;
PROV2616;Senalana's Bastion;;;;;
PROV2617;Old Town;;;;;
PROV2618;Arenthia;;;;;
PROV2619;Temple Hill;;;;;
PROV2620;Pious Hills;;;;;
PROV2621;Greendale;;;;;
PROV2622;Karthdar Square;;;;;
PROV2623;Sagewood;;;;;
PROV2624;Balfhollow;;;;;
PROV2625;Willowrock;;;;;
PROV2626;Ossuary of Telecar;;;;;
PROV2627;Laenndra;;;;;
PROV2628;Root Sunder;;;;;
PROV2629;Lumberlock;;;;;
PROV2630;Rivermire;;;;;
PROV2631;Magrus's Ascent;;;;;
PROV2632;Scuttle Pit;;;;;
PROV2633;Areanifin;;;;;
PROV2634;Sacred Leap;;;;;
PROV2635;Broken Sails;;;;;
PROV2636;Long Coast;;;;;
PROV2637;Lynpar March;;;;;
PROV2638;Areanragil;;;;;
PROV2639;Heimdar;;;;;
PROV2640;Bluebrook;;;;;
PROV2641;Camogrove;;;;;
PROV2642;Thaeicia;;;;;
PROV2643;Barksky;;;;;
PROV2644;Mobar;;;;;
PROV2645;Balfblossom;;;;;
PROV2646;Nightthorn;;;;;
PROV2647;Camosky;;;;;
PROV2648;Wasten Brukbrook;;;;;
PROV2649;Hircin's Henge;;;;;
PROV2650;Liehelen;;;;;
PROV2651;Elphael;;;;;
PROV2652;Snugpod;;;;;
PROV2653;Ginelyn;;;;;
PROV2654;Willowstone;;;;;
PROV2655;Mossthorn;;;;;
PROV2656;Pinestone;;;;;
PROV2657;Fernrock;;;;;
PROV2658;Wormroot;;;;;
PROV2659;Barkbite;;;;;
PROV2660;Ciinthil;;;;;
PROV2661;Indweneval;;;;;
PROV2662;Southpoint;;;;;
PROV2663;Southport;;;;;
PROV2664;Githraedhel;;;;;
PROV2665;Oakhollow;;;;;
PROV2666;Shadystone;;;;;
PROV2667;Bone Orchad;;;;;
PROV2668;Riverrock;;;;;
PROV2669;Aerhel;;;;;
PROV2670;Filael;;;;;
PROV2671;Elrainthil;;;;;
PROV2672;Stonesquare;;;;;
PROV2673;Ferngrove;;;;;
PROV2674;Appledale;;;;;
PROV2675;Elsyathil;;;;;
PROV2676;Greengrove;;;;;
PROV2677;Pengafil;;;;;
PROV2678;Camoblossom;;;;;
PROV2679;Kaalsandra;;;;;
PROV2680;Lieval;;;;;
PROV2681;Diss;;;;;
PROV2682;Maorport;;;;;
PROV2683;Barrow Trench;;;;;
PROV2684;Laeloria;;;;;
PROV2685;Reliquary of Stars;;;;;
PROV2686;Celecialfin;;;;;
PROV2687;Archen Cormount;;;;;
PROV2688;Driladan Pass;;;;;
PROV2689;Harridan's Lair;;;;;
PROV2690;Green's Marrow;;;;;
PROV2691;Nightlock;;;;;
PROV2692;Sagevale;;;;;
PROV2693;Tarlain Heights;;;;;
PROV2694;Applemire;;;;;
PROV2695;Rosemire;;;;;
PROV2696;Shrouded Vale;;;;;
PROV2697;Lhurgash;;;;;
PROV2698;Andaone;;;;;
PROV2699;Shadows Crawl;;;;;
PROV2700;Spinner's Grove;;;;;
PROV2701;Arananga;;;;;
PROV2702;Elmwood;;;;;
PROV2703;Tower Rock Vale;;;;;
PROV2704;Glanan;;;;;
PROV2705;Spring Site;;;;;
PROV2706;Willowdale;;;;;
PROV2707;Seledra;;;;;
PROV2708;Longvale;;;;;
PROV2709;Oakpool;;;;;
PROV2710;Meadow Run;;;;;
PROV2711;Naril Nagaia;;;;;
PROV2712;Rootwater Spring;;;;;
PROV2713;Rootwater;;;;;
PROV2714;Shademist Moors;;;;;
PROV2715;Longhaven;;;;;
PROV2716;Moonhenge;;;;;
PROV2717;Seaside Overlook;;;;;
PROV2718;Hynsa;;;;;
PROV2719;Vullain Haven;;;;;
PROV2720;Lanalda Pond;;;;;
PROV2721;Treehenge;;;;;
PROV2722;Tempest Island;;;;;
PROV2723;Ilayas;;;;;
PROV2724;Starwalk;;;;;
PROV2725;Deepwoods;;;;;
PROV2726;Denweanyth;;;;;
PROV2727;Ogrim's Yawn;;;;;
PROV2728;Wilding Run;;;;;
PROV2729;Windshriek;;;;;
PROV2730;Alleolia;;;;;
PROV2731;Silvenar Vale;;;;;
PROV2732;Shael;;;;;
PROV2733;Abamath;;;;;
PROV2734;Xylo Overlook;;;;;
PROV2735;Duskbrook;;;;;
PROV2736;Bone Nest;;;;;
PROV2737;Rosehollow;;;;;
PROV2738;Apostates Tomb;;;;;
PROV2739;Last Venture;;;;;
PROV2740;Thibaut's Cairn;;;;;
PROV2741;Duskstone;;;;;
PROV2742;Greenhill;;;;;
PROV2743;Ogre's Valley;;;;;
PROV2744;Vile Manse;;;;;
PROV2745;Selelyth;;;;;
PROV2746;Thaeaelin;;;;;
PROV2747;Grimwatch;;;;;
PROV2748;Greenspeaker's Grove;;;;;
PROV2749;Huuaenyl;;;;;
PROV2750;Jodewood;;;;;
PROV2751;Claw's Strike;;;;;
PROV2752;Autumn Site;;;;;
PROV2753;Milrihill;;;;;
PROV2754;Oakengrove;;;;;
PROV2755;Broken Arch;;;;;
PROV2756;Thormar Keep;;;;;
PROV2757;Crescent River;;;;;
PROV2758;Nilinrel;;;;;
PROV2759;Naaenenor;;;;;
PROV2760;Greenscrub;;;;;
PROV2761;Aredia;;;;;
PROV2762;Ivyrock;;;;;
PROV2763;Lumberhollow;;;;;
PROV2764;Degiesse;;;;;
PROV2765;Jathsogur;;;;;
PROV2766;Desnrel;;;;;
PROV2767;Borohien;;;;;
PROV2768;Valeguard Woods;;;;;
PROV2769;Iingenyl;;;;;
PROV2770;Ouze;;;;;
PROV2771;Four Quarry;;;;;
PROV2772;Softgrove;;;;;
PROV2773;Niolnan;;;;;
PROV2774;Black Vine;;;;;
PROV2775;Ivybrook;;;;;
PROV2776;Stone Fell;;;;;
PROV2777;Brelynia;;;;;
PROV2778;Dorndale;;;;;
PROV2779;Mandae;;;;;
PROV2780;Springwood;;;;;
PROV2781;Ragnthar Woods;;;;;
PROV2782;Huureril;;;;;
PROV2783;Vlanilphaneth;;;;;
PROV2784;Hoarvor Pit;;;;;
PROV2785;Eindaeneth;;;;;
PROV2786;Botgael;;;;;
PROV2787;Vinedusk;;;;;
PROV2788;Camowing;;;;;
PROV2789;Ivyscrub;;;;;
PROV2790;Overwatch;;;;;
PROV2791;Northern Woods;;;;;
PROV2792;Ushmal's Rest;;;;;
PROV2793;Seaside Sanctuary;;;;;
PROV2794;Faurneth;;;;;
PROV2795;Lalustiris;;;;;
PROV2796;Araenrel;;;;;
PROV2797;Dona;;;;;
PROV2798;Velyn Harbor;;;;;
PROV2799;Blandpoint;;;;;
PROV2800;Bitterpoint;;;;;
PROV2801;Arednor;;;;;
PROV2802;Estrin;;;;;
PROV2803;Coral Island;;;;;
PROV2804;Rictus;;;;;
PROV2805;Seashade;;;;;
PROV2806;Hamnubus;;;;;
PROV2807;Tsajira;;;;;
PROV2808;Meirvale;;;;;
PROV2809;Dar'ranirr;;;;;
PROV2810;Sijdawi;;;;;
PROV2811;Riverhold;;;;;
PROV2812;Ainaasma;;;;;
PROV2813;Naara;;;;;
PROV2814;Anjrashi;;;;;
PROV2815;Tardorn Wood;;;;;
PROV2816;Chasemoor;;;;;
PROV2817;Adasma;;;;;
PROV2818;Tsanashi;;;;;
PROV2819;Havnubus;;;;;
PROV2820;Bone Pit;;;;;
PROV2821;Unjnara;;;;;
PROV2822;Desert Wind;;;;;
PROV2823;Nightmare Plateau;;;;;
PROV2824;The Stitches;;;;;
PROV2825;Thizzrini;;;;;
PROV2826;Reaper's Henge;;;;;
PROV2827;Sleek Creek;;;;;
PROV2828;Rawl'kha;;;;;
PROV2829;Ashera;;;;;
PROV2830;Purring Rock;;;;;
PROV2831;Forgotten Mane;;;;;
PROV2832;Tenmar Forest;;;;;
PROV2833;Addhrina;;;;;
PROV2834;Nimue;;;;;
PROV2835;Ri'azami;;;;;
PROV2836;Tavakdhari;;;;;
PROV2837;Abaimba;;;;;
PROV2838;Anjaamla;;;;;
PROV2839;Ashisuna;;;;;
PROV2840;Torval;;;;;
PROV2841;Talaaji;;;;;
PROV2842;Dar'bhi;;;;;
PROV2843;Araranji;;;;;
PROV2844;Azihashi;;;;;
PROV2845;Merryvale;;;;;
PROV2846;Moon-Sugar Meadow;;;;;
PROV2847;Ahjdawi;;;;;
PROV2848;Ji'leena;;;;;
PROV2849;Atrazura;;;;;
PROV2850;Markgran Brook;;;;;
PROV2851;Elarra;;;;;
PROV2852;Kiinna;;;;;
PROV2853;Shurashi;;;;;
PROV2854;Rawihaan;;;;;
PROV2855;Kadawi;;;;;
PROV2856;Kharvadni;;;;;
PROV2857;Rajivgandihr;;;;;
PROV2858;Rahi;;;;;
PROV2859;Fur-Forge;;;;;
PROV2860;Dar'feliz;;;;;
PROV2861;Kaasdahna;;;;;
PROV2862;Araashi;;;;;
PROV2863;Vanjahra;;;;;
PROV2864;Shoirra;;;;;
PROV2865;Tsrheh;;;;;
PROV2866;Razami;;;;;
PROV2867;Kisisrin;;;;;
PROV2868;Mahrihaan;;;;;
PROV2869;Darkarn Place;;;;;
PROV2870;Alabaster;;;;;
PROV2871;Ashiva;;;;;
PROV2872;Rabzura;;;;;
PROV2873;Araeena;;;;;
PROV2874;Baisrashi;;;;;
PROV2875;Jo'ri;;;;;
PROV2876;Saldawihn;;;;;
PROV2877;Mistral;;;;;
PROV2878;Ravispoor;;;;;
PROV2879;Ineada;;;;;
PROV2880;Inoara;;;;;
PROV2881;Khaya;;;;;
PROV2882;Baiasi;;;;;
PROV2883;Sirastahe;;;;;
PROV2884;Salspaer;;;;;
PROV2885;Hem'thar;;;;;
PROV2886;Portneu View;;;;;
PROV2887;Nisni;;;;;
PROV2888;Kisiraya;;;;;
PROV2889;Khanjtanni;;;;;
PROV2890;Ahziava;;;;;
PROV2891;Hamnugarvi;;;;;
PROV2892;Dro'ravi;;;;;
PROV2893;Windcather;;;;;
PROV2894;Earte;;;;;
PROV2895;Inorra;;;;;
PROV2896;Qa'mara;;;;;
PROV2897;S'ren-ja Docks;;;;;
PROV2898;S'ren-ja;;;;;
PROV2899;Ji'yla;;;;;
PROV2900;Abhunari;;;;;
PROV2901;Valley Guard;;;;;
PROV2902;Zaonihr;;;;;
PROV2903;Bhisnari;;;;;
PROV2904;Valley Overlook;;;;;
PROV2905;Seaplace;;;;;
PROV2906;Ahrtannil;;;;;
PROV2907;Cori Darglade;;;;;
PROV2908;Solmnihn;;;;;
PROV2909;Tsanzami;;;;;
PROV2910;Jode's Embrace;;;;;
PROV2911;Ashen Outpost;;;;;
PROV2912;Prowl's Edge;;;;;
PROV2913;King's Walk;;;;;
PROV2914;M'ravi;;;;;
PROV2915;Inorashi;;;;;
PROV2916;Verkarth Hills;;;;;
PROV2917;Sihnaihn;;;;;
PROV2918;Anjasa;;;;;
PROV2919;Dawnmead;;;;;
PROV2920;Sphinxmoth;;;;;
PROV2921;Hircine's Pond;;;;;
PROV2922;Amadonea;;;;;
PROV2923;Fardir's Folly;;;;;
PROV2924;Desen;;;;;
PROV2925;Gregellia;;;;;
PROV2926;Orevia;;;;;
PROV2927;Vicibonia;;;;;
PROV2928;Etinicia;;;;;
PROV2929;Udara;;;;;
PROV2930;Chasegrove;;;;;
PROV2931;Sajilmanrin;;;;;
PROV2932;Ahrbari;;;;;
PROV2933;Tavani;;;;;
PROV2934;Corinthe;;;;;
PROV2935;Jahktannil;;;;;
PROV2936;New Moon;;;;;
PROV2937;Zahjstavir;;;;;
PROV2938;Gariand;;;;;
PROV2939;Secugrius;;;;;
PROV2940;Bhisuzi;;;;;
PROV2941;Sistia;;;;;
PROV2942;Flacana;;;;;
PROV2943;Rimmen;;;;;
PROV2944;Rimmen Necropolis;;;;;
PROV2945;Abajadhi;;;;;
PROV2946;Arabasha;;;;;
PROV2947;Rimmen Masterworks;;;;;
PROV2948;Orcrest;;;;;
PROV2949;Orcrest Market;;;;;
PROV2950;Neumar Walk;;;;;
PROV2951;Shadow Dance;;;;;
PROV2952;Tsanvi;;;;;
PROV2953;Yushji;;;;;
PROV2954;Tsashima;;;;;
PROV2955;Talaasuna;;;;;
PROV2956;Dawnmead Hills;;;;;
PROV2957;Serenity Falls;;;;;
PROV2958;Kiseava;;;;;
PROV2959;Moini;;;;;
PROV2960;Secunda's Retreat;;;;;
PROV2961;Training Grounds;;;;;
PROV2962;Inera;;;;;
PROV2963;Affba;;;;;
PROV2964;Rilori;;;;;
PROV2965;Adrarcella;;;;;
PROV2966;Naspia;;;;;
PROV2967;Nebillaise;;;;;
PROV2968;Vittovolia;;;;;
PROV2969;Testae;;;;;
PROV2970;Marlendra;;;;;
PROV2971;Arkay's Wayshrine;;;;;
PROV2972;Munelliun;;;;;
PROV2973;Canobrina;;;;;
PROV2974;Ogre's Camp;;;;;
PROV2975;Dawnshadow;;;;;
PROV2976;Ahdnvari;;;;;
PROV2977;Droasi;;;;;
PROV2978;Ekasuna;;;;;
PROV2979;Thormar;;;;;
PROV2980;Sihnai;;;;;
PROV2981;Barabusihr;;;;;
PROV2982;Shamhbah;;;;;
PROV2983;Yuspi;;;;;
PROV2984;Dune;;;;;
PROV2985;M'ahna;;;;;
PROV2986;Two Moons Path;;;;;
PROV2987;Sohldhari;;;;;
PROV2988;Riravi;;;;;
PROV2989;Vanjarsi;;;;;
PROV2990;River Keep;;;;;
PROV2991;Brukreich Bridge;;;;;
PROV2992;Raimanrin;;;;;
PROV2993;Jarmnirn;;;;;
PROV2994;Faya;;;;;
PROV2995;Solhir;;;;;
PROV2996;Adamla;;;;;
PROV2997;Kabari;;;;;
PROV2998;Udarja;;;;;
PROV2999;Nahi;;;;;
PROV3000;S'asma;;;;;
PROV3001;Anurbhi;;;;;
PROV3002;Ashnada;;;;;
PROV3003;Shomvari;;;;;
PROV3004;Cicatrice;;;;;
PROV3005;Sleepy Secne;;;;;
PROV3006;Khayranji;;;;;
PROV3007;Darkpool;;;;;
PROV3008;Talon Gulch;;;;;
PROV3009;Kahramanni;;;;;
PROV3010;Aravlani;;;;;
PROV3011;Serpent Tomb;;;;;
PROV3012;Meir Lynmount;;;;;
PROV3013;Sandswirl;;;;;
PROV3014;Scar's Edge;;;;;
PROV3015;Greenhall;;;;;
PROV3016;Ahnanna;;;;;
PROV3017;M'mara;;;;;
PROV3018;Weeping Scar;;;;;
PROV3019;Pa'alat;;;;;
PROV3020;Jode's Light;;;;;
PROV3021;Bhusara;;;;;
PROV3022;Kuna's Delve;;;;;
PROV3023;Aravmba;;;;;
PROV3024;Sajilonihr;;;;;
PROV3025;Lunar Hall;;;;;
PROV3026;Ahkaahni;;;;;
PROV3027;Qa'ba;;;;;
PROV3028;Ahnaherra;;;;;
PROV3029;Xahior;;;;;
PROV3030;Rojdawihn;;;;;
PROV3031;Bhislajma;;;;;
PROV3032;Ahzja;;;;;
PROV3033;Bhusarra;;;;;
PROV3034;Vajhfeliz;;;;;
PROV3035;Ayiahni;;;;;
PROV3036;Khinini;;;;;
PROV3037;Shaki;;;;;
PROV3038;Sharassa;;;;;
PROV3039;Doomstone;;;;;
PROV3040;Kahraradir;;;;;
PROV3041;Arahana;;;;;
PROV3042;Ahjtamil;;;;;
PROV3043;Tsiyvi;;;;;
PROV3044;Moon Gate;;;;;
PROV3045;Scab Ridge;;;;;
PROV3046;Anequina;;;;;
PROV3047;Zayravi;;;;;
PROV3048;Helkarn;;;;;
PROV3049;Udaari;;;;;
PROV3050;Ahdaahra;;;;;
PROV3051;Tsajrina;;;;;
PROV3052;Bavanair;;;;;
PROV3053;Ainaarra;;;;;
PROV3054;Khanjgandihr;;;;;
PROV3055;Esteiana;;;;;
PROV3056;Two Moons;;;;;
PROV3057;Ko'pi;;;;;
PROV3058;Red Hands Run;;;;;
PROV3059;The Tangle;;;;;
PROV3060;Ashen Scar;;;;;
PROV3061;Shattered Swords;;;;;
PROV3062;Habasi;;;;;
PROV3063;Roumnihn;;;;;
PROV3064;Zahjspoor;;;;;
PROV3065;Star Haven;;;;;
PROV3066;Abode of Ignominy;;;;;
PROV3067;Forsaken Bastion;;;;;
PROV3068;Forsaken Citadel;;;;;
PROV3069;Ja'hni;;;;;
PROV3070;Ko'eena;;;;;
PROV3071;Heimthor Mount;;;;;
PROV3072;Qa'nji;;;;;
PROV3073;Kahaan;;;;;
PROV3074;Sunspire;;;;;
PROV3075;Moongrave;;;;;
PROV3076;Sijmnin;;;;;
PROV3077;Moonlit Cove;;;;;
PROV3078;Ashriba;;;;;
PROV3079;Halls of the Colossus;;;;;
PROV3080;Zarrina;;;;;
PROV3081;Starlight;;;;;
PROV3082;Predator Mesa;;;;;
PROV3083;Ekapasma;;;;;
PROV3084;The Prowl;;;;;
PROV3085;Rabirra;;;;;
PROV3086;Idhhi;;;;;
PROV3087;Idhva;;;;;
PROV3088;Shrine of Reforged;;;;;
PROV3089;Khenarthi's Arch;;;;;
PROV3090;Khiassa;;;;;
PROV3091;Ineraji;;;;;
PROV3092;Pridehome;;;;;
PROV3093;Kijivadni;;;;;
PROV3094;Duncori Walk;;;;;
PROV3095;Senchal;;;;;
PROV3096;Dar'rri;;;;;
PROV3097;Tsarhi;;;;;
PROV3098;Southguard;;;;;
PROV3099;Dragonhold;;;;;
PROV3100;Tideholm;;;;;
PROV3101;Ko'nari;;;;;
PROV3102;Sijoni;;;;;
PROV3103;Harahiranirr;;;;;
PROV3104;Darvulk Haven;;;;;
PROV3105;Affrahin;;;;;
PROV3106;Sibes;;;;;
PROV3107;Khenarthi's Breath;;;;;
PROV3108;Atahisi;;;;;
PROV3109;Axel;;;;;
PROV3110;Khinita;;;;;
PROV3111;Khaasma;;;;;
PROV3112;Haraasi;;;;;
PROV3113;Ra'asa;;;;;
PROV3114;Black Heights;;;;;
PROV3115;M'jirra;;;;;
PROV3116;Rid-Thar's Solace;;;;;
PROV3117;Mourning Springs;;;;;
PROV3118;Speckled Shell;;;;;
PROV3119;Eagle's Strand;;;;;
PROV3120;Two-Moons Dance;;;;;
PROV3121;Crescent Moons;;;;;
PROV3122;Bloodskal;;;;;
PROV3123;Brodir Grove;;;;;
PROV3124;Ashfall's Tear;;;;;
PROV3125;Fahlbtharz;;;;;
PROV3126;Bthuand;;;;;
PROV3127;Kora-Dur;;;;;
PROV3128;Ahanibi-Malmus;;;;;
PROV3129;Charma's Breath;;;;;
PROV3130;Unbroken Home;;;;;
PROV3131;Cormaris;;;;;
PROV3132;Dolsussa;;;;;
PROV3133;Iveaso;;;;;
PROV3134;Venaro;;;;;
PROV3135;Voshu Nor;;;;;
PROV3136;Malyna;;;;;
PROV3137;Nelas;;;;;
PROV3138;Obscure Isalnd;;;;;
PROV3139;Onnissiralis;;;;;
PROV3140;Vas;;;;;
PROV3141;Heimlyn;;;;;
PROV3142;Sadrhi;;;;;
PROV3143;Nidrisa;;;;;
PROV3144;Sheogorath's Tongue;;;;;
PROV3145;Bodrem;;;;;
PROV3146;Emmurbalpitu;;;;;
PROV3147;Raddel;;;;;
PROV3148;Oran;;;;;
PROV3149;Balfalls;;;;;
PROV3150;Mephala's Nest;;;;;
PROV3151;The Cauldron;;;;;
PROV3152;Kagouti Hillock;;;;;
PROV3153;Serkamora;;;;;
PROV3154;Karlisea;;;;;
PROV3155;Redolent Loam;;;;;
PROV3156;Almas Thirr;;;;;
PROV3157;Selyn;;;;;
PROV3158;Hadrumnibibi;;;;;
PROV3159;Roa Dyr;;;;;
PROV3160;Velonith;;;;;
PROV3161;Forgotten Crypts;;;;;
PROV3162;Llarel's Shelter;;;;;
PROV3163;Dres Hairab;;;;;
PROV3164;Servavel;;;;;
PROV3165;Kithendis Falls;;;;;
PROV3166;Silnim Dale;;;;;
PROV3167;Rethandis;;;;;
PROV3168;Uvardo;;;;;
PROV3169;Darkshade Caverns;;;;;
PROV3170;Salandus;;;;;
PROV3171;Noldeli;;;;;
PROV3172;Clamorclap Bowl;;;;;
PROV3173;Salaasu;;;;;
PROV3174;Glasscrag;;;;;
PROV3175;Bessarnamidan;;;;;
PROV3176;Radarys;;;;;
PROV3177;Eidolon;;;;;
PROV3178;Alavel;;;;;
PROV3179;Ravaynu;;;;;
PROV3180;Dilaalyn;;;;;
PROV3181;Felbar;;;;;
PROV3182;Bazhthum;;;;;
PROV3183;Nightmare Den;;;;;
PROV3184;Fevndas;;;;;
PROV3185;Haddadalmalu;;;;;
PROV3186;Reyadyn;;;;;
PROV3187;Sailen Vulgate;;;;;
PROV3188;Runeramea;;;;;
PROV3189;Mzingthlegfth;;;;;
PROV3190;Reryeth;;;;;
PROV3191;Aldvonu;;;;;
PROV3192;Tisler;;;;;
PROV3193;Folvayn;;;;;
PROV3194;Mareri;;;;;
PROV3195;Dren;;;;;
PROV3196;Mannammu;;;;;
PROV3197;Hawkmoth;;;;;
PROV3198;Abaesen-Pulu;;;;;
PROV3199;Karththor Heights;;;;;
PROV3200;Arinathram;;;;;
PROV3201;Felslurea;;;;;
PROV3202;Aluryra;;;;;
PROV3203;Sadaothan;;;;;
PROV3204;Bristleback;;;;;
PROV3205;White Ridge;;;;;
PROV3206;Northshore Landing;;;;;
PROV3207;Karstaag;;;;;
PROV3208;Lleran;;;;;
PROV3209;Ulummusa;;;;;
PROV3210;Punammu;;;;;
PROV3211;Halfway;;;;;
PROV3212;Hla Oad;;;;;
PROV3213;Shrine of Boethiah;;;;;
PROV3214;Yasamsi;;;;;
PROV3215;Firemoth;;;;;
PROV3216;Odai Plateau;;;;;
PROV3217;Uveran;;;;;
PROV3218;Manrizache;;;;;
PROV3219;Thervi;;;;;
PROV3220;Llidela;;;;;
PROV3221;Bal Oyra;;;;;
PROV3222;Harstrad;;;;;
PROV3223;Skaal;;;;;
PROV3224;Frossel;;;;;
PROV3225;Gyldenhul Barrow;;;;;
PROV3226;Evoim;;;;;
PROV3227;Uvourea;;;;;
PROV3228;Mkalzand;;;;;
PROV3229;Rideveri;;;;;
PROV3230;Sherriella;;;;;
PROV3231;Tirhasa;;;;;
PROV3232;Ilaanam;;;;;
PROV3233;Vavenila;;;;;
PROV3234;Davvyn;;;;;
PROV3235;Falavsa;;;;;
PROV3236;Mudan;;;;;
PROV3237;Vilnali;;;;;
PROV3238;Akimaes;;;;;
PROV3239;Seyda Neen;;;;;
PROV3240;Mornvere;;;;;
PROV3241;Sunmul;;;;;
PROV3242;Dulnvani;;;;;
PROV3243;Bravdyn;;;;;
PROV3244;Selethis;;;;;
PROV3245;Alenilea;;;;;
PROV3246;Damilnith;;;;;
PROV3247;Amidynea;;;;;
PROV3248;Kogotel;;;;;
PROV3249;Salmhrano;;;;;
PROV3250;Kartur;;;;;
PROV3251;Novmila;;;;;
PROV3252;Sathlse;;;;;
PROV3253;Vibavas;;;;;
PROV3254;Thavonu;;;;;
PROV3255;Virak;;;;;
PROV3256;Verarchen Hall;;;;;
PROV3257;Brenryon;;;;;
PROV3258;Raled-Makei;;;;;
PROV3259;Ienrom;;;;;
PROV3260;Tarmyna;;;;;
PROV3261;Fevlyna;;;;;
PROV3262;Softloam;;;;;
PROV3263;Shadowsilk;;;;;
PROV3264;Goltragga Agra;;;;;
PROV3265;Hrogar's Hold;;;;;
PROV3266;Zabamat;;;;;
PROV3267;Avelith;;;;;
PROV3268;Hightide;;;;;
PROV3269;Sulfur Pools;;;;;
PROV3270;Yesamsi;;;;;
PROV3271;Ashir-Dan;;;;;
PROV3272;Khuul;;;;;
PROV3273;Shishi;;;;;
PROV3274;Markgran Forest;;;;;
PROV3275;Aravven;;;;;
PROV3276;Shand;;;;;
PROV3277;Aphisu;;;;;
PROV3278;Thilnili;;;;;
PROV3279;Bodrum;;;;;
PROV3280;Brahma's Grove;;;;;
PROV3281;Releer;;;;;
PROV3282;Aviheloth;;;;;
PROV3283;Galsisea;;;;;
PROV3284;Obsidian Gorge;;;;;
PROV3285;Ancylis;;;;;
PROV3286;Gol Mok;;;;;
PROV3287;Mundrethi;;;;;
PROV3288;Vathras;;;;;
PROV3289;Quondam Indorilia;;;;;
PROV3290;Idathren;;;;;
PROV3291;Bedatar;;;;;
PROV3292;Bthungch;;;;;
PROV3293;Varashimmus;;;;;
PROV3294;Favadal;;;;;
PROV3295;Oaktown;;;;;
PROV3296;Golvyne;;;;;
PROV3297;Novrle;;;;;
PROV3298;Droleth;;;;;
PROV3299;Mvelthngth-Schel;;;;;
PROV3300;Hlan Oek;;;;;
PROV3301;Matalyn;;;;;
PROV3302;Varanis;;;;;
PROV3303;Steamlake;;;;;
PROV3304;Narun;;;;;
PROV3305;Balslin;;;;;
PROV3306;Neruvos;;;;;
PROV3307;Saint Seryn;;;;;
PROV3308;Movth;;;;;
PROV3309;Aimrah;;;;;
PROV3310;Selfora;;;;;
PROV3311;Coiled Path;;;;;
PROV3312;Lagomere;;;;;
PROV3313;Vuleis;;;;;
PROV3314;Vellu;;;;;
PROV3315;Dilesie;;;;;
PROV3316;Malak's Maw;;;;;
PROV3317;Direvene;;;;;
PROV3318;Shipal-Sharai;;;;;
PROV3319;Felmvasi;;;;;
PROV3320;Urtiuru;;;;;
PROV3321;Dres Bashipal;;;;;
PROV3322;Henelo;;;;;
PROV3323;Boddere;;;;;
PROV3324;Mathin;;;;;
PROV3325;Bthanual;;;;;
PROV3326;Syndura;;;;;
PROV3327;Lower Bthanual;;;;;
PROV3328;Ald Daedroth;;;;;
PROV3329;Gorevamu;;;;;
PROV3330;Thirthyl;;;;;
PROV3331;Sanni;;;;;
PROV3332;Nathnea;;;;;
PROV3333;Theldel;;;;;
PROV3334;Rithendis;;;;;
PROV3335;Teryele;;;;;
PROV3336;Alyera;;;;;
PROV3337;Corkarth Run;;;;;
PROV3338;Dres Felyon;;;;;
PROV3339;Halevse;;;;;
PROV3340;Siltreen;;;;;
PROV3341;Volunidai;;;;;
PROV3342;Rildyn;;;;;
PROV3343;Mabrigash;;;;;
PROV3344;Knife Ear;;;;;
PROV3345;Redoran Pier;;;;;
PROV3346;Lutemoth;;;;;
PROV3347;Abalkala;;;;;
PROV3348;Sanity's Edge;;;;;
PROV3349;Yasammidan;;;;;
PROV3350;Valenhal;;;;;
PROV3351;Vermalin;;;;;
PROV3352;Blacklight;;;;;
PROV3353;Myvrila;;;;;
PROV3354;Teknilashashulpi;;;;;
PROV3355;Olvlin;;;;;
PROV3356;Zeren;;;;;
PROV3357;Senie;;;;;
PROV3358;Baan Urlai;;;;;
PROV3359;Id Vano;;;;;
PROV3360;Crow's Wood;;;;;
PROV3361;Bthung;;;;;
PROV3362;Strifeswarm;;;;;
PROV3363;Thaaynu;;;;;
PROV3364;Bal Foyen;;;;;
PROV3365;Kisrashallat;;;;;
PROV3366;Dhalmora;;;;;
PROV3367;Minaaso;;;;;
PROV3368;Roloalvel;;;;;
PROV3369;Belorandus;;;;;
PROV3370;Denaven;;;;;
PROV3371;Hlahran;;;;;
PROV3372;Amber Forest;;;;;
PROV3373;Nameless Master Tomb;;;;;
PROV3374;Eidolon's Hollow;;;;;
PROV3375;Seitur;;;;;
PROV3376;Tel Dreloth;;;;;
PROV3377;Enamor Dayn;;;;;
PROV3378;Viakthyn;;;;;
PROV3379;Feryana;;;;;
PROV3380;Dinelosa;;;;;
PROV3381;Arkngthleft;;;;;
PROV3382;Tel Rendys;;;;;
PROV3383;Teluelea;;;;;
PROV3384;Uvulhandus;;;;;
PROV3385;Nidrrisu;;;;;
PROV3386;Galvi;;;;;
PROV3387;Elvusen;;;;;
PROV3388;Windmoth;;;;;
PROV3389;Telurasi;;;;;
PROV3390;Inerisea;;;;;
PROV3391;Talsaynea;;;;;
PROV3392;Tobrys;;;;;
PROV3393;Kunirai;;;;;
PROV3394;Telasero;;;;;
PROV3395;Suran;;;;;
PROV3396;Bal Ur;;;;;
PROV3397;Vandus;;;;;
PROV3398;Kemel-Ze;;;;;
PROV3399;Marog;;;;;
PROV3400;Brilrano;;;;;
PROV3401;Ammar;;;;;
PROV3402;Dareleth;;;;;
PROV3403;Kushtashpi;;;;;
PROV3404;Nchuleft;;;;;
PROV3405;Tel Vos;;;;;
PROV3406;Valley of the Wind;;;;;
PROV3407;Bravralo;;;;;
PROV3408;Navndo;;;;;
PROV3409;Nilurose;;;;;
PROV3410;Serimilk;;;;;
PROV3411;Kvazmunduncharz;;;;;
PROV3412;Narur;;;;;
PROV3413;Savelisi;;;;;
PROV3414;Belerilo;;;;;
PROV3415;Dralero;;;;;
PROV3416;Tel Ouada;;;;;
PROV3417;Glen Haven;;;;;
PROV3418;Hesadsadshamallu;;;;;
PROV3419;Tel Aranyon;;;;;
PROV3420;Llothanis;;;;;
PROV3421;Anudnabia;;;;;
PROV3422;Mushroom Forest;;;;;
PROV3423;Sadryon;;;;;
PROV3424;Omaren;;;;;
PROV3425;Hlervi;;;;;
PROV3426;Frostmoth;;;;;
PROV3427;Highpoint;;;;;
PROV3428;Kolbjorn;;;;;
PROV3429;Raven Rock;;;;;
PROV3430;Nammu;;;;;
PROV3431;Falensarano;;;;;
PROV3432;Zainab;;;;;
PROV3433;Aralen;;;;;
PROV3434;Venim;;;;;
PROV3435;Oriene;;;;;
PROV3436;Malmus;;;;;
PROV3437;Dagon Fel;;;;;
PROV3438;Mzuleft;;;;;
PROV3439;Nchardahrk;;;;;
PROV3440;Nadeonah;;;;;
PROV3441;Molag Mar;;;;;
PROV3442;Helan;;;;;
PROV3443;Zaintiraris;;;;;
PROV3444;Raviro;;;;;
PROV3445;Drethan;;;;;
PROV3446;Selno;;;;;
PROV3447;Ilanipu;;;;;
PROV3448;Rotheran;;;;;
PROV3449;Shuran;;;;;
PROV3450;Arkngthand;;;;;
PROV3451;Nissintu;;;;;
PROV3452;Marandus;;;;;
PROV3453;Sulipund;;;;;
PROV3454;Missamsi;;;;;
PROV3455;Gnaar Mok;;;;;
PROV3456;Aleft;;;;;
PROV3457;Addadshashanammu;;;;;
PROV3458;Ashalmimilkala;;;;;
PROV3459;Ashurnibibi;;;;;
PROV3460;Samsi;;;;;
PROV3461;Berandas;;;;;
PROV3462;Falas;;;;;
PROV3463;Ashimanu;;;;;
PROV3464;Andasreth;;;;;
PROV3465;Elddri;;;;;
PROV3466;Tilieno;;;;;
PROV3467;Assurnipilu;;;;;
PROV3468;Tear;;;;;
PROV3469;Undonah;;;;;
PROV3470;Bal Isra;;;;;
PROV3471;Old Home;;;;;
PROV3472;Buckmoth;;;;;
PROV3473;Lluvera;;;;;
PROV3474;Bthanchend;;;;;
PROV3475;Dres Horak;;;;;
PROV3476;Bamz-Amschend;;;;;
PROV3477;Ald Marak;;;;;
PROV3478;Mournhold;;;;;
PROV3479;Adrureri;;;;;
PROV3480;Durthungz;;;;;
PROV3481;Faluth;;;;;
PROV3482;Necrom;;;;;
PROV3483;Fedoeleth;;;;;
PROV3484;Nassudan;;;;;
PROV3485;Dreyvona;;;;;
PROV3486;Firewatch;;;;;
PROV3487;Indrethys;;;;;
PROV3488;Demethran;;;;;
PROV3489;Ramreleth;;;;;
PROV3490;Tel Narrusa;;;;;
PROV3491;Helnim;;;;;
PROV3492;Fevnie;;;;;
PROV3493;Aphienea;;;;;
PROV3494;Gah Sadrith;;;;;
PROV3495;Iridrise;;;;;
PROV3496;Stonewood Temple;;;;;
PROV3497;Stonewood Citadel;;;;;
PROV3498;Bodsmila;;;;;
PROV3499;Aranalyn;;;;;
PROV3500;Moonbridge;;;;;
PROV3501;Moonmoth;;;;;
PROV3502;Stonewood;;;;;
PROV3503;Vassir-Didanit;;;;;
PROV3504;Shurdan-Raplay;;;;;
PROV3505;Saturan;;;;;
PROV3506;Aran;;;;;
PROV3507;Galom Daeus;;;;;
PROV3508;Dulo;;;;;
PROV3509;Nchuleftingh;;;;;
PROV3510;Nchurdamz;;;;;
PROV3511;Odirniran;;;;;
PROV3512;Aharnabi;;;;;
PROV3513;Velothi's Islands;;;;;
PROV3514;Nchardumz;;;;;
PROV3515;Telvayn;;;;;
PROV3516;Kudanat;;;;;
PROV3517;Hleran;;;;;
PROV3518;Randas;;;;;
PROV3519;Dushariran;;;;;
PROV3520;Shishara;;;;;
PROV3521;Dunirai;;;;;
PROV3522;Halit;;;;;
PROV3523;Sharapli;;;;;
PROV3524;Odrosal;;;;;
PROV3525;Erabenimsun;;;;;
PROV3526;Tusenend;;;;;
PROV3527;Mount Assarnabibi;;;;;
PROV3528;Maesa-Shammus;;;;;
PROV3529;Arethan;;;;;
PROV3530;Velalasa;;;;;
PROV3531;Old Velothi;;;;;
PROV3532;Ashalmawia;;;;;
PROV3533;Llervu;;;;;
PROV3534;Valenvaryon;;;;;
PROV3535;Ebernanit;;;;;
PROV3536;Indaren;;;;;
PROV3537;Drinith;;;;;
PROV3538;Sarethi;;;;;
PROV3539;Madas-Zebba;;;;;
PROV3540;Shara;;;;;
PROV3541;Remaasa;;;;;
PROV3542;Dralas;;;;;
PROV3543;Endusal;;;;;
PROV3544;Fadathram;;;;;
PROV3545;Sudanit;;;;;
PROV3546;Mausur;;;;;
PROV3547;Ramimilk;;;;;
PROV3548;Blessed Greenland;;;;;
PROV3549;Thiralas;;;;;
PROV3550;Dubdilla;;;;;
PROV3551;Andalor;;;;;
PROV3552;Ienith;;;;;
PROV3553;Dun-Ahhe;;;;;
PROV3554;Tin-Ahhe;;;;;
PROV3555;Zergonipal;;;;;
PROV3556;Ald Redaynia;;;;;
PROV3557;Assurdirapal;;;;;
PROV3558;Ashmelech;;;;;
PROV3559;Askareth;;;;;
PROV3560;Dunmeth Pass;;;;;
PROV3561;Feridronu;;;;;
PROV3562;Bthulzand;;;;;
PROV3563;Fadaeloth;;;;;
PROV3564;Bleakrock;;;;;
PROV3565;Ravazorwyn;;;;;
PROV3566;Miriuri;;;;;
PROV3567;Dunkreath;;;;;
PROV3568;Andrimo;;;;;
PROV3569;Falasmaryon;;;;;
PROV3570;Ald Carac;;;;;
PROV3571;Druscashti;;;;;
PROV3572;Urshilaku;;;;;
PROV3573;Eluba-Addon;;;;;
PROV3574;Bilmie;;;;;
PROV3575;Vireili;;;;;
PROV3576;Sarnith;;;;;
PROV3577;Gargen Huul;;;;;
PROV3578;Galvalie;;;;;
PROV3579;Ravthril;;;;;
PROV3580;Or Krazak;;;;;
PROV3581;Nevrdenu;;;;;
PROV3582;Tandalie;;;;;
PROV3583;Wranxina;;;;;
PROV3584;Kogobthar;;;;;
PROV3585;Uvaayne;;;;;
PROV3586;Tremalsa;;;;;
PROV3587;Ranvas;;;;;
PROV3588;Droliro;;;;;
PROV3589;Vermaris;;;;;
PROV3590;Verarchen;;;;;
PROV3591;Zaelbalmiran;;;;;
PROV3592;Goreisie;;;;;
PROV3593;Ushapipi;;;;;
PROV3594;Silgrad Tower;;;;;
PROV3595;Ilmyvera;;;;;
PROV3596;Arinothran;;;;;
PROV3597;Thirsk;;;;;
PROV3598;Kagrumez;;;;;
PROV3599;Mithryn;;;;;
PROV3600;City of a Hundred Towers;;;;;
PROV3601;Snowfallow;;;;;
PROV3602;Vahlok's Tomb;;;;;
PROV3603;Moesring;;;;;
PROV3604;Mortrag;;;;;
PROV3605;Snowclad;;;;;
PROV3606;Benkongerike;;;;;
PROV3607;Novenela;;;;;
PROV3608;Daynhyne;;;;;
PROV3609;Barloru;;;;;
PROV3610;Artiana;;;;;
PROV3611;Nervrvi;;;;;
PROV3612;Rift Pass;;;;;
PROV3613;Heleleno;;;;;
PROV3614;Folvalea;;;;;
PROV3615;Ulvramea;;;;;
PROV3616;Demaal;;;;;
PROV3617;Trivrayni;;;;;
PROV3618;Hendor-Stardumz;;;;;
PROV3619;Omaynia;;;;;
PROV3620;Caves of Memories;;;;;
PROV3621;Greymist Falls;;;;;
PROV3622;Leftunch;;;;;
PROV3623;Lukiul Uxith;;;;;
PROV3624;Thilose;;;;;
PROV3625;Dobdor;;;;;
PROV3626;Seravayn;;;;;
PROV3627;Vilndile;;;;;
PROV3628;Knocker's Neck;;;;;
PROV3629;Miraeveri;;;;;
PROV3630;Dulg Granosh;;;;;
PROV3631;Alavith;;;;;
PROV3632;Iliath;;;;;
PROV3633;Fungal Grotto;;;;;
PROV3634;Felsvyne;;;;;
PROV3635;Traani;;;;;
PROV3636;Shadowgate Pass;;;;;
PROV3637;Tedyno;;;;;
PROV3638;Kogomar;;;;;
PROV3639;Rhun Huk;;;;;
PROV3640;Idudasea;;;;;
PROV3641;Iretromo;;;;;
PROV3642;Nararo;;;;;
PROV3643;Talaise;;;;;
PROV3644;Faturea;;;;;
PROV3645;Vellene;;;;;
PROV3646;Serya;;;;;
PROV3647;Rolando;;;;;
PROV3648;Ryohas;;;;;
PROV3649;Fareyn;;;;;
PROV3650;Carvoril;;;;;
PROV3651;Fedvynea;;;;;
PROV3652;Sathram;;;;;
PROV3653;Arnnziah;;;;;
PROV3654;Ertireloth;;;;;
PROV3655;Nchantmntz;;;;;
PROV3656;Uneyn;;;;;
PROV3657;Favidraso;;;;;
PROV3658;Sarvthas;;;;;
PROV3659;Kragen Mar;;;;;
PROV3660;Andrethis;;;;;
PROV3661;Ridevisie;;;;;
PROV3662;Kragenmoor;;;;;
PROV3663;Davenas;;;;;
PROV3664;Magmaflow;;;;;
PROV3665;Drolenar;;;;;
PROV3666;Shivering Shrine;;;;;
PROV3667;Serera;;;;;
PROV3668;Banvani;;;;;
PROV3669;Ngalftzel;;;;;
PROV3670;Fathnosa;;;;;
PROV3671;Thenaro;;;;;
PROV3672;Dinairi;;;;;
PROV3673;Lythrothan;;;;;
PROV3674;Karththor Dale;;;;;
PROV3675;Teyn;;;;;
PROV3676;Veranazaris;;;;;
PROV3677;Tormented Spire;;;;;
PROV3678;Molones;;;;;
PROV3679;Armature's Upheaval;;;;;
PROV3680;Arnvane;;;;;
PROV3681;Brothers of Strife;;;;;
PROV3682;Narusa;;;;;
PROV3683;Xal Haj-Ei;;;;;
PROV3684;Sanguine's Demesne;;;;;
PROV3685;Hlanii's Hovel;;;;;
PROV3686;Muth Gnaar;;;;;
PROV3687;Nelaaai;;;;;
PROV3688;Ald Iuval;;;;;
PROV3689;Drartella;;;;;
PROV3690;Narsis;;;;;
PROV3691;Balvarian;;;;;
PROV3692;Vavenda;;;;;
PROV3693;Hei-Halai;;;;;
PROV3694;Ample Domicile;;;;;
PROV3695;Ashush-Shirari;;;;;
PROV3696;Omesala;;;;;
PROV3697;Velavase;;;;;
PROV3698;Uupslar;;;;;
PROV3699;Arnthen;;;;;
PROV3700;Iron Gate Pass;;;;;
PROV3701;Tinalyne;;;;;
PROV3702;Hlarud;;;;;
PROV3703;Dernus;;;;;
PROV3704;Reyliah;;;;;
PROV3705;Ud Hleryn;;;;;
PROV3706;Raraelvis;;;;;
PROV3707;Virven;;;;;
PROV3708;Dres Lhendal;;;;;
PROV3709;Alen;;;;;
PROV3710;Maelkashishi;;;;;
PROV3711;Reloth;;;;;
PROV3712;Mamaea;;;;;
PROV3713;Rethandus;;;;;
PROV3714;Menaan;;;;;
PROV3715;Mzarfth;;;;;
PROV3716;Indal-Ruhn;;;;;
PROV3717;Arand;;;;;
PROV3718;Givyaal;;;;;
PROV3719;Andothren;;;;;
PROV3720;Stonefalls;;;;;
PROV3721;Malvoth;;;;;
PROV3722;Remoni;;;;;
PROV3723;Stonefang;;;;;
PROV3724;Derauli;;;;;
PROV3725;Othmura;;;;;
PROV3726;Ralarian;;;;;
PROV3727;Girihen;;;;;
PROV3728;Senriella;;;;;
PROV3729;The Serk;;;;;
PROV3730;Ghost Vale;;;;;
PROV3731;Deepcrag;;;;;
PROV3732;Llerayn;;;;;
PROV3733;Novrya;;;;;
PROV3734;Taleon's Crag;;;;;
PROV3735;Girehis;;;;;
PROV3736;Dres Silnim;;;;;
PROV3737;Munnosa;;;;;
PROV3738;Vibobar;;;;;
PROV3739;Bronstel;;;;;
PROV3740;Nilvrana;;;;;
PROV3741;Taj'Xa'thaxi;;;;;
PROV3742;Dres Yengrith;;;;;
PROV3743;Orecea;;;;;
PROV3744;Toar;;;;;
PROV3745;Dildiri;;;;;
PROV3746;Ildroran;;;;;
PROV3747;Llerra;;;;;
PROV3748;Hloril;;;;;
PROV3749;Ralandes;;;;;
PROV3750;Inddhil;;;;;
PROV3751;Garynas;;;;;
PROV3752;Sedryoni;;;;;
PROV3753;Hlovas;;;;;
PROV3754;Giravona;;;;;
PROV3755;Nelelnith;;;;;
PROV3756;Gindlayne;;;;;
PROV3757;Movmsa;;;;;
PROV3758;Felmynasa;;;;;
PROV3759;Indrdrila;;;;;
PROV3760;Caravan Crest;;;;;
PROV3761;Silent Mire;;;;;
PROV3762;Vedravo;;;;;
PROV3763;Madrinith;;;;;
PROV3764;Acrea;;;;;
PROV3765;Bedaato;;;;;
PROV3766;Bavthril;;;;;
PROV3767;Diryni;;;;;
PROV3768;Dalaila;;;;;
PROV3769;Novevure;;;;;
PROV3770;Thilore;;;;;
PROV3771;Dres Sul;;;;;
PROV3772;Tal'Deic;;;;;
PROV3773;Ebonheart;;;;;
PROV3774;Serynthul;;;;;
PROV3775;Dondril;;;;;
PROV3776;Darvonis Watch;;;;;
PROV3777;Starved Plain;;;;;
PROV3778;Vhul;;;;;
PROV3779;Felms Ithul;;;;;
PROV3780;Ald Bel;;;;;
PROV3781;Mzithumz;;;;;
PROV3782;Nav Andaram;;;;;
PROV3783;Mulvravenya;;;;;
PROV3784;Corpse Garden;;;;;
PROV3785;Ancient Shrine;;;;;
PROV3786;Irnavura;;;;;
PROV3787;Avayan;;;;;
PROV3788;Old Keep;;;;;
PROV3789;Eagle Moor;;;;;
PROV3790;Shad Astula;;;;;
PROV3791;Direus;;;;;
PROV3792;Bal Sunnar;;;;;
PROV3793;Naduoro;;;;;
PROV3794;Meralag;;;;;
PROV3795;Camonnaruhn;;;;;
PROV3796;Ald Niripal;;;;;
PROV3797;Famovel;;;;;
PROV3798;Othrhas;;;;;
PROV3799;Ruvnasa;;;;;
PROV3800;Sennahanib;;;;;
PROV3801;Nadheri;;;;;
PROV3802;Delmnim;;;;;
PROV3803;Umbermoth;;;;;
PROV3804;Arkantng;;;;;
PROV3805;Athrilmallilas;;;;;
PROV3806;Sinramen;;;;;
PROV3807;Tel Hlurag;;;;;
PROV3808;Sirrilas;;;;;
PROV3809;Ulynesea;;;;;
PROV3810;Massulahibernanit;;;;;
PROV3811;Daraalnim;;;;;
PROV3812;Dreynim;;;;;
PROV3813;Khananzr;;;;;
PROV3814;Veremmu;;;;;
PROV3815;Anchre Egg;;;;;
PROV3816;Telunus;;;;;
PROV3817;Bosmora;;;;;
PROV3818;Gorne;;;;;
PROV3819;Bidose;;;;;
PROV3820;Orelvam;;;;;
PROV3821;Maldel;;;;;
PROV3822;Erirore;;;;;
PROV3823;Andarannipal;;;;;
PROV3824;Domeere;;;;;
PROV3825;Fonaes;;;;;
PROV3826;Nareama;;;;;
PROV3827;Zeba-Adad;;;;;
PROV3828;Serldrisa;;;;;
PROV3829;Betno;;;;;
PROV3830;Ash Mountain;;;;;
PROV3831;Ald Istra;;;;;
PROV3832;Ildrim;;;;;
PROV3833;Aldyrayne;;;;;
PROV3834;Rilaron;;;;;
PROV3835;Chunzefk;;;;;
PROV3836;Shambalu;;;;;
PROV3837;Tel Muthada;;;;;
PROV3838;Voldrayne;;;;;
PROV3839;Cephorad Keep;;;;;
PROV3840;Erethan;;;;;
PROV3841;Hassulsallusalkit;;;;;
PROV3842;Avonriella;;;;;
PROV3843;Givyvon;;;;;
PROV3844;Yanishanabi;;;;;
PROV3845;Akamora;;;;;
PROV3846;Nethril;;;;;
PROV3847;Fungal Downs;;;;;
PROV3848;Zalgothrabu;;;;;
PROV3849;Tel Baro;;;;;
PROV3850;Akin;;;;;
PROV3851;Bthanthamuzand;;;;;
PROV3852;Amthuandz;;;;;
PROV3853;Dragon Glade;;;;;
PROV3854;Ald Mirathi;;;;;
PROV3855;Ginivani;;;;;
PROV3856;Alt Bosara;;;;;
PROV3857;Cinya;;;;;
PROV3858;Tel Mothrivra;;;;;
PROV3859;Greenheights;;;;;
PROV3860;Cinreni;;;;;
PROV3861;Hla Bulor;;;;;
PROV3862;Gidndo;;;;;
PROV3863;Galdiri;;;;;
PROV3864;Druor;;;;;
PROV3865;Nchazdrumn;;;;;
PROV3866;Fomloru;;;;;
PROV3867;Velothis Haven;;;;;
PROV3868;Khoralambos;;;;;
PROV3869;Sanaeli;;;;;
PROV3870;Vevrisie;;;;;
PROV3871;Mzankh;;;;;
PROV3872;Elmeldrisa;;;;;
PROV3873;Hlasman;;;;;
PROV3874;Assurbalhet;;;;;
PROV3875;Hlanler;;;;;
PROV3876;Ranyon-Rhun;;;;;
PROV3877;Tirlie;;;;;
PROV3878;Naduhro;;;;;
PROV3879;Drendala;;;;;
PROV3880;Foralo;;;;;
PROV3881;Forvda;;;;;
PROV3882;Bahrammu;;;;;
PROV3883;Raldvese;;;;;
PROV3884;Moabdil;;;;;
PROV3885;Veralan;;;;;
PROV3886;Atheffyn;;;;;
PROV3887;Sadas;;;;;
PROV3888;Bthzundcheft;;;;;
PROV3889;Yashazmus;;;;;
PROV3890;Port Telvannis;;;;;
PROV3891;Halaran;;;;;
PROV3892;Rarvara;;;;;
PROV3893;Nulevilo;;;;;
PROV3894;Drualamu;;;;;
PROV3895;Vuldris;;;;;
PROV3896;Gataren;;;;;
PROV3897;Bevrele;;;;;
PROV3898;Neldyn;;;;;
PROV3899;Esutanamus;;;;;
PROV3900;Tower Forest;;;;;
PROV3901;Delynillo;;;;;
PROV3902;Nalit;;;;;
PROV3903;Yansirramus;;;;;
PROV3904;Viraeth;;;;;
PROV3905;Tel Aruhn;;;;;
PROV3906;Vassamsi;;;;;
PROV3907;Tel Fyr;;;;;
PROV3908;Bensiberib Islands;;;;;
PROV3909;Abanabi;;;;;
PROV3910;Old Shipwreck;;;;;
PROV3911;Vullie;;;;;
PROV3912;Othules;;;;;
PROV3913;Port Vos;;;;;
PROV3914;Ahemmusa;;;;;
PROV3915;Medidera;;;;;
PROV3916;Raniore;;;;;
PROV3917;Ahinipalit;;;;;
PROV3918;Adraoni;;;;;
PROV3919;Zebabi;;;;;
PROV3920;Dreloth;;;;;
PROV3921;Salmantu;;;;;
PROV3922;Verelnim;;;;;
PROV3923;Kaushtarari;;;;;
PROV3924;Tel Galen;;;;;
PROV3925;Tinarana;;;;;
PROV3926;Matus-Akin;;;;;
PROV3927;Shashpilamat;;;;;
PROV3928;Holamayan;;;;;
PROV3929;Azura's Chain;;;;;
PROV3930;Azura's Temple;;;;;
PROV3931;Aurine;;;;;
PROV3932;Mawia;;;;;
PROV3933;Almurbalarammi;;;;;
PROV3934;Seviesea;;;;;
PROV3935;Serano;;;;;
PROV3936;Missir-Dadalit;;;;;
PROV3937;Mzanchend;;;;;
PROV3938;Gilsdrale;;;;;
PROV3939;Zenarbael;;;;;
PROV3940;Mul;;;;;
PROV3941;Yakanalit;;;;;
PROV3942;Siltlia;;;;;
PROV3943;Karalda;;;;;
PROV3944;Marvani;;;;;
PROV3945;Sunken Ship Cove;;;;;
PROV3946;Tel Branora;;;;;
PROV3947;Abebaal;;;;;
PROV3948;Eretammus-Sennammu;;;;;
PROV3949;Ernhusa;;;;;
PROV3950;Assu;;;;;
PROV3951;Shrine of Pride;;;;;
PROV3952;Mount Kand;;;;;
PROV3953;Mababi;;;;;
PROV3954;City of Stone;;;;;
PROV3955;Releth;;;;;
PROV3956;Hinnabi;;;;;
PROV3957;Mzahnch;;;;;
PROV3958;Sandus;;;;;
PROV3959;Maelu;;;;;
PROV3960;Narivamu;;;;;
PROV3961;Zalkin-Sul;;;;;
PROV3962;Yanemus;;;;;
PROV3963;Salvel;;;;;
PROV3964;Tureynulal;;;;;
PROV3965;Red Mountain;;;;;
PROV3966;Ularradallaku;;;;;
PROV3967;Vemynal;;;;;
PROV3968;Yassu;;;;;
PROV3969;Odaishah;;;;;
PROV3970;Assarnatamat;;;;;
PROV3971;Thalas;;;;;
PROV3972;Sanabi;;;;;
PROV3973;Adone;;;;;
PROV3974;Sandas;;;;;
PROV3975;Sarano;;;;;
PROV3976;Kummu;;;;;
PROV3977;Omani;;;;;
PROV3978;Nothalea;;;;;
PROV3979;Old Sotha;;;;;
PROV3980;Arano;;;;;
PROV3981;Othrelas;;;;;
PROV3982;Norvayn;;;;;
PROV3983;Band Egg;;;;;
PROV3984;Abernanit;;;;;
PROV3985;Mallapi;;;;;
PROV3986;Ilunibi;;;;;
PROV3987;Drevasu;;;;;
PROV3988;Zainsipilu;;;;;
PROV3989;Nimawia;;;;;
PROV3990;Addamasartus;;;;;
PROV3991;Seyda;;;;;
PROV3992;Balyyn;;;;;
PROV3993;Caldera;;;;;
PROV3994;Indalen;;;;;
PROV3995;Ashanammu;;;;;
PROV3996;Shushihi;;;;;
PROV3997;Andrethi;;;;;
PROV3998;Hlormaren;;;;;
PROV3999;Zanabi;;;;;
PROV4000;Shulk;;;;;
PROV4001;Sennananit;;;;;
PROV4002;Arkngthunch-Sturdumz;;;;;
PROV4003;Ashinabi;;;;;
PROV4004;Gnisis;;;;;
PROV4005;Bethamez;;;;;
PROV4006;Theersareeth;;;;;
PROV4007;Thari-Reiki;;;;;
PROV4008;Oneer-Sakee;;;;;
PROV4009;Okureen;;;;;
PROV4010;Broken Tusk;;;;;
PROV4011;Reticulated Spine;;;;;
PROV4012;Library Hill;;;;;
PROV4013;Enakhan;;;;;
PROV4014;Stormhold;;;;;
PROV4015;Stay-Moist;;;;;
PROV4016;Geelnes;;;;;
PROV4017;Beeeez;;;;;
PROV4018;Silken Snare;;;;;
PROV4019;Beewrava;;;;;
PROV4020;Endoresar;;;;;
PROV4021;Nushayo;;;;;
PROV4022;Sariellen;;;;;
PROV4023;Theocalees;;;;;
PROV4024;Chasepoint;;;;;
PROV4025;Nurarava;;;;;
PROV4026;Neethlures;;;;;
PROV4027;Soulrest;;;;;
PROV4028;Tikeersion;;;;;
PROV4029;Blackrose Woods;;;;;
PROV4030;Longmont;;;;;
PROV4031;Tashvee;;;;;
PROV4032;Echoing Hollow;;;;;
PROV4033;Dead-Water;;;;;
PROV4034;Ochealg;;;;;
PROV4035;Menari;;;;;
PROV4036;Neeslei;;;;;
PROV4037;Kani-Nash;;;;;
PROV4038;Agiuslures;;;;;
PROV4039;Geelsareth;;;;;
PROV4040;Okuos;;;;;
PROV4041;Augusseus;;;;;
PROV4042;Rockpark;;;;;
PROV4043;Nefeseene;;;;;
PROV4044;Keeratan;;;;;
PROV4045;Xerdorees;;;;;
PROV4046;Meeh-Mena;;;;;
PROV4047;Thefissius;;;;;
PROV4048;Careelures;;;;;
PROV4049;Wujea;;;;;
PROV4050;Pehrseene;;;;;
PROV4051;Pehrdesh;;;;;
PROV4052;Nakuila;;;;;
PROV4053;Wushen;;;;;
PROV4054;Banaza;;;;;
PROV4055;Olank-Mideesh;;;;;
PROV4056;Okurvee;;;;;
PROV4057;Neethrean;;;;;
PROV4058;Meseus;;;;;
PROV4059;Neesei;;;;;
PROV4060;Eld Angavar;;;;;
PROV4061;Lakemire;;;;;
PROV4062;Blackrose;;;;;
PROV4063;Perdeseer;;;;;
PROV4064;Okua;;;;;
PROV4065;Milaaza;;;;;
PROV4066;Kasahvee;;;;;
PROV4067;Nagsesh;;;;;
PROV4068;Neeeva;;;;;
PROV4069;Endoreseus;;;;;
PROV4070;Meem-Nefeus;;;;;
PROV4071;Caegalus;;;;;
PROV4072;Bromlu;;;;;
PROV4073;Nefeleesh;;;;;
PROV4074;Alten Corimont;;;;;
PROV4075;Euteei;;;;;
PROV4076;Geelgulus;;;;;
PROV4077;Weedum-Jazee;;;;;
PROV4078;Drujlei;;;;;
PROV4079;Pelures;;;;;
PROV4080;Drujhee;;;;;
PROV4081;Gilmja;;;;;
PROV4082;Deeth-Deese;;;;;
PROV4083;Tar-Reij;;;;;
PROV4084;Kelo-Eji;;;;;
PROV4085;Root-Whisper;;;;;
PROV4086;Banawos;;;;;
PROV4087;Pashrava;;;;;
PROV4088;Careemareen;;;;;
PROV4089;Taierrean;;;;;
PROV4090;Gandranen;;;;;
PROV4091;Hissmir;;;;;
PROV4092;Meteus;;;;;
PROV4093;Perthees;;;;;
PROV4094;Nefesar;;;;;
PROV4095;Zuuk;;;;;
PROV4096;Perdes;;;;;
PROV4097;Nussan;;;;;
PROV4098;Tenmorvuk;;;;;
PROV4099;Beekaraje;;;;;
PROV4100;Seen-Ra;;;;;
PROV4101;Shahresh;;;;;
PROV4102;Ereej-Nha;;;;;
PROV4103;Kaymuseeth;;;;;
PROV4104;Branchmont;;;;;
PROV4105;Numearee;;;;;
PROV4106;Perdesh;;;;;
PROV4107;Meclesh;;;;;
PROV4108;Caliseus;;;;;
PROV4109;Muz-Lak;;;;;
PROV4110;Chanil-Reij;;;;;
PROV4111;Murkwood;;;;;
PROV4112;Helstrom;;;;;
PROV4113;Nusava;;;;;
PROV4114;Xul-Thuxis;;;;;
PROV4115;Tiberseus;;;;;
PROV4116;Witsh'r;;;;;
PROV4117;Kaysareth;;;;;
PROV4118;Neethnes;;;;;
PROV4119;Gilmei;;;;;
PROV4120;Nefedorees;;;;;
PROV4121;Peridesh;;;;;
PROV4122;Marzha;;;;;
PROV4123;Ranaalg;;;;;
PROV4124;Shalha;;;;;
PROV4125;Kasaava;;;;;
PROV4126;Agiusgalus;;;;;
PROV4127;Mim-Meedish;;;;;
PROV4128;Jeed-Eijar;;;;;
PROV4129;Tashuma;;;;;
PROV4130;Perisesh;;;;;
PROV4131;Lafgalus;;;;;
PROV4132;Witsos;;;;;
PROV4133;Canidaresh;;;;;
PROV4134;Hulen;;;;;
PROV4135;Messius;;;;;
PROV4136;Dar-Wazei;;;;;
PROV4137;Jid-Lei;;;;;
PROV4138;Perides;;;;;
PROV4139;Akissha;;;;;
PROV4140;Cayamesh;;;;;
PROV4141;Cayanaresh;;;;;
PROV4142;Velvely;;;;;
PROV4143;Deeteeva;;;;;
PROV4144;Numerava;;;;;
PROV4145;Caylus;;;;;
PROV4146;Vos-Uxith;;;;;
PROV4147;Lafmareen;;;;;
PROV4148;Xi-Tsei;;;;;
PROV4149;Gih-Lursha;;;;;
PROV4150;Shattered Xanmeer;;;;;
PROV4151;Akisaye;;;;;
PROV4152;Avrenee;;;;;
PROV4153;Punonius;;;;;
PROV4154;Neethtius;;;;;
PROV4155;Moonmarch;;;;;
PROV4156;Tibermareen;;;;;
PROV4157;Path of Lily;;;;;
PROV4158;Milhvee;;;;;
PROV4159;Ereej-Ma;;;;;
PROV4160;Kud-Reiki;;;;;
PROV4161;Mim-Lari;;;;;
PROV4162;Jeed-Meei;;;;;
PROV4163;Agiusmareen;;;;;
PROV4164;Meem-Ra;;;;;
PROV4165;Xeemhok;;;;;
PROV4166;Vunalk;;;;;
PROV4167;Xeirgoulus;;;;;
PROV4168;Caniclesh;;;;;
PROV4169;Aney-Lursha;;;;;
PROV4170;Keerare;;;;;
PROV4171;Shatos;;;;;
PROV4172;Marzsh;;;;;
PROV4173;Ereel-Jeen;;;;;
PROV4174;Mereedorees;;;;;
PROV4175;Canisesh;;;;;
PROV4176;Ahaheel;;;;;
PROV4177;Thefirean;;;;;
PROV4178;Casilus;;;;;
PROV4179;Bejearee;;;;;
PROV4180;Kani;;;;;
PROV4181;Nuralg;;;;;
PROV4182;Shahvee;;;;;
PROV4183;Lafnes;;;;;
PROV4184;Wushei;;;;;
PROV4185;Xersilus;;;;;
PROV4186;Giseeta;;;;;
PROV4187;Mideesh;;;;;
PROV4188;Augussilus;;;;;
PROV4189;Nagssius;;;;;
PROV4190;Andromus;;;;;
PROV4191;Blight Bog;;;;;
PROV4192;Alten Meirhall;;;;;
PROV4193;Ixtaxh;;;;;
PROV4194;Geelmarush;;;;;
PROV4195;Tereen;;;;;
PROV4196;Seaside;;;;;
PROV4197;Xinchei-Konu;;;;;
PROV4198;Seafront;;;;;
PROV4199;Lilmoth;;;;;
PROV4200;Meech-Ja;;;;;
PROV4201;Casthees;;;;;
PROV4202;Geelsar;;;;;
PROV4203;Nakuos;;;;;
PROV4204;Theomesh;;;;;
PROV4205;Thorn;;;;;
PROV4206;Androsifon;;;;;
PROV4207;Beea;;;;;
PROV4208;Calimus;;;;;
PROV4209;Caerean;;;;;
PROV4210;Arx Corinium;;;;;
PROV4211;Loriasel;;;;;
PROV4212;Thari-Neeus;;;;;
PROV4213;Olank-La;;;;;
PROV4214;Weeping Falls;;;;;
PROV4215;Greenspring;;;;;
PROV4216;Shahee;;;;;
PROV4217;Careesar;;;;;
PROV4218;Kayclesh;;;;;
PROV4219;Xemdorus;;;;;
PROV4220;Perigulus;;;;;
PROV4221;Okurhvee;;;;;
PROV4222;Perdaresh;;;;;
PROV4223;Rockpoint;;;;;
PROV4224;Wamasu's Lair;;;;;
PROV4225;Chasecreek;;;;;
PROV4226;Xemseus;;;;;
PROV4227;Skaltalg;;;;;
PROV4228;Pehrleesh;;;;;
PROV4229;Nushz'r;;;;;
PROV4230;Gilleez;;;;;
PROV4231;Mereen-Jeleen;;;;;
PROV4232;Meeh-Ei;;;;;
PROV4233;Pergulus;;;;;
PROV4234;Canisareth;;;;;
PROV4235;Meen-Deesei;;;;;
PROV4236;Rockgrove;;;;;
PROV4237;Meen-Liurz;;;;;
PROV4238;Thtith-Bok;;;;;
PROV4239;Oneer;;;;;
PROV4240;Deesei;;;;;
PROV4241;Endoremesh;;;;;
PROV4242;Neesha;;;;;
PROV4243;Xeirsion;;;;;
PROV4244;Keel-Raneer;;;;;
PROV4245;Zecre;;;;;
PROV4246;Endoregalus;;;;;
PROV4247;Dominus Fatum;;;;;
PROV4248;Teeth of Sithis;;;;;
PROV4249;Sweet Breeze;;;;;
PROV4250;Theogoulus;;;;;
PROV4251;Bok-Xul;;;;;
PROV4252;Theosareeth;;;;;
PROV4253;Akieta;;;;;
PROV4254;Meen-Ja;;;;;
PROV4255;Ginh-Lei;;;;;
PROV4256;Casion;;;;;
PROV4257;Drujhvee;;;;;
PROV4258;Branchgrove;;;;;
PROV4259;Amee-Eji;;;;;
PROV4260;Okuraye;;;;;
PROV4261;Mereeleesh;;;;;
PROV4262;Milah;;;;;
PROV4263;Shateen;;;;;
PROV4264;Tibersion;;;;;
PROV4265;Augeesdorees;;;;;
PROV4266;Portdun Mont;;;;;
PROV4267;Nush'r;;;;;
PROV4268;Caesilus;;;;;
PROV4269;Agiusmarush;;;;;
PROV4270;Akiila;;;;;
PROV4271;Shatsan;;;;;
PROV4272;Seafalls;;;;;
PROV4273;Nushma;;;;;
PROV4274;Nides;;;;;
PROV4275;Alten Dunmont;;;;;
PROV4276;Greenglade;;;;;
PROV4277;Been;;;;;
PROV4278;Caniseus;;;;;
PROV4279;Kmeiine;;;;;
PROV4280;Seen-Slei;;;;;
PROV4281;Deethvee;;;;;
PROV4282;Caninaresh;;;;;
PROV4283;Seed-Wareih;;;;;
PROV4284;Seen-Majee;;;;;
PROV4285;Magdorees;;;;;
PROV4286;Akiht;;;;;
PROV4287;Beelaraje;;;;;
PROV4288;Theernaresh;;;;;
PROV4289;Riverbridge;;;;;
PROV4290;Am-Leish;;;;;
PROV4291;Memarush;;;;;
PROV4292;Am-Wazei;;;;;
PROV4293;Am-Leef;;;;;
PROV4294;Numekatan;;;;;
PROV4295;Meem-Leish;;;;;
PROV4296;Canimus;;;;;
PROV4297;Kaymesh;;;;;
PROV4298;Caegulus;;;;;
PROV4299;Dar-Deese;;;;;
PROV4300;Sedir-Sa;;;;;
PROV4301;Kelo-Liurz;;;;;
PROV4302;Hal-Reij;;;;;
PROV4303;Tikeertus;;;;;
PROV4304;Methees;;;;;
PROV4305;Theoleesh;;;;;
PROV4306;Xemlus;;;;;
PROV4307;Olank-Leesha;;;;;
PROV4308;Nefemus;;;;;
PROV4309;Caynaresh;;;;;
PROV4310;Meeh-Meseif;;;;;
PROV4311;Cheenal-Wazei;;;;;
PROV4312;Caliseene;;;;;
PROV4313;Geeldorus;;;;;
PROV4314;Nuraeen;;;;;
PROV4315;Peseene;;;;;
PROV4316;Galseene;;;;;
PROV4317;Huleos;;;;;
PROV4318;Alten Markmont;;;;;
PROV4319;Vakka-Bok;;;;;
PROV4320;Meech-Neeus;;;;;
PROV4321;Neeuma;;;;;
PROV4322;Caleesar;;;;;
PROV4323;Casseus;;;;;
PROV4324;Skalha;;;;;
PROV4325;Wibleno;;;;;
PROV4326;Geelseus;;;;;
PROV4327;Nagsareth;;;;;
PROV4328;Stonewastes;;;;;
PROV4329;Skalalg;;;;;
PROV4330;Ojel-Bak;;;;;
PROV4331;Sedir-Nefeus;;;;;
PROV4332;Ginh-Reij;;;;;
PROV4333;Chesoh-Lirzee;;;;;
PROV4334;Rockspring;;;;;
PROV4335;Casdesh;;;;;
PROV4336;Theerlus;;;;;
PROV4337;Careelus;;;;;
PROV4338;Meeh-Neeus;;;;;
PROV4339;Andreedesh;;;;;
PROV4340;Marzhee;;;;;
PROV4341;Xeirlus;;;;;
PROV4342;Gisei;;;;;
PROV4343;Nakuwos;;;;;
PROV4344;Nakalg;;;;;
PROV4345;Nakos;;;;;
PROV4346;Theermareen;;;;;
PROV4347;Xernaresh;;;;;
PROV4348;Ochearaje;;;;;
PROV4349;Nurahaz;;;;;
PROV4350;Magcalees;;;;;
PROV4351;Mereenaresh;;;;;
PROV4352;Andreethees;;;;;
PROV4353;Tashaye;;;;;
PROV4354;Risnir;;;;;
PROV4355;Xersareth;;;;;
PROV4356;Andreetus;;;;;
PROV4357;Megalus;;;;;
PROV4358;Nakhvee;;;;;
PROV4359;Mereesareeth;;;;;
PROV4360;Taseeta;;;;;
PROV4361;Taswos;;;;;
PROV4362;Nagmareen;;;;;
PROV4363;Akiava;;;;;
PROV4364;Nushh'r;;;;;
PROV4365;Agiuscles;;;;;
PROV4366;Mereegalus;;;;;
PROV4367;Glenbridge;;;;;
PROV4368;Bur-Meeka;;;;;
PROV4369;Olank-Rajee;;;;;
PROV4370;Okusan;;;;;
PROV4371;Bour-Raniur;;;;;
PROV4372;Withered Root;;;;;
PROV4373;Traveler's Plateau;;;;;
PROV4374;Akihota;;;;;
PROV4375;Nam-Meesei;;;;;
PROV4376;Black Maw;;;;;
PROV4377;Stillrise;;;;;
PROV4378;Kasaen;;;;;
PROV4379;Mazzatun;;;;;
PROV4380;Pericles;;;;;
PROV4381;Silent Halls;;;;;
PROV4382;Onaseta;;;;;
PROV4383;Nimesh;;;;;
PROV4384;Gideon;;;;;
PROV4385;Beeween;;;;;
PROV4386;Keel-Majee;;;;;
PROV4387;Tasheel;;;;;
PROV4388;Nefesareeth;;;;;
PROV4389;Kayssius;;;;;
PROV4390;Sariellen's Sword;;;;;
PROV4391;Kelo;;;;;
PROV4392;Porcixid;;;;;
PROV4393;Meefh-Lei;;;;;
PROV4394;Erh-Slei;;;;;
PROV4395;Nagdes;;;;;
PROV4396;Laflus;;;;;
PROV4397;Gillei;;;;;
PROV4398;Xith-Izkul;;;;;
PROV4399;Careesilus;;;;;
PROV4400;Old Rock;;;;;
PROV4401;Thefision;;;;;
PROV4402;Onaseen;;;;;
PROV4403;Crandle of Shadows;;;;;
PROV4404;Wedum-Lari;;;;;
PROV4405;Nagdorees;;;;;
PROV4406;Giseta;;;;;
PROV4407;Deeteeta;;;;;
PROV4408;Theerclesh;;;;;
PROV4409;Deesh-Lak;;;;;
PROV4410;Rockguard;;;;;
PROV4411;White Bastion;;;;;
PROV4412;Whiterose;;;;;
PROV4413;Beekwos;;;;;
PROV4414;Chid-Moska;;;;;
PROV4415;Xal Ithix;;;;;
PROV4416;Naksh;;;;;
PROV4417;Caleethees;;;;;
PROV4418;Tiberdorees;;;;;
PROV4419;Ahahlz;;;;;
PROV4420;Sedir-Meik;;;;;
PROV4421;Mileez;;;;;
PROV4422;Caleelus;;;;;
PROV4423;Riverwalk;;;;;
PROV4424;Nidesh;;;;;
PROV4425;Agiusseene;;;;;
PROV4426;Numeuma;;;;;
PROV4427;Atanaz;;;;;
PROV4428;Dralthri;;;;;
PROV4429;Arnesia;;;;;
PROV4430;Reloronu;;;;;
PROV4431;Androdeseer;;;;;
PROV4432;Crystal Abattoir;;;;;
PROV4433;Percolating Mire;;;;;
PROV4434;Forsaken Hamlet;;;;;
PROV4435;Ereel-Meefus;;;;;
PROV4436;Nen Ria;;;;;
PROV4437;Caleerean;;;;;
PROV4438;Mud Tree;;;;;
PROV4439;Persar;;;;;
PROV4440;Weedum-Raniur;;;;;
PROV4441;Deep Graves;;;;;
PROV4442;Onaava;;;;;
PROV4443;Tsonashap;;;;;
PROV4444;Xal Thak;;;;;
PROV4445;Hatching Pools;;;;;
PROV4446;Seen-Meeus;;;;;
PROV4447;Onkobra;;;;;
PROV4448;Leafwater;;;;;
PROV4449;Witsha;;;;;
PROV4450;Jid-Leehp;;;;;
PROV4451;Murkwater;;;;;
PROV4452;Beewsan;;;;;
PROV4453;Relmri;;;;;
PROV4454;Bogmother;;;;;
PROV4455;Glow-Gill;;;;;
PROV4456;Caleemesh;;;;;
PROV4457;Caecalees;;;;;
PROV4458;Hatchling's Crown;;;;;
PROV4459;Surile;;;;;
PROV4460;Xeirsareth;;;;;
PROV4461;Mereenes;;;;;
PROV4462;Venomous Fens;;;;;
PROV4463;Sunscale;;;;;
PROV4464;An-Nevus;;;;;
PROV4465;Bright-Throat;;;;;
PROV4466;Norg-Tzel;;;;;
PROV4467;Deeth-Jeen;;;;;
PROV4468;Beelg;;;;;
PROV4469;Xemseene;;;;;
PROV4470;Archon;;;;;
PROV4471;Seaspring;;;;;
PROV4472;Neethgulus;;;;;
PROV4473;Nem-Neeus;;;;;
PROV4474;Bitterroot;;;;;
PROV4475;Caleemus;;;;;
PROV4476;Augussareth;;;;;
PROV4477;Kasula;;;;;
PROV4478;Avinka;;;;;
PROV4479;Miculeius;;;;;
PROV4480;Topal Hideaway;;;;;
PROV4481;Gloraso;;;;;
PROV4482;Gruilaine;;;;;
PROV4483;Mariandia;;;;;
PROV4484;Greyland;;;;;
PROV4485;Tragotis;;;;;
PROV4486;Telepe;;;;;
PROV4487;Sweetwater Cascades;;;;;
PROV4488;Fieldhouse;;;;;
PROV4489;Zenithar's Abbey;;;;;
PROV4490;Dibella's Wayshrine;;;;;
PROV4491;Bulwark;;;;;
PROV4492;Lost Boy;;;;;
PROV4493;Edelinne;;;;;
PROV4494;Peryite's Shrine;;;;;
PROV4495;Nayon;;;;;
PROV4496;Homestead;;;;;
PROV4497;Horn;;;;;
PROV4498;Pell's Gate;;;;;
PROV4499;Charcoal Caves;;;;;
PROV4500;Safinne;;;;;
PROV4501;Ratonicus;;;;;
PROV4502;Bedrock Break;;;;;
PROV4503;Thragna;;;;;
PROV4504;Ronda;;;;;
PROV4505;Southern Skingrad;;;;;
PROV4506;Rosethorn;;;;;
PROV4507;Skingrad Castle;;;;;
PROV4508;Northern Skingrad;;;;;
PROV4509;Essar;;;;;
PROV4510;Troll Candle;;;;;
PROV4511;Belletor's Folly;;;;;
PROV4512;Cartick;;;;;
PROV4513;Zenithar's Wayshrine;;;;;
PROV4514;Javofia;;;;;
PROV4515;Tribune's Folly;;;;;
PROV4516;Strand;;;;;
PROV4517;Vesagrius;;;;;
PROV4518;Smoke Hole;;;;;
PROV4519;Gweden;;;;;
PROV4520;Akatosh's Wayshrine;;;;;
PROV4521;Allidenius;;;;;
PROV4522;Herillius;;;;;
PROV4523;Garlas Agea;;;;;
PROV4524;Gottshaw;;;;;
PROV4525;Egnagia;;;;;
PROV4526;Garlas Malatar;;;;;
PROV4527;Crowhaven;;;;;
PROV4528;Depths of Malatar;;;;;
PROV4529;Rusifus;;;;;
PROV4530;Shadrock;;;;;
PROV4531;Frontier's Crandle;;;;;
PROV4532;Arnontia;;;;;
PROV4533;Lord Stone;;;;;
PROV4534;Last Chance;;;;;
PROV4535;Atrene;;;;;
PROV4536;Hrota;;;;;
PROV4537;Brina Cross;;;;;
PROV4538;Bleak Mine;;;;;
PROV4539;Drad;;;;;
PROV4540;Black Rock;;;;;
PROV4541;Nonwyll;;;;;
PROV4542;Scrance;;;;;
PROV4543;Natu;;;;;
PROV4544;Idolorman;;;;;
PROV4545;Talureius;;;;;
PROV4546;Pereda;;;;;
PROV4547;Virennius;;;;;
PROV4548;Esdipter;;;;;
PROV4549;Weye;;;;;
PROV4550;Fanacasecul;;;;;
PROV4551;Nikel;;;;;
PROV4552;Janorulia;;;;;
PROV4553;Capstone;;;;;
PROV4554;Applewatch;;;;;
PROV4555;Boreal Stone;;;;;
PROV4556;Applewatch Woods;;;;;
PROV4557;Medades;;;;;
PROV4558;Bleaker's Way;;;;;
PROV4559;Toadstool;;;;;
PROV4560;Pelese;;;;;
PROV4561;Caractacus;;;;;
PROV4562;Brolitia;;;;;
PROV4563;Horusta;;;;;
PROV4564;Empire;;;;;
PROV4565;Magia;;;;;
PROV4566;Adellia;;;;;
PROV4567;Memorial;;;;;
PROV4568;Wayshrine of Julianos;;;;;
PROV4569;Cropsford;;;;;
PROV4570;Gnoll Mountain;;;;;
PROV4571;Evergreen Crags;;;;;
PROV4572;Jullino;;;;;
PROV4573;Dragonclaw Rock;;;;;
PROV4574;The Sentinel;;;;;
PROV4575;Temple District;;;;;
PROV4576;Elven Gardens;;;;;
PROV4577;Market District;;;;;
PROV4578;Arboretum;;;;;
PROV4579;Shattered Scales;;;;;
PROV4580;Teleman;;;;;
PROV4581;Welke;;;;;
PROV4582;Dread Cellar;;;;;
PROV4583;Eponka;;;;;
PROV4584;Marsh-Punk;;;;;
PROV4585;Vasino;;;;;
PROV4586;Mariarara;;;;;
PROV4587;Wayshrine of Kynareth;;;;;
PROV4588;Aethelenia;;;;;
PROV4589;Gruirtia;;;;;
PROV4590;Kingscrest Caverns;;;;;
PROV4591;Shrine of The Moth;;;;;
PROV4592;Rugdumph;;;;;
PROV4593;Walker;;;;;
PROV4594;Dive Rock;;;;;
PROV4595;Bruma Castle;;;;;
PROV4596;Bruma;;;;;
PROV4597;Nethar;;;;;
PROV4598;Bruma's Quarters;;;;;
PROV4599;Dragonclaw;;;;;
PROV4600;Chorrol Castle;;;;;
PROV4601;Weynon Priory;;;;;
PROV4602;Great Oak;;;;;
PROV4603;Chapel Side;;;;;
PROV4604;Chorrol;;;;;
PROV4605;Jerunia;;;;;
PROV4606;Mackamentain;;;;;
PROV4607;Sage Glen;;;;;
PROV4608;Bramblepoint;;;;;
PROV4609;Shardius;;;;;
PROV4610;Serpent Stone;;;;;
PROV4611;Mabena;;;;;
PROV4612;Philes;;;;;
PROV4613;Blackwood;;;;;
PROV4614;Contia;;;;;
PROV4615;Gacella;;;;;
PROV4616;Sul-Xan;;;;;
PROV4617;Doublecross;;;;;
PROV4618;Entitia;;;;;
PROV4619;Vendeim;;;;;
PROV4620;Amelion Tomb;;;;;
PROV4621;Veyond;;;;;
PROV4622;Blankenmarch;;;;;
PROV4623;Fisherman's Rock;;;;;
PROV4624;Hassennia;;;;;
PROV4625;Silvagrius;;;;;
PROV4626;Lacoria;;;;;
PROV4627;Autrennia;;;;;
PROV4628;Audalvia;;;;;
PROV4629;Stendarr's Wayshrine;;;;;
PROV4630;Flarestrake;;;;;
PROV4631;Sheogorath's Shrine;;;;;
PROV4632;Nomore;;;;;
PROV4633;Reedstand;;;;;
PROV4634;Caldallae;;;;;
PROV4635;Conarnia;;;;;
PROV4636;Avilaine;;;;;
PROV4637;Bravil's Watch;;;;;
PROV4638;Liorena;;;;;
PROV4639;Barren Mine;;;;;
PROV4640;Atatar;;;;;
PROV4641;Lexiand;;;;;
PROV4642;Arpenia;;;;;
PROV4643;Bloodmayne;;;;;
PROV4644;Murmom;;;;;
PROV4645;Clearwaters;;;;;
PROV4646;Wenyandawik;;;;;
PROV4647;Vitence;;;;;
PROV4648;Jorarienna;;;;;
PROV4649;Stirk;;;;;
PROV4650;Plalusius;;;;;
PROV4651;Mephala's Shrine;;;;;
PROV4652;Anga;;;;;
PROV4653;Anga Valley;;;;;
PROV4654;Armius;;;;;
PROV4655;Lanora;;;;;
PROV4656;Virtue;;;;;
PROV4657;Wayshrine of Dibella;;;;;
PROV4658;Clavicus Vile's Shrine;;;;;
PROV4659;Viruliulus;;;;;
PROV4660;Echo Cliffs;;;;;
PROV4661;Warden Highlands;;;;;
PROV4662;Echo Caves;;;;;
PROV4663;Ice-Heart Home;;;;;
PROV4664;Anvil;;;;;
PROV4665;Port Anvil;;;;;
PROV4666;Anvil Lighthouse;;;;;
PROV4667;Anvil Castle;;;;;
PROV4668;Whitmond;;;;;
PROV4669;Taionia;;;;;
PROV4670;Velia;;;;;
PROV4671;Black-Dog;;;;;
PROV4672;Licinia;;;;;
PROV4673;Ahemilia;;;;;
PROV4674;Carlona;;;;;
PROV4675;Causpia;;;;;
PROV4676;Vindasel;;;;;
PROV4677;Temple Square;;;;;
PROV4678;Kvatch City;;;;;
PROV4679;Trader's Circle;;;;;
PROV4680;Kvatch Arena;;;;;
PROV4681;Dasek Moor;;;;;
PROV4682;Horuria;;;;;
PROV4683;Etirina;;;;;
PROV4684;Corannus;;;;;
PROV4685;Jode Stone;;;;;
PROV4686;Akatosh's Shrine;;;;;
PROV4687;Soronius;;;;;
PROV4688;Nornalhorst;;;;;
PROV4689;Faustitotis;;;;;
PROV4690;Nunulusus;;;;;
PROV4691;Seletotis;;;;;
PROV4692;Gray's Hollow;;;;;
PROV4693;Vassorman;;;;;
PROV4694;Bleak Flats;;;;;
PROV4695;Haynote;;;;;
PROV4696;Trader's Luck;;;;;
PROV4697;Ceyatatar;;;;;
PROV4698;Grayrock;;;;;
PROV4699;Grove of Trials;;;;;
PROV4700;Fall's Glade;;;;;
PROV4701;Nuccullus;;;;;
PROV4702;Farinitia;;;;;
PROV4703;Shardrock;;;;;
PROV4704;Wavipter;;;;;
PROV4705;Flarunceia;;;;;
PROV4706;Wind Caves;;;;;
PROV4707;Deserter's Lagoon;;;;;
PROV4708;Sandstone;;;;;
PROV4709;Miscarcand;;;;;
PROV4710;Vashabar;;;;;
PROV4711;Calabolis;;;;;
PROV4712;Mortal;;;;;
PROV4713;Fallen Rock;;;;;
PROV4714;Outcast Inn;;;;;
PROV4715;Rutrix;;;;;
PROV4716;Hoperoot;;;;;
PROV4717;Meridia's Shrine;;;;;
PROV4718;Alermia;;;;;
PROV4719;Sutch;;;;;
PROV4720;Dralectus;;;;;
PROV4721;Varen's Watch;;;;;
PROV4722;Niryastare;;;;;
PROV4723;Lalattoria;;;;;
PROV4724;Ondo;;;;;
PROV4725;Petreia;;;;;
PROV4726;Pedonia;;;;;
PROV4727;Sepades;;;;;
PROV4728;Prinnia;;;;;
PROV4729;Ales;;;;;
PROV4730;Hastrel Hollow;;;;;
PROV4731;Leonagan;;;;;
PROV4732;Leramer;;;;;
PROV4733;Glorilia;;;;;
PROV4734;Varondo;;;;;
PROV4735;Leftwheal;;;;;
PROV4736;Brotch;;;;;
PROV4737;Centurion's Rise;;;;;
PROV4738;Nonungalo;;;;;
PROV4739;Sejanus;;;;;
PROV4740;Sejanus Grounds;;;;;
PROV4741;Arvina;;;;;
PROV4742;Sejanus Outpost;;;;;
PROV4743;Muck Valley;;;;;
PROV4744;Cheydinhal Castle;;;;;
PROV4745;Harlun's Watch;;;;;
PROV4746;Western Cheydinhal;;;;;
PROV4747;Eastern Cheydinhal;;;;;
PROV4748;Penda;;;;;
PROV4749;Bravil Castle;;;;;
PROV4750;Bravil;;;;;
PROV4751;Port Bravil;;;;;
PROV4752;Broken Path;;;;;
PROV4753;Concesius;;;;;
PROV4754;Accata;;;;;
PROV4755;Camine;;;;;
PROV4756;Lucent Citadel;;;;;
PROV4757;Hermaeus Mora's Shrine;;;;;
PROV4758;Warden;;;;;
PROV4759;Varranox;;;;;
PROV4760;Sancre Tor;;;;;
PROV4761;Talwinque;;;;;
PROV4762;Feldagard;;;;;
PROV4763;Echo Mine;;;;;
PROV4764;Noma;;;;;
PROV4765;Leftwheal Granary;;;;;
PROV4766;Marari;;;;;
PROV4767;Lauridara;;;;;
PROV4768;Donen;;;;;
PROV4769;Valente;;;;;
PROV4770;Battlehorn;;;;;
PROV4771;Cloud Top;;;;;
PROV4772;Colovian Crags;;;;;
PROV4773;Rayles;;;;;
PROV4774;Shadowed Path;;;;;
PROV4775;Cuptor;;;;;
PROV4776;Jalvia;;;;;
PROV4777;Plassandra;;;;;
PROV4778;Albotepelus;;;;;
PROV4779;Leyawiin Castle;;;;;
PROV4780;Chapel Hill;;;;;
PROV4781;Market Hall;;;;;
PROV4782;Undertow;;;;;
PROV4783;Sylotula;;;;;
PROV4784;Coldcorn;;;;;
PROV4785;Glademist Caves;;;;;
PROV4786;Lindai;;;;;
PROV4787;Autumn Range;;;;;
PROV4788;Bruma Caverns;;;;;
PROV4789;Underpall;;;;;
PROV4790;Tragellia;;;;;
PROV4791;Laundra;;;;;
PROV4792;Shrine of Akatosh;;;;;
PROV4793;Vialias;;;;;
PROV4794;Namira's Shrine;;;;;
PROV4795;Nonia;;;;;
PROV4796;Red Ruby;;;;;
PROV4797;Hedoran;;;;;
PROV4798;Timberscar;;;;;
PROV4799;Crestbridge;;;;;
PROV4800;Wenderbek;;;;;
PROV4801;Epotrix;;;;;
PROV4802;Frostcrag;;;;;
PROV4803;Winter's Reach;;;;;
PROV4804;Winter's Outpost;;;;;
PROV4805;Horunn;;;;;
PROV4806;Frostfire Glade;;;;;
PROV4807;Wind Range;;;;;
PROV4808;Vauvia;;;;;
PROV4809;Quickwater;;;;;
PROV4810;Arrius;;;;;
PROV4811;Summer's Pasture;;;;;
PROV4812;Cedibonia;;;;;
PROV4813;Indadrie;;;;;
PROV4814;Frost Fields;;;;;
PROV4815;Kingscrest;;;;;
PROV4816;Azura's Shrine;;;;;
PROV4817;Quicksilver Cave;;;;;
PROV4818;Black Waterside;;;;;
PROV4819;Frastita;;;;;
PROV4820;Desolate Mine;;;;;
PROV4821;Barren Caves;;;;;
PROV4822;Iron Gate;;;;;
PROV4823;Dergim;;;;;
PROV4824;Viviera;;;;;
PROV4825;Vonannus;;;;;
PROV4826;Cold-Blood Cavern;;;;;
PROV4827;Epolbia;;;;;
PROV4828;Ciinora;;;;;
PROV4829;Ellehar;;;;;
PROV4830;Bunari;;;;;
PROV4831;Loverstone;;;;;
PROV4832;Isona;;;;;
PROV4833;Tiridenius;;;;;
PROV4834;Helrina;;;;;
PROV4835;Plalilius;;;;;
PROV4836;Foothills;;;;;
PROV4837;Arrowshaft;;;;;
PROV4838;Ginstance;;;;;
PROV4839;Malada;;;;;
PROV4840;Belone;;;;;
PROV4841;Ratia;;;;;
PROV4842;Caesenshield;;;;;
PROV4843;Vaermina's Shrine;;;;;
PROV4844;Croocked Finger;;;;;
PROV4845;Blue Road;;;;;
PROV4846;Gonureius;;;;;
PROV4847;Nagastani;;;;;
PROV4848;Wellspring;;;;;
PROV4849;Salatia;;;;;
PROV4850;Goldinia;;;;;
PROV4851;Silattia;;;;;
PROV4852;Augustia;;;;;
PROV4853;Naso;;;;;
PROV4854;Wayshrine of Akatosh;;;;;
PROV4855;Swampy Cave;;;;;
PROV4856;Dark Fissure;;;;;
PROV4857;Carbo;;;;;
PROV4858;Alcexedes;;;;;
PROV4859;Facian;;;;;
PROV4860;Trebarnia;;;;;
PROV4861;Felonicus;;;;;
PROV4862;Cinnanus;;;;;
PROV4863;Mage Stone;;;;;
PROV4864;Fulione;;;;;
PROV4865;Rohaten;;;;;
PROV4866;Laftely;;;;;
PROV4867;Simplintula;;;;;
PROV4868;Ahelene;;;;;
PROV4869;Bogwater;;;;;
PROV4870;Bejehaz;;;;;
PROV4871;Deepscorn;;;;;
PROV4872;Salacia;;;;;
PROV4873;Blueblood;;;;;
PROV4874;Ottusius;;;;;
PROV4875;Wototepelus;;;;;
PROV4876;Onyx Caverns;;;;;
PROV4877;Etibrina;;;;;
PROV4878;Tidewater;;;;;
PROV4879;Darkfathom;;;;;
PROV4880;Alcettia;;;;;
PROV4881;Gine;;;;;
PROV4882;Vulpinaz;;;;;
PROV4883;Panther's Mouth;;;;;
PROV4884;Vianolian;;;;;
PROV4885;Plotonus;;;;;
PROV4886;Accastira;;;;;
PROV4887;Redman;;;;;
PROV4888;Ritual Stone;;;;;
PROV4889;Felatius;;;;;
PROV4890;Naristia;;;;;
PROV4891;Salvitto;;;;;
PROV4892;Tunara;;;;;
PROV4893;Old Deathwart;;;;;
PROV4894;Oranonus;;;;;
PROV4895;Arnolena;;;;;
PROV4896;Arrialvia;;;;;
PROV4897;Brononia;;;;;
PROV4898;Invusus;;;;;
PROV4899;Joranari;;;;;
PROV4900;Gaedrie;;;;;
PROV4901;Sundercliff;;;;;
PROV4902;Vendodius;;;;;
PROV4903;Narirlena;;;;;
PROV4904;Arnossandra;;;;;
PROV4905;Angudilius;;;;;
PROV4906;Nigon;;;;;
PROV4907;Selenonia;;;;;
PROV4908;Pelleloe;;;;;
PROV4909;Avissinia;;;;;
PROV4910;Lassilia;;;;;
PROV4911;Avielrina;;;;;
PROV4912;Nanagan;;;;;
PROV4913;Lalinia;;;;;
PROV4914;Mandra;;;;;
PROV4915;Fulusus;;;;;
PROV4916;Redwater Fort;;;;;
PROV4917;Gernet;;;;;
PROV4918;Canolfre;;;;;
PROV4919;Duilus;;;;;
PROV4920;Nenalata;;;;;
PROV4921;Junellia;;;;;
PROV4922;Morahame;;;;;
PROV4923;Leafrot;;;;;
PROV4924;Canonis;;;;;
PROV4925;Viarina;;;;;
PROV4926;Senelia;;;;;
PROV4927;Glademist Fields;;;;;
PROV4928;Gruinoa;;;;;
PROV4929;Martitotis;;;;;
PROV4930;Varabolis;;;;;
PROV4931;Eriria;;;;;
PROV4932;Kindred;;;;;
PROV4933;Redwater Slough;;;;;
PROV4934;Wendelbek;;;;;
PROV4935;Gold-Throat;;;;;
PROV4936;Arenallaise;;;;;
PROV4937;Entius;;;;;
PROV4938;Trossan;;;;;
PROV4939;Celustius;;;;;
PROV4940;Leonianus;;;;;
PROV4941;Facia;;;;;
PROV4942;Cadlew Chapel;;;;;
PROV4943;Flecia;;;;;
PROV4944;Ramey;;;;;
PROV4945;Scerilius;;;;;
PROV4946;Grief;;;;;
PROV4947;Cedrian;;;;;
PROV4948;Lilotta;;;;;
PROV4949;Aurus;;;;;
PROV4950;Delumnus;;;;;
PROV4951;Veduttia;;;;;
PROV4952;Hame;;;;;
PROV4953;Boethiah's Shrine;;;;;
PROV4954;Acicannus;;;;;
PROV4955;Umbralia;;;;;
PROV4956;Shadowgate;;;;;
PROV4957;Cat's-Claw;;;;;
PROV4958;Nalitta;;;;;
PROV4959;Meveria;;;;;
PROV4960;Craerienna;;;;;
PROV4961;Falidicus;;;;;
PROV4962;Drakelowe;;;;;
PROV4963;Squandered Mine;;;;;
PROV4964;Tutia;;;;;
PROV4965;Nebillona;;;;;
PROV4966;Pulilchiotus;;;;;
PROV4967;Ariermana;;;;;
PROV4968;Jucick;;;;;
PROV4969;Pelerida;;;;;
PROV4970;Fralanius;;;;;
PROV4971;Silattoria;;;;;
PROV4972;Ephine;;;;;
PROV4973;Horolena;;;;;
PROV4974;Bernonus;;;;;
PROV4975;Rella;;;;;
PROV4976;Julianos' Wayshrine;;;;;
PROV4977;Fanacas;;;;;
PROV4978;Idolrina;;;;;
PROV4979;Denich;;;;;
PROV4980;Farragut;;;;;
PROV4981;Rickety Mine;;;;;
PROV4982;Kemen;;;;;
PROV4983;Hero Hill;;;;;
PROV4984;Scinia;;;;;
PROV4985;Accanari;;;;;
PROV4986;Marlermia;;;;;
PROV4987;Geonentanus;;;;;
PROV4988;Newt;;;;;
PROV4989;Culotte;;;;;
PROV4990;Crown Point;;;;;
PROV4991;Waelori;;;;;
PROV4992;Restae;;;;;
PROV4993;Shinbone;;;;;
PROV4994;Vanua;;;;;
PROV4995;Salvanus;;;;;
PROV4996;Waterside;;;;;
PROV4997;Andad;;;;;
PROV4998;Cracked Woods;;;;;
PROV4999;Nornal;;;;;
PROV5000;Vilverin;;;;;
PROV5001;Wayshrine of Stendarr;;;;;
PROV5002;Urasek;;;;;
PROV5003;Retellia;;;;;
PROV5004;Vahtacen;;;;;
PROV5005;Arnota;;;;;
PROV5006;Callia;;;;;
PROV5007;Mist Morrow Vale;;;;;
PROV5008;Harlun's Outpost;;;;;
PROV5009;Sercen;;;;;
PROV5010;Thief Stone;;;;;
PROV5011;Sercen Hills;;;;;
PROV5012;Rilitia;;;;;
PROV5013;Broke Pick;;;;;
PROV5014;White Fall;;;;;
PROV5015;Gutted Mine;;;;;
PROV5016;Arrius Caverns;;;;;
PROV5017;Dragon Stone;;;;;
PROV5018;Civicci;;;;;
PROV5019;Gruifora;;;;;
PROV5020;Serpent's Trail;;;;;
PROV5021;Anchellus;;;;;
PROV5022;Abitellia;;;;;
PROV5023;Wilminn;;;;;
PROV5024;Nanellius;;;;;
PROV5025;Chalman;;;;;
PROV5026;Harm's Folly;;;;;
PROV5027;Moss Rock;;;;;
PROV5028;Roxey;;;;;
PROV5029;Gruicina;;;;;
PROV5030;Messiena;;;;;
PROV5031;Doveria;;;;;
PROV5032;Beast's Maw;;;;;
PROV5033;Scererius;;;;;
PROV5034;Sedor;;;;;
PROV5035;Silver Tooth;;;;;
PROV5036;Rielle;;;;;
PROV5037;Pale Pass;;;;;
PROV5038;Jerall Steps;;;;;
PROV5039;Cloud Ruler;;;;;
PROV5040;Piukanda;;;;;
PROV5041;Emenitia;;;;;
PROV5042;Aleswell;;;;;
PROV5043;Fingerbowl;;;;;
PROV5044;Frutta;;;;;
PROV5045;Moranda;;;;;
PROV5046;Lonely Hills;;;;;
PROV5047;Endre's Cave;;;;;
PROV5048;Zimar;;;;;
PROV5049;Posucia;;;;;
PROV5050;Ninendava;;;;;
PROV5051;Twilight Woods;;;;;
PROV5052;Macrain;;;;;
PROV5053;Linal;;;;;
PROV5054;Amber Woodland;;;;;
PROV5055;Lipsand Tarn;;;;;
PROV5056;Gregelliun;;;;;
PROV5057;Aderulia;;;;;
PROV5058;Maviera;;;;;
PROV5059;Nethal;;;;;
PROV5060;Glademist;;;;;
PROV5061;Aurrich;;;;;
PROV5062;Aentea;;;;;
PROV5063;Shadow's Rest;;;;;
PROV5064;Epomitia;;;;;
PROV5065;Hrotanda Vale;;;;;
PROV5066;Horenshield;;;;;
PROV5067;Thraloria;;;;;
PROV5068;Julirana;;;;;
PROV5069;Caetula;;;;;
PROV5070;Facusius;;;;;
PROV5071;Sarmorcella;;;;;
PROV5072;Yellow Tick;;;;;
PROV5073;The Bastion;;;;;
PROV5074;Shrine of Julianos;;;;;
PROV5075;City Sewers;;;;;
PROV5076;Selviloria;;;;;
PROV5077;Sideways;;;;;
PROV5078;Wellspring Island;;;;;
PROV5079;Sena;;;;;
PROV5080;Dynastia;;;;;
PROV5081;Saccori;;;;;
PROV5082;Forsaken Mine;;;;;
PROV5083;Leris;;;;;
PROV5084;Ciicina;;;;;
PROV5085;Shezarr Stone;;;;;
PROV5086;Border Watch;;;;;
PROV5087;Water's Edge;;;;;
PROV5088;Florusus;;;;;
PROV5089;Rockmilk;;;;;
PROV5090;Irony;;;;;
PROV5091;Vesad;;;;;
PROV5092;Bawnwatch;;;;;
PROV5093;Bawn;;;;;
PROV5094;Auguloe;;;;;
PROV5095;Gavunia;;;;;
PROV5096;Meliosus;;;;;
PROV5097;Arriastae;;;;;
PROV5098;Pelletis;;;;;
PROV5099;Martistira;;;;;
PROV5100;Bay Roan;;;;;
PROV5101;Beriel's Lament;;;;;
PROV5102;Anutwyll;;;;;
PROV5103;Wayshrine of Zenithar;;;;;
PROV5104;Veyond Caves;;;;;
PROV5105;Variela's Watch;;;;;
PROV5106;Moffka's Lament;;;;;
PROV5107;Variela;;;;;
PROV5108;Lunar Fang;;;;;
PROV5109;Alessia;;;;;
PROV5110;Sard;;;;;
PROV5111;Sweetwater;;;;;
PROV5112;Riverwatch;;;;;
PROV5113;Ione;;;;;
PROV5114;Mingo;;;;;
PROV5115;Robber's Glen;;;;;
PROV5116;Harcane Grove;;;;;
PROV5117;Hircine's Shrine;;;;;
PROV5118;Pothole;;;;;
PROV5119;Rasandia;;;;;
PROV5120;Hermitotis;;;;;
PROV5121;Black Boot;;;;;
PROV5122;Mist Mirror;;;;;
PROV5123;Gray Viper;;;;;
PROV5124;Roebeck;;;;;
PROV5125;Nenyond Twyll;;;;;
PROV5126;Rafonia;;;;;
PROV5127;Thalara;;;;;
PROV5128;Tower Stone;;;;;
PROV5129;Old Bridge;;;;;
PROV5130;Indantina;;;;;
PROV5131;Old Priory;;;;;
PROV5132;Blessed Water;;;;;
PROV5133;Nisin;;;;;
PROV5134;Nucorman;;;;;
PROV5135;Stone of Apprentice;;;;;
PROV5136;Strident Springs;;;;;
PROV5137;Haldain;;;;;
PROV5138;Fortune's Bluff;;;;;
PROV5139;Silorn;;;;;
PROV5140;Bloodcrust;;;;;
PROV5141;Warrior Stone;;;;;
PROV5142;Kynareth's Wayshrine;;;;;
PROV5143;Derilict Mine;;;;;
PROV5144;Vlastarus;;;;;
PROV5145;Silverscale;;;;;
PROV5146;Rock Bone;;;;;
PROV5147;Greenmead;;;;;
PROV5148;Collarbone;;;;;
PROV5149;Breakneck;;;;;
PROV5150;Kynareth's Grotto;;;;;
PROV5151;Shrine of Kynareth;;;;;
PROV5152;Green Leaf;;;;;
PROV5153;Clirmia;;;;;
PROV5154;Brindle Home;;;;;
PROV5155;Petilius;;;;;
PROV5156;Gottlesfont;;;;;
PROV5157;Shadeleaf;;;;;
PROV5158;Odiil;;;;;
PROV5159;Riara;;;;;
PROV5160;Ash;;;;;
PROV5161;Valgudilius;;;;;
PROV5162;Broken Promises;;;;;
PROV5163;Domistae;;;;;
PROV5164;Hackdirt Caverns;;;;;
PROV5165;Vlindrel;;;;;
PROV5166;Colovia;;;;;
PROV5167;Legion's Rest;;;;;
PROV5168;Elenglynn;;;;;
PROV5169;Goblin's Nest;;;;;
PROV5170;Ogre Valley;;;;;
PROV5171;Greenwaters;;;;;
PROV5172;Shrine of Dibella;;;;;
PROV5173;Wendir;;;;;
PROV5174;Hackdirt;;;;;
PROV5175;Carmala;;;;;
PROV5176;Rialias;;;;;
PROV5177;Ontus;;;;;
PROV5178;Stendarr's Shrine;;;;;
PROV5179;Fentusta;;;;;
PROV5180;Caminna;;;;;
PROV5181;Olo;;;;;
PROV5182;Julianos' Shrine;;;;;
PROV5183;Rock Bottom;;;;;
PROV5184;Weatherleah;;;;;
PROV5185;Jone Stone;;;;;
PROV5186;Kynareth's Shrine;;;;;
PROV5187;Dirich;;;;;
PROV5188;Sanguine's Shrine;;;;;
PROV5189;Valley View;;;;;
PROV5190;Arkay's Shrine;;;;;
PROV5191;Moon Keep;;;;;
PROV5192;Fat Ramp;;;;;
PROV5193;Fyrelight;;;;;
PROV5194;Ostumir;;;;;
PROV5195;Pundicci;;;;;
PROV5196;Singer's Outpost;;;;;
PROV5197;Istirus;;;;;
PROV5198;Ra'sava;;;;;
PROV5199;Gnoll's Meeting;;;;;
PROV5200;Dagny;;;;;
PROV5201;Linchal;;;;;
PROV5202;Vunenix;;;;;
PROV5203;Atronach Stone;;;;;
PROV5204;Mongrel's Tooth;;;;;
PROV5205;At-Himah;;;;;
PROV5206;Petta;;;;;
PROV5207;Correllia;;;;;
PROV5208;Wayshrine of Arkay;;;;;
PROV5209;Tughtki;;;;;
PROV5210;Fammastina;;;;;
PROV5211;Sithian Stone;;;;;
PROV5212;Latara;;;;;
PROV5213;Macabolis;;;;;
PROV5214;Shetcombe;;;;;
PROV5215;Wariel;;;;;
PROV5216;Tasaso;;;;;
PROV5217;Black Drake;;;;;
PROV5218;Trumbe;;;;;
PROV5219;Nuccius' Mill;;;;;
PROV5220;Eporlena;;;;;
PROV5221;Agridicus;;;;;
PROV5222;Ramatius;;;;;
PROV5223;Augunoa;;;;;
PROV5224;Hastrel;;;;;
PROV5225;Horseshoe;;;;;
PROV5226;Jode's Pocket;;;;;
PROV5227;Vautellia;;;;;
PROV5228;Strid Enclave;;;;;
PROV5229;Strid Overlook;;;;;
PROV5230;Blacaria;;;;;
PROV5231;Caecinora;;;;;
PROV5232;Bodean;;;;;
PROV5233;Brittlerock;;;;;
PROV5234;Aercella;;;;;
PROV5235;Fin Gleam;;;;;
PROV5236;Lady Stone;;;;;
PROV5237;Wayshrine of Mara;;;;;
PROV5238;Hastel;;;;;
PROV5239;Lalaifre;;;;;
PROV5240;Crownhaven;;;;;
PROV5241;Beldaburo;;;;;
PROV5242;Knightsgrave;;;;;
PROV5243;Malacath's Shrine;;;;;
PROV5244;Oressinia;;;;;
PROV5245;Crayfish;;;;;
PROV5246;Cadria;;;;;
PROV5247;Horollecia;;;;;
PROV5248;Shadow Stone;;;;;
PROV5249;Kvatch Castle;;;;;
PROV5250;Janseric;;;;;
PROV5251;Steed Stone;;;;;
PROV5252;Belda;;;;;
PROV5253;Prilene;;;;;
PROV5254;Menagan;;;;;
PROV5255;Antovita;;;;;
PROV5256;Mara's Shrine;;;;;
PROV5257;Aetherius Stone;;;;;
PROV5258;Erilvia;;;;;
PROV5259;Bloody Grasslands;;;;;
PROV5260;Garcella;;;;;
PROV5261;Faregyl;;;;;
PROV5262;Zenithar's Shrine;;;;;
PROV5263;Jullello;;;;;
PROV5264;Molag Bal's Shrine;;;;;
PROV5265;Wooden Hand;;;;;
PROV5266;Serpent Hollow;;;;;
PROV5267;Narfinsel;;;;;
PROV5268;Bloodrun;;;;;
PROV5269;Pantherfang;;;;;
PROV5270;Farmer's Nook;;;;;
PROV5271;Saccia;;;;;
PROV5272;Mara's Wayshrine;;;;;
PROV5273;Nocturnal's Shrine;;;;;
PROV5274;Nirowe;;;;;
PROV5275;Harevelus;;;;;
PROV5276;Toad-Tongue;;;;;
PROV5277;Pentic Run;;;;;
PROV5278;Magnus Stone;;;;;
PROV5279;Dzonot Cave;;;;;
PROV5280;Fatback;;;;;
PROV5281;Waterfront;;;;;
PROV5282;Imperial City;;;;;
PROV5283;Faldar's Tooth;;;;;
PROV5284;Wisplight Glen;;;;;
PROV5285;Merryfair;;;;;
PROV5286;Hunter's Glade;;;;;
PROV5287;Dawn's Peak;;;;;
PROV5288;Dawnstar;;;;;
PROV5289;Windward Barrow;;;;;
PROV5290;Quicksilver Hills;;;;;
PROV5291;Runalla;;;;;
PROV5292;Grerria;;;;;
PROV5293;Windhelm;;;;;
PROV5294;Anga's Mill;;;;;
PROV5295;Brylana;;;;;
PROV5296;Ilfhi;;;;;
PROV5297;Pargran;;;;;
PROV5298;Eldergleam;;;;;
PROV5299;Darkwater Crossing;;;;;
PROV5300;Old Sord;;;;;
PROV5301;Ivarstead;;;;;
PROV5302;Shroud Hearth Barrow;;;;;
PROV5303;Ragged Hills;;;;;
PROV5304;Darkwater Pass;;;;;
PROV5305;Teminna;;;;;
PROV5306;Shriekwind;;;;;
PROV5307;Roadside;;;;;
PROV5308;Hesinna;;;;;
PROV5309;Falkreath;;;;;
PROV5310;Iddrtilde;;;;;
PROV5311;Grogret;;;;;
PROV5312;Mackirek;;;;;
PROV5313;Bard's Leap;;;;;
PROV5314;Bilegulch Ridge;;;;;
PROV5315;Yngvild;;;;;
PROV5316;Nilda;;;;;
PROV5317;Aetaete;;;;;
PROV5318;Fanais;;;;;
PROV5319;Tildar;;;;;
PROV5320;Jofkja;;;;;
PROV5321;Holsa;;;;;
PROV5322;Autumn's-Gate;;;;;
PROV5323;Eldbjorg;;;;;
PROV5324;Dragon's Hallow;;;;;
PROV5325;Treva's Watch;;;;;
PROV5326;Tumble Arch;;;;;
PROV5327;Korvanjund;;;;;
PROV5328;Shrouded Grove;;;;;
PROV5329;Hreisvar;;;;;
PROV5330;Laintar Dale;;;;;
PROV5331;Whiterun;;;;;
PROV5332;Battle-Born;;;;;
PROV5333;Tundra Meadow;;;;;
PROV5334;Chillfurrow;;;;;
PROV5335;Dragonsreach;;;;;
PROV5336;Labyrinthian;;;;;
PROV5337;Hamvir's Rest;;;;;
PROV5338;Dustman's Cairn;;;;;
PROV5339;Greenspring Hollow;;;;;
PROV5340;Swindler's Hills;;;;;
PROV5341;Sleeping Tree;;;;;
PROV5342;Rigla;;;;;
PROV5343;Lone Mountain;;;;;
PROV5344;Morthal;;;;;
PROV5345;Freyke;;;;;
PROV5346;Myrwatch;;;;;
PROV5347;Faidrior;;;;;
PROV5348;Solitude;;;;;
PROV5349;Port Solitude;;;;;
PROV5350;Edlado;;;;;
PROV5351;Ironback;;;;;
PROV5352;Fastca;;;;;
PROV5353;Macade;;;;;
PROV5354;Volkihar;;;;;
PROV5355;Harmugstahl;;;;;
PROV5356;Karthwasten;;;;;
PROV5357;Blind Cliff;;;;;
PROV5358;Eyjanhvir;;;;;
PROV5359;Druadach Redoubt;;;;;
PROV5360;Hefydis;;;;;
PROV5361;Markarth;;;;;
PROV5362;Amber Guard;;;;;
PROV5363;Salvius;;;;;
PROV5364;Kolskeggr;;;;;
PROV5365;Lost Echo;;;;;
PROV5366;Volskygge;;;;;
PROV5367;Pinemoon;;;;;
PROV5368;Pinefrost;;;;;
PROV5369;Deepwood;;;;;
PROV5370;Ysmgar's Beach;;;;;
PROV5371;Matlreir;;;;;
PROV5372;Svaone;;;;;
PROV5373;Widow's Watch;;;;;
PROV5374;Kyne's Aegis;;;;;
PROV5375;Ravenscar;;;;;
PROV5376;Broken Oar;;;;;
PROV5377;Northern Watch;;;;;
PROV5378;Vale Forest;;;;;
PROV5379;Sharpslope;;;;;
PROV5380;Vale Caves;;;;;
PROV5381;Vale Overlook;;;;;
PROV5382;Vale Sanctum;;;;;
PROV5383;Frabidil;;;;;
PROV5384;Risiri;;;;;
PROV5385;Earth Forge;;;;;
PROV5386;Aelaten;;;;;
PROV5387;Sundered Land;;;;;
PROV5388;Wolfskull;;;;;
PROV5389;Clearpine;;;;;
PROV5390;Ondidreid;;;;;
PROV5391;Ilfbbi;;;;;
PROV5392;Hraggstad;;;;;
PROV5393;Bthardamz;;;;;
PROV5394;Ragnvald;;;;;
PROV5395;Abeluki;;;;;
PROV5396;Frisa;;;;;
PROV5397;Nalzthdbar Great Lift;;;;;
PROV5398;Purewater;;;;;
PROV5399;Briar Rock;;;;;
PROV5400;Dead Crone Rock;;;;;
PROV5401;Hag Rock;;;;;
PROV5402;Rebel's Cairn;;;;;
PROV5403;Sundered Towers;;;;;
PROV5404;Broken Tower;;;;;
PROV5405;Karthwatch;;;;;
PROV5406;Lainalten;;;;;
PROV5407;Valthume;;;;;
PROV5408;Editsine;;;;;
PROV5409;Arkngthamz;;;;;
PROV5410;Fryslevi;;;;;
PROV5411;Dushnikh Yal;;;;;
PROV5412;Cracked Tusk Keep;;;;;
PROV5413;Twilight Sepulcher;;;;;
PROV5414;Evergreen Woods;;;;;
PROV5415;Narrgela;;;;;
PROV5416;Evergreen Grove;;;;;
PROV5417;Old Hroldan;;;;;
PROV5418;Ranglfrodi;;;;;
PROV5419;Karthspire Bluffs;;;;;
PROV5420;Soljund's Sinkhole;;;;;
PROV5421;Darkfall;;;;;
PROV5422;Bthar-Zel;;;;;
PROV5423;Reachwater Pass;;;;;
PROV5424;Leap Redoubt;;;;;
PROV5425;Hag's End;;;;;
PROV5426;Snowhawk;;;;;
PROV5427;Forebears' Holdout;;;;;
PROV5428;Karth Forest;;;;;
PROV5429;Black Morass;;;;;
PROV5430;Honning Fields;;;;;
PROV5431;Pelagia;;;;;
PROV5432;Western Watchtower;;;;;
PROV5433;Vigde;;;;;
PROV5434;Reysel;;;;;
PROV5435;Syldi;;;;;
PROV5436;Aldievi;;;;;
PROV5437;Evetsta;;;;;
PROV5438;Hob's Fall;;;;;
PROV5439;Nanonius;;;;;
PROV5440;Vigdjorg;;;;;
PROV5441;Shimmermist;;;;;
PROV5442;Whitewatch;;;;;
PROV5443;Loreius;;;;;
PROV5444;Heljarchen;;;;;
PROV5445;Shrine of Azura;;;;;
PROV5446;Greysten;;;;;
PROV5447;Hrefsi;;;;;
PROV5448;Sightless Pit;;;;;
PROV5449;Anthor;;;;;
PROV5450;Mavetlogi;;;;;
PROV5451;Ysgramor's Tomb;;;;;
PROV5452;Concucia;;;;;
PROV5453;Fellhammer;;;;;
PROV5454;Vibla;;;;;
PROV5455;Driena;;;;;
PROV5456;Dunstad;;;;;
PROV5457;Stillborn;;;;;
PROV5458;Njaddir;;;;;
PROV5459;Sappika;;;;;
PROV5460;Thaior;;;;;
PROV5461;Itary;;;;;
PROV5462;Brandy-Mug;;;;;
PROV5463;Hrokvild;;;;;
PROV5464;Hollyfrost;;;;;
PROV5465;Giant's Heart;;;;;
PROV5466;Kynesgrove;;;;;
PROV5467;Iddrerica;;;;;
PROV5468;Icehammer;;;;;
PROV5469;Narzulbur;;;;;
PROV5470;Mzulft;;;;;
PROV5471;Cragwallow;;;;;
PROV5472;Mara's Eye;;;;;
PROV5473;Uttering Hills;;;;;
PROV5474;Gallows Rock;;;;;
PROV5475;Cradlecrush;;;;;
PROV5476;Adiith;;;;;
PROV5477;Driftshade;;;;;
PROV5478;Frostflow;;;;;
PROV5479;Snowpoint;;;;;
PROV5480;Bloodchill;;;;;
PROV5481;Narly;;;;;
PROV5482;Mzinchaleft;;;;;
PROV5483;Red Road Pass;;;;;
PROV5484;Hall of the Vigilant;;;;;
PROV5485;Imsisa;;;;;
PROV5486;Jorold;;;;;
PROV5487;Hillgrund's Tomb;;;;;
PROV5488;Unaird;;;;;
PROV5489;Vibeie;;;;;
PROV5490;Moraheme;;;;;
PROV5491;Folgunthur;;;;;
PROV5492;Apprentice Stone;;;;;
PROV5493;Voljar;;;;;
PROV5494;Forsaken;;;;;
PROV5495;Yorgrim Overlook;;;;;
PROV5496;Bronzewater;;;;;
PROV5497;Nightgate;;;;;
PROV5498;Greymoor;;;;;
PROV5499;Matlgreir;;;;;
PROV5500;Secunda's Kiss;;;;;
PROV5501;Redoran's Retreat;;;;;
PROV5502;White River Watch;;;;;
PROV5503;Ingunhvir;;;;;
PROV5504;Riverwood;;;;;
PROV5505;Hrote;;;;;
PROV5506;Half-Moon;;;;;
PROV5507;North Keep;;;;;
PROV5508;Ilinalta's Deep;;;;;
PROV5509;Falkreath Watchtower;;;;;
PROV5510;Lakeview;;;;;
PROV5511;Arriammana;;;;;
PROV5512;Astarek;;;;;
PROV5513;Pinewatch;;;;;
PROV5514;Peak's Shade;;;;;
PROV5515;Orphan Rock;;;;;
PROV5516;Orlel;;;;;
PROV5517;Skybound Watch;;;;;
PROV5518;Abelthe;;;;;
PROV5519;Nilsari;;;;;
PROV5520;Aleide;;;;;
PROV5521;Groski;;;;;
PROV5522;Runaika;;;;;
PROV5523;Astrndolyn;;;;;
PROV5524;Haemar's Shame;;;;;
PROV5525;High Hrothgar;;;;;
PROV5526;Pinepeak;;;;;
PROV5527;Fjorior;;;;;
PROV5528;Graywinter;;;;;
PROV5529;Guldun;;;;;
PROV5530;Liesekke;;;;;
PROV5531;Punacia;;;;;
PROV5532;Lion's Valley;;;;;
PROV5533;Honeystrand;;;;;
PROV5534;Botimor;;;;;
PROV5535;Geir Meadow;;;;;
PROV5536;Germund's Hall;;;;;
PROV5537;Nightingale Hall;;;;;
PROV5538;Snow-Shod;;;;;
PROV5539;Lost Tongue;;;;;
PROV5540;Riften;;;;;
PROV5541;Largashbur;;;;;
PROV5542;Heartwood;;;;;
PROV5543;Avanchnzel;;;;;
PROV5544;Honrich;;;;;
PROV5545;Angarvunde;;;;;
PROV5546;Olenveld;;;;;
PROV5547;Giant's Tooth;;;;;
PROV5548;Starkad;;;;;
PROV5549;Forelhost;;;;;
PROV5550;Dawnguard;;;;;
PROV5551;Gromm's Pass;;;;;
PROV5552;Dayspring Canyon;;;;;
PROV5553;Stendarr's Beacon;;;;;
PROV5554;Friki;;;;;
PROV5555;Great Lift at Raldbthar;;;;;
PROV5556;Reydlaith;;;;;
PROV5557;Raldbthar;;;;;
PROV5558;Fulstrom;;;;;
PROV5559;Yngol Barrow;;;;;
PROV5560;Traitor's Post;;;;;
PROV5561;Refugees' Rest;;;;;
PROV5562;Sacellum of Boethiah;;;;;
PROV5563;Riverside;;;;;
PROV5564;Cronvangr;;;;;
PROV5565;Broken Limb;;;;;
PROV5566;Erimor;;;;;
PROV5567;Bonestrewn Crest;;;;;
PROV5568;Witchmist;;;;;
PROV5569;Steamcrag;;;;;
PROV5570;Wittestadr;;;;;
PROV5571;Dragon Wood;;;;;
PROV5572;Frostroot;;;;;
PROV5573;Ansilvund;;;;;
PROV5574;Kagrenzel;;;;;
PROV5575;Stony Creek;;;;;
PROV5576;Dwarven Woods;;;;;
PROV5577;Cragslane;;;;;
PROV5578;Mistwatch;;;;;
PROV5579;Berred;;;;;
PROV5580;Hfirorg;;;;;
PROV5581;Nilheim;;;;;
PROV5582;Mammoth Ridge;;;;;
PROV5583;Frodokning;;;;;
PROV5584;Rift Watchtower;;;;;
PROV5585;Vermin Woods;;;;;
PROV5586;Northwind;;;;;
PROV5587;Reich Corigate;;;;;
PROV5588;Clearspring;;;;;
PROV5589;Snapleg;;;;;
PROV5590;Shor's Watchtower;;;;;
PROV5591;Tolvald's Cave;;;;;
PROV5592;Ruunvald;;;;;
PROV5593;Last Vigil;;;;;
PROV5594;Greenwall;;;;;
PROV5595;Goldenglow;;;;;
PROV5596;Frostmoon;;;;;
PROV5597;Rkund;;;;;
PROV5598;Darklight;;;;;
PROV5599;Crystaldrift;;;;;
PROV5600;Shor's Stone;;;;;
PROV5601;Autumnshade;;;;;
PROV5602;Redwater;;;;;
PROV5603;Boulderfall;;;;;
PROV5604;Shearpoint;;;;;
PROV5605;Valtheim;;;;;
PROV5606;Fellglow;;;;;
PROV5607;Huksi;;;;;
PROV5608;Ysolerd;;;;;
PROV5609;Whitepass;;;;;
PROV5610;Autumnwatch;;;;;
PROV5611;Bthalft;;;;;
PROV5612;Taarengrav;;;;;
PROV5613;Arcwind;;;;;
PROV5614;Amol Falls;;;;;
PROV5615;Amol;;;;;
PROV5616;Frostwater;;;;;
PROV5617;Frigit Grotto;;;;;
PROV5618;Lost Knife;;;;;
PROV5619;Nimalten;;;;;
PROV5620;Grethel's Vigil;;;;;
PROV5621;Frozheim;;;;;
PROV5622;Hoddokning;;;;;
PROV5623;Ruka;;;;;
PROV5624;Freima;;;;;
PROV5625;Hreiif;;;;;
PROV5626;Neugrad;;;;;
PROV5627;Tormgarte;;;;;
PROV5628;Southfringe;;;;;
PROV5629;Aleading;;;;;
PROV5630;Fjorfnhild;;;;;
PROV5631;Skybound Barrow;;;;;
PROV5632;Jorlka;;;;;
PROV5633;Thala;;;;;
PROV5634;Isgde;;;;;
PROV5635;Bloodlet Keep;;;;;
PROV5636;Ancestor Glade;;;;;
PROV5637;Jofrrica;;;;;
PROV5638;Angi's Camp;;;;;
PROV5639;Fredda;;;;;
PROV5640;Greywater;;;;;
PROV5641;Helgen;;;;;
PROV5642;Bonechill;;;;;
PROV5643;Ancient's Ascent;;;;;
PROV5644;Voralla;;;;;
PROV5645;Embershard;;;;;
PROV5646;Three Guardians;;;;;
PROV5647;Riverview;;;;;
PROV5648;Giant's Grove;;;;;
PROV5649;Black-Briar;;;;;
PROV5650;Fallowstone;;;;;
PROV5651;Longstride;;;;;
PROV5652;Anneirek;;;;;
PROV5653;Halldir's Cairn;;;;;
PROV5654;Aetao;;;;;
PROV5655;Dagnlara;;;;;
PROV5656;Knifepoint;;;;;
PROV5657;Glenmoril Coven;;;;;
PROV5658;Bannermist;;;;;
PROV5659;Hunter's Rest;;;;;
PROV5660;Granitehall;;;;;
PROV5661;Cradle Stone;;;;;
PROV5662;Runoff Caverns;;;;;
PROV5663;Iddra;;;;;
PROV5664;Herga;;;;;
PROV5665;Vateshran;;;;;
PROV5666;Lost Valley;;;;;
PROV5667;Gloomreach;;;;;
PROV5668;Gretmor;;;;;
PROV5669;Petilief;;;;;
PROV5670;Reachcliff;;;;;
PROV5671;Reachwind;;;;;
PROV5672;Reachwater Rock;;;;;
PROV5673;Left Hand;;;;;
PROV5674;Sky Haven;;;;;
PROV5675;Four Skull;;;;;
PROV5676;Thaeba;;;;;
PROV5677;Abega;;;;;
PROV5678;Karthspire;;;;;
PROV5679;Lover Stone;;;;;
PROV5680;Ragnvald Vale;;;;;
PROV5681;Shrine of Peryite;;;;;
PROV5682;Arkthzand Great Lift;;;;;
PROV5683;Dragontooth;;;;;
PROV5684;South Brittleshin;;;;;
PROV5685;Hafjyf;;;;;
PROV5686;Alerdis;;;;;
PROV5687;Aniet;;;;;
PROV5688;Bleak Falls;;;;;
PROV5689;North Brittleshin;;;;;
PROV5690;Eydljot;;;;;
PROV5691;Oak Woods;;;;;
PROV5692;Igrra;;;;;
PROV5693;Bloated Grotto;;;;;
PROV5694;Sungard;;;;;
PROV5695;Sunderstone;;;;;
PROV5696;Hendraheim;;;;;
PROV5697;Alvinhilde;;;;;
PROV5698;Tovaella;;;;;
PROV5699;Mabjgird;;;;;
PROV5700;Talking Stone;;;;;
PROV5701;Rorikstead;;;;;
PROV5702;Black Moor;;;;;
PROV5703;Emfrljot;;;;;
PROV5704;Jensuki;;;;;
PROV5705;Gjukar's Monument;;;;;
PROV5706;Great Henge;;;;;
PROV5707;Aeteror;;;;;
PROV5708;Broken Fang;;;;;
PROV5709;Kirgeira;;;;;
PROV5710;Bleakwind Basin;;;;;
PROV5711;Erigeira;;;;;
PROV5712;Halted Stream;;;;;
PROV5713;Macaild;;;;;
PROV5714;Ironbind Barrow;;;;;
PROV5715;Silverdrift;;;;;
PROV5716;Brinsi;;;;;
PROV5717;Weynon;;;;;
PROV5718;Gistred;;;;;
PROV5719;Eydiia;;;;;
PROV5720;Hoddard;;;;;
PROV5721;Silent Moons;;;;;
PROV5722;Aleaie;;;;;
PROV5723;Volunruud;;;;;
PROV5724;Serpent Island;;;;;
PROV5725;Rockjoint;;;;;
PROV5726;Salt Island;;;;;
PROV5727;Hyrigvild;;;;;
PROV5728;Helasel;;;;;
PROV5729;Holmif;;;;;
PROV5730;Snow Veil;;;;;
PROV5731;Helasine;;;;;
PROV5732;Journeyman's Nook;;;;;
PROV5733;Bleakcoast;;;;;
PROV5734;Gorta;;;;;
PROV5735;Whistling Rock;;;;;
PROV5736;Agnese;;;;;
PROV5737;Saarthal;;;;;
PROV5738;Fortress of Ice;;;;;
PROV5739;Winterhold;;;;;
PROV5740;Alealogi;;;;;
PROV5741;Greiide;;;;;
PROV5742;Weyward Pass;;;;;
PROV5743;Helarchen Creek;;;;;
PROV5744;Alftand;;;;;
PROV5745;Tower Coast;;;;;
PROV5746;Giant's Run;;;;;
PROV5747;Morvunskar;;;;;
PROV5748;Lydny;;;;;
PROV5749;Mixwater;;;;;
PROV5750;Valmgeira;;;;;
PROV5751;Isgeid;;;;;
PROV5752;Mavedolyn;;;;;
PROV5753;Eisilief;;;;;
PROV5754;Jofskahr;;;;;
PROV5755;Ruskahr;;;;;
PROV5756;Mor Khazgur;;;;;
PROV5757;Castle Thorn;;;;;
PROV5758;Giant's Coast;;;;;
PROV5759;Dragonhome;;;;;
PROV5760;Rimerock;;;;;
PROV5761;Hefde;;;;;
PROV5762;Aeruki;;;;;
PROV5763;Greybone;;;;;
PROV5764;Steepfall;;;;;
PROV5765;Northwatch;;;;;
PROV5766;Eirine;;;;;
PROV5767;Neesmee;;;;;
PROV5768;Brinewater;;;;;
PROV5769;Highland;;;;;
PROV5770;Wolf's Eye;;;;;
PROV5771;Gwenar;;;;;
PROV5772;Shadowgreen;;;;;
PROV5773;Kilkreath;;;;;
PROV5774;Birndur;;;;;
PROV5775;Katla;;;;;
PROV5776;Dragon Bridge;;;;;
PROV5777;Svarica;;;;;
PROV5778;Cliffside Retreat;;;;;
PROV5779;Chilblain Peak;;;;;
PROV5780;Dragon Overlook;;;;;
PROV5781;Nilsana;;;;;
PROV5782;Cliffside;;;;;
PROV5783;Chillwind;;;;;
PROV5784;Karthald;;;;;
PROV5785;Silversnow;;;;;
PROV5786;Orothheim;;;;;
PROV5787;Brood Cavern;;;;;
PROV5788;Cold Rock;;;;;
PROV5789;Gislara;;;;;
PROV5790;Ondjaarn;;;;;
PROV5791;Robber's Gorge;;;;;
PROV5792;Robber's Bluffs;;;;;
PROV5793;Dead Men's Respite;;;;;
PROV5794;Silderd;;;;;
PROV5795;Vorigja;;;;;
PROV5796;Eldersblood Peak;;;;;
PROV5797;Matior;;;;;
PROV5798;Rannveig's Fast;;;;;
PROV5799;Valkygg;;;;;
PROV5800;Skyborn;;;;;
PROV5801;Stonehill;;;;;
PROV5802;Frostmere;;;;;
PROV5803;Dimhollow;;;;;
PROV5804;Bernja;;;;;
PROV5805;Agatgritte;;;;;
PROV5806;Great Lift at Mzinchaleft;;;;;
PROV5807;Sonjida;;;;;
PROV5808;Frozen Coast;;;;;
PROV5809;Uthgke;;;;;
PROV5810;Oldarior;;;;;
PROV5811;Fanairek;;;;;
PROV5812;Kerai;;;;;
PROV5813;Nemexa;;;;;
PROV5814;Ronageth;;;;;
PROV5815;College of Winterhold;;;;;
PROV5816;Skytemple;;;;;
PROV5817;Great Lift at Alftand;;;;;
PROV5818;Serpent's Bluff;;;;;
PROV5819;Bleakwind;;;;;
PROV5820;Moldering Barrow;;;;;
PROV5821;Mzark;;;;;
PROV5822;Blizzard Rest;;;;;
PROV5823;Tekltla;;;;;
PROV5824;Duskglow;;;;;
PROV5825;Dunpar Wall;;;;;
PROV5826;Valetlogi;;;;;
PROV5827;Nilsten;;;;;
PROV5828;Darkshade;;;;;
PROV5829;Thrlda;;;;;
PROV5830;Irkngthand;;;;;
PROV5831;Alfold;;;;;
PROV5832;Movarth's Lair;;;;;
PROV5833;Hailstone Valley;;;;;
PROV5834;Kjenstag;;;;;
PROV5835;Stonehills;;;;;
PROV5836;Hidatilde;;;;;
PROV5837;High Gate;;;;;
PROV5838;Windstad;;;;;
PROV5839;Ustengrav;;;;;
PROV5840;Sigil-a-Bang;;;;;
PROV5841;Aldingwall;;;;;
PROV5842;Sigil Cardhon;;;;;
PROV5843;Man's Hallows;;;;;
PROV5844;Glenpoint;;;;;
PROV5845;Vale of Guardians;;;;;
PROV5846;Baelborne;;;;;
PROV5847;Singfort;;;;;
PROV5848;Kaethar;;;;;
PROV5849;Chill Point;;;;;
PROV5850;Bralas;;;;;
PROV5851;Camlorn;;;;;
PROV5852;Eagle's Brook;;;;;
PROV5853;Balefire;;;;;
PROV5854;Llugwych;;;;;
PROV5855;Ykalon;;;;;
PROV5856;Menevia;;;;;
PROV5857;Lagaur;;;;;
PROV5858;Menevia Catacombs;;;;;
PROV5859;Stonechewer;;;;;
PROV5860;Moonlit Maw;;;;;
PROV5861;Merford;;;;;
PROV5862;Moonguard;;;;;
PROV5863;Merovec;;;;;
PROV5864;Gaudet;;;;;
PROV5865;King's Guard;;;;;
PROV5866;Erokii;;;;;
PROV5867;Moutti;;;;;
PROV5868;Normar Heights;;;;;
PROV5869;Tiernie;;;;;
PROV5870;Nilin;;;;;
PROV5871;Cumberland's Watch;;;;;
PROV5872;Norvulk;;;;;
PROV5873;Beauine;;;;;
PROV5874;Mating;;;;;
PROV5875;Moira's Hope;;;;;
PROV5876;Westmark;;;;;
PROV5877;Crypt of Hearts;;;;;
PROV5878;Paragon's Remembrance;;;;;
PROV5879;Ravenwatch;;;;;
PROV5880;Dufoph;;;;;
PROV5881;Sidrles;;;;;
PROV5882;Riaiette;;;;;
PROV5883;Merchant's Gate;;;;;
PROV5884;Kyrog's Folly;;;;;
PROV5885;Torug's Arch;;;;;
PROV5886;Forlom Watch;;;;;
PROV5887;Gjarma's Rock;;;;;
PROV5888;Halcyon;;;;;
PROV5889;Bisnensel;;;;;
PROV5890;Murcien;;;;;
PROV5891;Thaeld;;;;;
PROV5892;Cliffpoint;;;;;
PROV5893;Portdun;;;;;
PROV5894;Thorport;;;;;
PROV5895;Valton;;;;;
PROV5896;The Harborage;;;;;
PROV5897;Daenia;;;;;
PROV5898;Southern Overlook;;;;;
PROV5899;Julhna;;;;;
PROV5900;Rkindaleft;;;;;
PROV5901;Nyzchaleft Falls;;;;;
PROV5902;Cloud Spring;;;;;
PROV5903;Loreaire;;;;;
PROV5904;Glenumbra;;;;;
PROV5905;Upmont;;;;;
PROV5906;Farwatch;;;;;
PROV5907;Beldama Wyrd;;;;;
PROV5908;Mareanne;;;;;
PROV5909;Zazaradi;;;;;
PROV5910;Westtry;;;;;
PROV5911;Eastleigh;;;;;
PROV5912;Trapjaw's Cove;;;;;
PROV5913;Anticlere;;;;;
PROV5914;Spindleclutch;;;;;
PROV5915;Mesanthano;;;;;
PROV5916;Sighurday;;;;;
PROV5917;Tersse;;;;;
PROV5918;Dorell;;;;;
PROV5919;Pherrie;;;;;
PROV5920;Old Fell;;;;;
PROV5921;Vanne;;;;;
PROV5922;Koegria;;;;;
PROV5923;Nurin;;;;;
PROV5924;Tamrith;;;;;
PROV5925;Frangle's Landing;;;;;
PROV5926;Farangel's Landing;;;;;
PROV5927;Reyford;;;;;
PROV5928;Vermeir;;;;;
PROV5929;Black Wastes;;;;;
PROV5930;Te Port;;;;;
PROV5931;Te Post;;;;;
PROV5932;Razennitte;;;;;
PROV5933;Easttale;;;;;
PROV5934;Fisherman's Island;;;;;
PROV5935;Greyhome;;;;;
PROV5936;Icereach;;;;;
PROV5937;Sorrow;;;;;
PROV5938;Halesse;;;;;
PROV5939;Oldgate;;;;;
PROV5940;Old Shornhelm;;;;;
PROV5941;Shornhelm;;;;;
PROV5942;Valeguard;;;;;
PROV5943;Madeabyth;;;;;
PROV5944;Friendship Gate;;;;;
PROV5945;Arcaere;;;;;
PROV5946;Adille;;;;;
PROV5947;Northpoint;;;;;
PROV5948;Northsalt;;;;;
PROV5949;Siren's Cove;;;;;
PROV5950;Bregha-Fin;;;;;
PROV5951;Westwind;;;;;
PROV5952;Wayside;;;;;
PROV5953;Mournoth;;;;;
PROV5954;Burgbeth;;;;;
PROV5955;Scalecaller;;;;;
PROV5956;Markwasten;;;;;
PROV5957;Delprelie;;;;;
PROV5958;Reldette;;;;;
PROV5959;Lochalaine;;;;;
PROV5960;Bonerock;;;;;
PROV5961;Karthgran;;;;;
PROV5962;Dunlain;;;;;
PROV5963;Evanara;;;;;
PROV5964;Graystone;;;;;
PROV5965;Cryptwatch;;;;;
PROV5966;Bracshire;;;;;
PROV5967;Midbridge;;;;;
PROV5968;Shadowfate;;;;;
PROV5969;Thorkan;;;;;
PROV5970;Orc's Finger;;;;;
PROV5971;Shipwright's Regret;;;;;
PROV5972;Sanguine Barrows;;;;;
PROV5973;Shatul Corral;;;;;
PROV5974;Rime Hammer;;;;;
PROV5975;Scarp Keep;;;;;
PROV5976;Coldperch;;;;;
PROV5977;Carved Hills;;;;;
PROV5978;Grimfield;;;;;
PROV5979;Whitefort;;;;;
PROV5980;Carzog's Demise;;;;;
PROV5981;Matvenne;;;;;
PROV5982;Adrena;;;;;
PROV5983;Muie;;;;;
PROV5984;Reich Grandkeep;;;;;
PROV5985;Ilessan Tower;;;;;
PROV5986;Silumm;;;;;
PROV5987;Shrieking Scar;;;;;
PROV5988;Mineya;;;;;
PROV5989;Sigil-a-Dant;;;;;
PROV5990;Kariwen;;;;;
PROV5991;Knightstown;;;;;
PROV5992;Ald-Galad;;;;;
PROV5993;Red Rook;;;;;
PROV5994;Valewatch;;;;;
PROV5995;Deleyn;;;;;
PROV5996;Dourstone;;;;;
PROV5997;Pheda;;;;;
PROV5998;Joslausa;;;;;
PROV5999;Ebon Wastes;;;;;
PROV6000;Enduum;;;;;
PROV6001;Seaview;;;;;
PROV6002;Grimley;;;;;
PROV6003;Salingire;;;;;
PROV6004;Holleigh;;;;;
PROV6005;Aldshire;;;;;
PROV6006;Ilessa;;;;;
PROV6007;Dresan;;;;;
PROV6008;Aldcroft;;;;;
PROV6009;Pembrook;;;;;
PROV6010;Atraeth;;;;;
PROV6011;Mire Falls;;;;;
PROV6012;Arqena;;;;;
PROV6013;Edesel;;;;;
PROV6014;Traitor's Tor;;;;;
PROV6015;Varlasel;;;;;
PROV6016;The Doomcrag;;;;;
PROV6017;Hag Fen;;;;;
PROV6018;Tangle Rock;;;;;
PROV6019;Khuras;;;;;
PROV6020;Oxwark;;;;;
PROV6021;Cambray Hills;;;;;
PROV6022;Glenumbra Moors;;;;;
PROV6023;Cambray;;;;;
PROV6024;Urvaius;;;;;
PROV6025;Charidge;;;;;
PROV6026;Dwynnen;;;;;
PROV6027;Lion Guard;;;;;
PROV6028;Dwynnarth;;;;;
PROV6029;Northmoor;;;;;
PROV6030;Thoron Brook;;;;;
PROV6031;Cath Bedraud;;;;;
PROV6032;Par Molag;;;;;
PROV6033;Phrygias;;;;;
PROV6034;Ravenguard;;;;;
PROV6035;Aesar's Web;;;;;
PROV6036;Alysinetta;;;;;
PROV6037;Eyebright Feld;;;;;
PROV6038;Crestshade;;;;;
PROV6039;Natcel;;;;;
PROV6040;Meir;;;;;
PROV6041;White Haven;;;;;
PROV6042;Michen;;;;;
PROV6043;Lecester;;;;;
PROV6044;Kambria;;;;;
PROV6045;Crosswych;;;;;
PROV6046;Gwynncine;;;;;
PROV6047;Lor Echad;;;;;
PROV6048;Balfiera;;;;;
PROV6049;Koeg-Galad;;;;;
PROV6050;Sacred Straits;;;;;
PROV6051;Koeglin Watch;;;;;
PROV6052;Nightmare Crag;;;;;
PROV6053;Koeglin Hills;;;;;
PROV6054;Koeglin;;;;;
PROV6055;Boriane;;;;;
PROV6056;Red Petal;;;;;
PROV6057;Ipscart Rock;;;;;
PROV6058;Baellech;;;;;
PROV6059;Tenwe;;;;;
PROV6060;Alcaire Watch;;;;;
PROV6061;Fling Ravan;;;;;
PROV6062;Alcaire;;;;;
PROV6063;Newgate;;;;;
PROV6064;Maboques;;;;;
PROV6065;Windridge;;;;;
PROV6066;Portdun Watch;;;;;
PROV6067;Firebrand;;;;;
PROV6068;Jehanna;;;;;
PROV6069;Pariah's Pinnacle;;;;;
PROV6070;Maelstrom Arena;;;;;
PROV6071;Voanadette;;;;;
PROV6072;Elanna;;;;;
PROV6073;Erlisien;;;;;
PROV6074;Farrun;;;;;
PROV6075;Ogre's Altar;;;;;
PROV6076;Viviselle;;;;;
PROV6077;Eardch;;;;;
PROV6078;Jehanna Port;;;;;
PROV6079;Susadvild;;;;;
PROV6080;Blackbone;;;;;
PROV6081;Mareet;;;;;
PROV6082;Beatrnette;;;;;
PROV6083;Forgemaster Falls;;;;;
PROV6084;Aditinna;;;;;
PROV6085;Morkul Stronghold;;;;;
PROV6086;Faer Mindon;;;;;
PROV6087;Morkuldin Forge;;;;;
PROV6088;Zthenganaz;;;;;
PROV6089;Hasois;;;;;
PROV6090;Labreinace;;;;;
PROV6091;Gaturolg;;;;;
PROV6092;Shatul Range;;;;;
PROV6093;King-Chief's Throne;;;;;
PROV6094;Malacath Statue;;;;;
PROV6095;Meir Thorvale;;;;;
PROV6096;Meir Darguard;;;;;
PROV6097;Jebette;;;;;
PROV6098;Boralis;;;;;
PROV6099;Jackdaw Cove;;;;;
PROV6100;Keraika;;;;;
PROV6101;Tandeya;;;;;
PROV6102;Shedungent;;;;;
PROV6103;Raven Spring;;;;;
PROV6104;Torog's Spite;;;;;
PROV6105;Jolibe;;;;;
PROV6106;Exile's Barrow;;;;;
PROV6107;Uaiynn;;;;;
PROV6108;Eliecelle;;;;;
PROV6109;Amelien;;;;;
PROV6110;Lorkata Hills;;;;;
PROV6111;Old Kralgon;;;;;
PROV6112;Edrald;;;;;
PROV6113;Hoarfrost Downs;;;;;
PROV6114;Longfort;;;;;
PROV6115;Dolues;;;;;
PROV6116;Tumnosh;;;;;
PROV6117;Muingeline;;;;;
PROV6118;Shinji's Scarp;;;;;
PROV6119;Bearclaw;;;;;
PROV6120;Kirkmarket;;;;;
PROV6121;Scrag;;;;;
PROV6122;Vellirue;;;;;
PROV6123;Warmore;;;;;
PROV6124;Gavaudon;;;;;
PROV6125;Dro-Dara;;;;;
PROV6126;Wind Bastion;;;;;
PROV6127;Reywark;;;;;
PROV6128;Sand-Blown;;;;;
PROV6129;Frostbreak;;;;;
PROV6130;Tuntale;;;;;
PROV6131;Wind Keep;;;;;
PROV6132;Shipwreck Cove;;;;;
PROV6133;Grudge-Rock Falls;;;;;
PROV6134;Thukhozod's Sanctum;;;;;
PROV6135;Cumberland Falls;;;;;
PROV6136;Honor's Rest;;;;;
PROV6137;Farangel's Delve;;;;;
PROV6138;Al-Tura;;;;;
PROV6139;Steelheart;;;;;
PROV6140;Hammerdeath;;;;;
PROV6141;Dreugh Waters;;;;;
PROV6142;Bonesnap;;;;;
PROV6143;Aldingbury;;;;;
PROV6144;Traveler's Rest;;;;;
PROV6145;Lor Felag;;;;;
PROV6146;Caylha;;;;;
PROV6147;Watcher's Hold;;;;;
PROV6148;Arthas;;;;;
PROV6149;Masnd;;;;;
PROV6150;Belenette;;;;;
PROV6151;Fell's Run;;;;;
PROV6152;Varlaisvea;;;;;
PROV6153;Saliexa;;;;;
PROV6154;Vedia;;;;;
PROV6155;Dulirah;;;;;
PROV6156;Dorentanus;;;;;
PROV6157;Rene;;;;;
PROV6158;Sastita;;;;;
PROV6159;North Hall;;;;;
PROV6160;Jorabrina;;;;;
PROV6161;Fothan;;;;;
PROV6162;Rakte;;;;;
PROV6163;Clanenix;;;;;
PROV6164;Vlirchon;;;;;
PROV6165;Nhicham;;;;;
PROV6166;Shactten;;;;;
PROV6167;Blertom;;;;;
PROV6168;Jolhleen;;;;;
PROV6169;Monssonia;;;;;
PROV6170;Viridian Watch;;;;;
PROV6171;Dragonstar;;;;;
PROV6172;Lakewatch;;;;;
PROV6173;Forsaken Stronghold;;;;;
PROV6174;Fearfangs;;;;;
PROV6175;Darinia;;;;;
PROV6176;Kank-I;;;;;
PROV6177;Aubkth;;;;;
PROV6178;Sinihana;;;;;
PROV6179;Boojur;;;;;
PROV6180;Nostten;;;;;
PROV6181;Manirdie;;;;;
PROV6182;Lu'am;;;;;
PROV6183;Danobian Bridge;;;;;
PROV6184;Danobia;;;;;
PROV6185;Elote;;;;;
PROV6186;Crypt of Exiles;;;;;
PROV6187;Eloneen;;;;;
PROV6188;Bangkorai;;;;;
PROV6189;Shadow's Crossing;;;;;
PROV6190;Lainlyn;;;;;
PROV6191;Lai-Galad;;;;;
PROV6192;Rkulfzel;;;;;
PROV6193;Coldrock;;;;;
PROV6194;Antelibuton;;;;;
PROV6195;Hag's Rest;;;;;
PROV6196;Umak-I;;;;;
PROV6197;Lasille;;;;;
PROV6198;Nenorne;;;;;
PROV6199;Whielie;;;;;
PROV6200;Fallen Grotto;;;;;
PROV6201;Nilata Falls;;;;;
PROV6202;Nilata;;;;;
PROV6203;Tigonus;;;;;
PROV6204;Wayfarer's Warf;;;;;
PROV6205;Naresa;;;;;
PROV6206;Beri-Othrond;;;;;
PROV6207;Beri-Port;;;;;
PROV6208;Motalion;;;;;
PROV6209;King's Rest;;;;;
PROV6210;Lardke;;;;;
PROV6211;Kherhtir;;;;;
PROV6212;Sunken Road;;;;;
PROV6213;Faijga;;;;;
PROV6214;Rubble Butte;;;;;
PROV6215;T'irhtun;;;;;
PROV6216;Saadola;;;;;
PROV6217;Rornsa;;;;;
PROV6218;Kozanset;;;;;
PROV6219;Toniandra;;;;;
PROV6220;Tonim;;;;;
PROV6221;Aleelan;;;;;
PROV6222;Rlurgan;;;;;
PROV6223;Athell;;;;;
PROV6224;Rerpi;;;;;
PROV6225;Talarus;;;;;
PROV6226;Thorstad;;;;;
PROV6227;Tlalp'kern;;;;;
PROV6228;Lyg-Othrond;;;;;
PROV6229;Ghulpba;;;;;
PROV6230;Elinhir Sewerworks;;;;;
PROV6231;Elinhir;;;;;
PROV6232;Bloodroot;;;;;
PROV6233;Eredmont;;;;;
PROV6234;Caesaso;;;;;
PROV6235;Lydina;;;;;
PROV6236;Orren;;;;;
PROV6237;Pundant;;;;;
PROV6238;Braivek-Si;;;;;
PROV6239;Stonemoor;;;;;
PROV6240;Praxennia;;;;;
PROV6241;Lacelius;;;;;
PROV6242;Mariville;;;;;
PROV6243;Monseda;;;;;
PROV6244;Sarchem;;;;;
PROV6245;Sheendy;;;;;
PROV6246;Joldia;;;;;
PROV6247;Ahli;;;;;
PROV6248;Bankeep;;;;;
PROV6249;Jamn;;;;;
PROV6250;Enjinie;;;;;
PROV6251;Kalsinia;;;;;
PROV6252;Tiellone;;;;;
PROV6253;Rithesa;;;;;
PROV6254;Lort-I;;;;;
PROV6255;Faune;;;;;
PROV6256;Tirick;;;;;
PROV6257;Autrelia;;;;;
PROV6258;Antobel;;;;;
PROV6259;Basking Grounds;;;;;
PROV6260;Klathzgar;;;;;
PROV6261;Thieves Oasis;;;;;
PROV6262;Unhallowed Grave;;;;;
PROV6263;Fallen Wastes;;;;;
PROV6264;Craglorn Keep;;;;;
PROV6265;Husscky;;;;;
PROV6266;Sacred Springs;;;;;
PROV6267;Ro Lajak;;;;;
PROV6268;Vadokan;;;;;
PROV6269;Silaseli;;;;;
PROV6270;Mhichca;;;;;
PROV6271;Viridian Woods;;;;;
PROV6272;Ronaleen;;;;;
PROV6273;Heldom Mount;;;;;
PROV6274;Sandblown;;;;;
PROV6275;Vulnim Gate;;;;;
PROV6276;Akorith;;;;;
PROV6277;Irk Riverview;;;;;
PROV6278;Zariati;;;;;
PROV6279;Maictem;;;;;
PROV6280;Bluone;;;;;
PROV6281;Lanbaan;;;;;
PROV6282;Azzelan;;;;;
PROV6283;Lildki;;;;;
PROV6284;Ojwambu;;;;;
PROV6285;Kiarlirah;;;;;
PROV6286;Verkarth;;;;;
PROV6287;Forsaken Hearts;;;;;
PROV6288;Lesser Circle;;;;;
PROV6289;Ris Lajak;;;;;
PROV6290;Easterly Aerie;;;;;
PROV6291;Kulati;;;;;
PROV6292;Spellscar;;;;;
PROV6293;Winefields;;;;;
PROV6294;Ironblood Undertower;;;;;
PROV6295;Rkundzelft;;;;;
PROV6296;Booldka;;;;;
PROV6297;Laie;;;;;
PROV6298;V'ochum;;;;;
PROV6299;Thilivern;;;;;
PROV6300;V'ofylon;;;;;
PROV6301;Leki's Blade;;;;;
PROV6302;Antiphyllos;;;;;
PROV6303;Lastabia;;;;;
PROV6304;Artisan's Oasis;;;;;
PROV6305;Volenfell;;;;;
PROV6306;Tears of Dishonored;;;;;
PROV6307;Yldzuun;;;;;
PROV6308;Sorado;;;;;
PROV6309;Gwennwen;;;;;
PROV6310;Egina Kala;;;;;
PROV6311;Placations of Zeht;;;;;
PROV6312;Thrall Cove;;;;;
PROV6313;Lost Pavilion;;;;;
PROV6314;Nemti;;;;;
PROV6315;Boark-Si;;;;;
PROV6316;Morwha's Bounty;;;;;
PROV6317;Chagrin Mine;;;;;
PROV6318;Lost Caravan;;;;;
PROV6319;Karlsandra;;;;;
PROV6320;Monn;;;;;
PROV6321;Shera;;;;;
PROV6322;Senandra;;;;;
PROV6323;Rhuse;;;;;
PROV6324;Shafl;;;;;
PROV6325;Kerrithi;;;;;
PROV6326;Duptra Grove;;;;;
PROV6327;Saainia;;;;;
PROV6328;Dahlan;;;;;
PROV6329;Old Hegathe;;;;;
PROV6330;Eriasannah;;;;;
PROV6331;Tlermar;;;;;
PROV6332;Sionona;;;;;
PROV6333;Shira;;;;;
PROV6334;Erlaiel;;;;;
PROV6335;Gwenginia;;;;;
PROV6336;Sioah;;;;;
PROV6337;Limai;;;;;
PROV6338;Sunkeep;;;;;
PROV6339;Khajoharet;;;;;
PROV6340;Zabraz Muzar;;;;;
PROV6341;Dhojrn;;;;;
PROV6342;Kuu Kitot;;;;;
PROV6343;D'eske;;;;;
PROV6344;Chaldt;;;;;
PROV6345;Kayesur;;;;;
PROV6346;Sheana;;;;;
PROV6347;Gilane;;;;;
PROV6348;Dawnlight;;;;;
PROV6349;Saliache;;;;;
PROV6350;Hew's Citadel;;;;;
PROV6351;Bahraha's Gloom;;;;;
PROV6352;Hews's Harbour;;;;;
PROV6353;Eloille;;;;;
PROV6354;Razak's Wheel;;;;;
PROV6355;Carmille;;;;;
PROV6356;Tarana;;;;;
PROV6357;Old Verkarth;;;;;
PROV6358;Slegke;;;;;
PROV6359;M'uren;;;;;
PROV6360;Ash'abah;;;;;
PROV6361;Rona;;;;;
PROV6362;Hall of Heroes;;;;;
PROV6363;Shalia;;;;;
PROV6364;Elondie;;;;;
PROV6365;Lettdsa;;;;;
PROV6366;Landet;;;;;
PROV6367;Rohdia;;;;;
PROV6368;Viridian Grove;;;;;
PROV6369;Oddca;;;;;
PROV6370;Kerbol's Hollow;;;;;
PROV6371;Faitlogi;;;;;
PROV6372;Twice-Born Star;;;;;
PROV6373;Skyreach Overlook;;;;;
PROV6374;Hokur's Avowal;;;;;
PROV6375;Nimbel Moor;;;;;
PROV6376;Hokur's Mettle;;;;;
PROV6377;Rakeid;;;;;
PROV6378;Rkhardahrk;;;;;
PROV6379;Skyreach Hold;;;;;
PROV6380;Fallona;;;;;
PROV6381;Loth'Na;;;;;
PROV6382;Seeker's Archive;;;;;
PROV6383;Hokur's Vigil;;;;;
PROV6384;Zabraz Lajak;;;;;
PROV6385;Lush-E;;;;;
PROV6386;Scorpion Ravine;;;;;
PROV6387;Skator Zordak;;;;;
PROV6388;Taborra;;;;;
PROV6389;Hokur's Crucible;;;;;
PROV6390;Shada's Tear;;;;;
PROV6391;Thunder Falls;;;;;
PROV6392;Inazzur's Hold;;;;;
PROV6393;Mhufylba;;;;;
PROV6394;Balamath;;;;;
PROV6395;Chiselshriek;;;;;
PROV6396;Dal'khabnash;;;;;
PROV6397;Aetherian Archive;;;;;
PROV6398;High Hall;;;;;
PROV6399;Laman;;;;;
PROV6400;T'ostur;;;;;
PROV6401;Balarl;;;;;
PROV6402;Barring;;;;;
PROV6403;Caldadia;;;;;
PROV6404;Hermillea;;;;;
PROV6405;Emenka;;;;;
PROV6406;Buntallea;;;;;
PROV6407;Gaeccia;;;;;
PROV6408;Bolades;;;;;
PROV6409;Etitira;;;;;
PROV6410;Cilia;;;;;
PROV6411;Caldalia;;;;;
PROV6412;Lelva;;;;;
PROV6413;Andrevus;;;;;
PROV6414;Rivercrest;;;;;
PROV6415;Lu'vek-Si;;;;;
PROV6416;Sabrillea;;;;;
PROV6417;Tok'ta;;;;;
PROV6418;Falkreath Gate;;;;;
PROV6419;Iddur;;;;;
PROV6420;Tovhild;;;;;
PROV6421;Herming;;;;;
PROV6422;Domus Phrasticus;;;;;
PROV6423;Eagle's Beak;;;;;
PROV6424;Naog Mir Bastion;;;;;
PROV6425;Saliache's Reflection;;;;;
PROV6426;Hew's Port;;;;;
PROV6427;Naog Mir;;;;;
PROV6428;Shark's Teeth;;;;;
PROV6429;Sheam;;;;;
PROV6430;Hew's Junction;;;;;
PROV6431;Hew's Tomb;;;;;
PROV6432;Hew's Gate;;;;;
PROV6433;Eriandra;;;;;
PROV6434;Marn;;;;;
PROV6435;Maoghtga;;;;;
PROV6436;Jeandia;;;;;
PROV6437;Shady Grove;;;;;
PROV6438;Thedell;;;;;
PROV6439;M'ugke;;;;;
PROV6440;Sharille;;;;;
PROV6441;Imiean;;;;;
PROV6442;Baighter;;;;;
PROV6443;Clesya;;;;;
PROV6444;Meghtt;;;;;
PROV6445;Taliaron;;;;;
PROV6446;Forci;;;;;
PROV6447;Jonlie;;;;;
PROV6448;Na Tang;;;;;
PROV6449;Iszvek-Si;;;;;
PROV6450;Dannnon;;;;;
PROV6451;Eleey;;;;;
PROV6452;Katiah;;;;;
PROV6453;Ahlleen;;;;;
PROV6454;Dragon Grove;;;;;
PROV6455;Abibon-Gora;;;;;
PROV6456;Kairou;;;;;
PROV6457;Dh'annon;;;;;
PROV6458;Pothago;;;;;
PROV6459;Chastown;;;;;
PROV6460;Umaley;;;;;
PROV6461;Tiebamka;;;;;
PROV6462;Sedojer;;;;;
PROV6463;Deep Swamp;;;;;
PROV6464;Akolde;;;;;
PROV6465;Afad-Othrond;;;;;
PROV6466;Salas En;;;;;
PROV6467;Dholati;;;;;
PROV6468;Maarpum;;;;;
PROV6469;Umanerva;;;;;
PROV6470;Rain Fields;;;;;
PROV6471;Santaki;;;;;
PROV6472;Rhurpar;;;;;
PROV6473;Zi Lajak;;;;;
PROV6474;Tenne;;;;;
PROV6475;Leterva;;;;;
PROV6476;Hatiha;;;;;
PROV6477;Duneripper Downs;;;;;
PROV6478;Myrkwasa;;;;;
PROV6479;Erugama;;;;;
PROV6480;Ogre's Bluff;;;;;
PROV6481;Sofianna;;;;;
PROV6482;Lydisa;;;;;
PROV6483;Maleritte;;;;;
PROV6484;Molavar;;;;;
PROV6485;Groya;;;;;
PROV6486;Exarch's Stronghold;;;;;
PROV6487;Howling Sepulchers;;;;;
PROV6488;Proving Grounds;;;;;
PROV6489;Cragkarth;;;;;
PROV6490;Greimlaith;;;;;
PROV6491;Haddock;;;;;
PROV6492;Eilarie;;;;;
PROV6493;Lanista;;;;;
PROV6494;Hircine's Haut;;;;;
PROV6495;Hreta;;;;;
PROV6496;Rahni'Za;;;;;
PROV6497;Lamian Den;;;;;
PROV6498;Troll's Toothpick;;;;;
PROV6499;Uguszh'tum;;;;;
PROV6500;Fang Lair;;;;;
PROV6501;Reach Pass;;;;;
PROV6502;Uthmor;;;;;
PROV6503;Dragonstar Arena;;;;;
PROV6504;Scourg Barrow;;;;;
PROV6505;Orifna;;;;;
PROV6506;Crossroads;;;;;
PROV6507;Serpent's Nest;;;;;
PROV6508;Kjolestris;;;;;
PROV6509;Skyreach;;;;;
PROV6510;Riglaith;;;;;
PROV6511;Sanctum Ophidia;;;;;
PROV6512;Skyreach Pinnacle;;;;;
PROV6513;Zut Lajak;;;;;
PROV6514;Skyreach Catacombs;;;;;
PROV6515;Dragon Gate;;;;;
PROV6516;Greenstone;;;;;
PROV6517;Earthtear;;;;;
PROV6518;Hokur's Plight;;;;;
PROV6519;Sunken Lair;;;;;
PROV6520;Arlimahera;;;;;
PROV6521;Mholl'kern;;;;;
PROV6522;Cliff Keep;;;;;
PROV6523;Ephesus;;;;;
PROV6524;Buried Sands;;;;;
PROV6525;Mtharnaz;;;;;
PROV6526;Oiale More;;;;;
PROV6527;Northglen;;;;;
PROV6528;Pelin;;;;;
PROV6529;Strastnoc;;;;;
PROV6530;Martyr's Crossing;;;;;
PROV6531;Krisirah;;;;;
PROV6532;Dunkarn;;;;;
PROV6533;Vorcki;;;;;
PROV6534;Wether's Cleft;;;;;
PROV6535;Yanurah;;;;;
PROV6536;Heldorn Mount;;;;;
PROV6537;Danmar;;;;;
PROV6538;Ska'vyn;;;;;
PROV6539;Lu'hana;;;;;
PROV6540;Alula;;;;;
PROV6541;Rhegca;;;;;
PROV6542;Jamille;;;;;
PROV6543;Nalagash;;;;;
PROV6544;Kractan;;;;;
PROV6545;Ashassan;;;;;
PROV6546;Krisi;;;;;
PROV6547;Klarnte;;;;;
PROV6548;D'ufylki;;;;;
PROV6549;Culliulus;;;;;
PROV6550;Tendsa;;;;;
PROV6551;Reinhold;;;;;
PROV6552;Tonen;;;;;
PROV6553;Deadmoth;;;;;
PROV6554;Stendarr's Crossroads;;;;;
PROV6555;Stonedale;;;;;
PROV6556;Hrefna;;;;;
PROV6557;Hyrba;;;;;
PROV6558;Marimana;;;;;
PROV6559;Munullus;;;;;
PROV6560;Pintea;;;;;
PROV6561;Catrus;;;;;
PROV6562;Curennius;;;;;
PROV6563;Ag'krazak;;;;;
PROV6564;Ariettoria;;;;;
PROV6565;Lassitrix;;;;;
PROV6566;Mallinius;;;;;
PROV6567;Hirad;;;;;
PROV6568;Shoalwatch;;;;;
PROV6569;Chaseguard;;;;;
PROV6570;Saynne;;;;;
PROV6571;Minlona;;;;;
PROV6572;Roseguard;;;;;
PROV6573;C'urme;;;;;
PROV6574;Ichidag;;;;;
PROV6575;Lurpta;;;;;
PROV6576;Tonenie;;;;;
PROV6577;Tark Riverview;;;;;
PROV6578;Chalya;;;;;
PROV6579;Faramal;;;;;
PROV6580;Kithtias;;;;;
PROV6581;Isoille;;;;;
PROV6582;Rholdur;;;;;
PROV6583;Carmlley;;;;;
PROV6584;Corten Mont;;;;;
PROV6585;Septely;;;;;
PROV6586;Avienara;;;;;
PROV6587;Jamiah;;;;;
PROV6588;Faorgan;;;;;
PROV6589;Northill;;;;;
PROV6590;Kerameer;;;;;
PROV6591;Ritra;;;;;
PROV6592;Dommeer;;;;;
PROV6593;Seniotus;;;;;
PROV6594;Atmarva;;;;;
PROV6595;Eletta;;;;;
PROV6596;Helland;;;;;
PROV6597;Treth;;;;;
PROV6598;Rasine;;;;;
PROV6599;Alusian;;;;;
PROV6600;Isoldsa;;;;;
PROV6601;Senyandra;;;;;
PROV6602;Danith;;;;;
PROV6603;Domleen;;;;;
PROV6604;Aumaire;;;;;
PROV6605;Sheh;;;;;
PROV6606;Southhill;;;;;
PROV6607;Zarira;;;;;
PROV6608;V'orton;;;;;
PROV6609;Aubsannah;;;;;
PROV6610;Iszh;;;;;
PROV6611;Mzeneldt;;;;;
PROV6612;Tannie;;;;;
PROV6613;Whitsannah;;;;;
PROV6614;Vulkneu;;;;;
PROV6615;Dofylen;;;;;
PROV6616;Talirgel;;;;;
PROV6617;No'halla;;;;;
PROV6618;Lauleria;;;;;
PROV6619;Endar;;;;;
PROV6620;Joldta;;;;;
PROV6621;Todvaia;;;;;
PROV6622;Lhesh-E;;;;;
PROV6623;Ahlone;;;;;
PROV6624;Gharm-I;;;;;
PROV6625;Husaye;;;;;
PROV6626;Anorm;;;;;
PROV6627;Riverpoint;;;;;
PROV6628;Kelvhael;;;;;
PROV6629;Iszarl;;;;;
PROV6630;Ramaen;;;;;
PROV6631;Howler;;;;;
PROV6632;Twin Arches;;;;;
PROV6633;Onsi's Breath;;;;;
PROV6634;Yisika;;;;;
PROV6635;Tarll;;;;;
PROV6636;Rhaldon;;;;;
PROV6637;Kanti;;;;;
PROV6638;Sturmga;;;;;
PROV6639;Glofylam;;;;;
PROV6640;Ennelan;;;;;
PROV6641;Tark;;;;;
PROV6642;Maniannon;;;;;
PROV6643;Place Keep;;;;;
PROV6644;Clerina;;;;;
PROV6645;Rhirpam;;;;;
PROV6646;Karnver Falls;;;;;
PROV6647;Lainebon;;;;;
PROV6648;Astbet;;;;;
PROV6649;Rohsaia;;;;;
PROV6650;Dombti;;;;;
PROV6651;Minne;;;;;
PROV6652;Tavirva;;;;;
PROV6653;Keriah;;;;;
PROV6654;Todwenie;;;;;
PROV6655;Aldunz;;;;;
PROV6656;Volundai;;;;;
PROV6657;Hollow Waste;;;;;
PROV6658;Syrius;;;;;
PROV6659;Aswala;;;;;
PROV6660;Sep's Spine;;;;;
PROV6661;Saltwalk;;;;;
PROV6662;Ragnthar;;;;;
PROV6663;Kuu Zee;;;;;
PROV6664;Dak'fron;;;;;
PROV6665;Alusana;;;;;
PROV6666;Zabraz Zordak;;;;;
PROV6667;Futhfa;;;;;
PROV6668;Rhanopa-Hassi;;;;;
PROV6669;Khirchem;;;;;
PROV6670;Marthal;;;;;
PROV6671;Talde;;;;;
PROV6672;Ahlate;;;;;
PROV6673;Marima;;;;;
PROV6674;Durneirti;;;;;
PROV6675;Veib;;;;;
PROV6676;Evrane;;;;;
PROV6677;Adavoli;;;;;
PROV6678;Forgefire Vault;;;;;
PROV6679;Igeti;;;;;
PROV6680;Derna;;;;;
PROV6681;Kylua;;;;;
PROV6682;Naarun;;;;;
PROV6683;Olerlaa;;;;;
PROV6684;Qatta;;;;;
PROV6685;Zehivi;;;;;
PROV6686;Vevema;;;;;
PROV6687;Kyzon;;;;;
PROV6688;Black Forge;;;;;
PROV6689;Reaver Pyramid;;;;;
PROV6690;Endless Pyramid;;;;;
PROV6691;Dark Pyramid;;;;;
PROV6692;Phen;;;;;
PROV6693;Mal Sorra's Tomb;;;;;
PROV6694;Zaala;;;;;
PROV6695;Rirlaaks;;;;;
PROV6696;Deathspine;;;;;
PROV6697;Wailing Maw;;;;;
PROV6698;Feho;;;;;
PROV6699;Norsham;;;;;
PROV6700;Ketto;;;;;
PROV6701;Survivor's Camp;;;;;
PROV6702;Lavare;;;;;
PROV6703;Lerazo;;;;;
PROV6704;Tuari;;;;;
PROV6705;Vutu;;;;;
PROV6706;Tower of Lies;;;;;
PROV6707;Heveve;;;;;
PROV6708;Dela;;;;;
PROV6709;Akodon;;;;;
PROV6710;Nimisa;;;;;
PROV6711;Marila;;;;;
PROV6712;Zuelta;;;;;
PROV6713;Mykrar;;;;;
PROV6714;Falevo;;;;;
PROV6715;Sessa;;;;;
PROV6716;Acema;;;;;
PROV6717;Kada;;;;;
PROV6718;Medaa;;;;;
PROV6719;Bissol;;;;;
PROV6720;Alaatoh;;;;;
PROV6721;Lost Fleet;;;;;
PROV6722;Naaneen;;;;;
PROV6723;Reta;;;;;
PROV6724;Zuad;;;;;
PROV6725;Tatha;;;;;
PROV6726;Phoya;;;;;
PROV6727;Nalehi;;;;;
PROV6728;Kualta;;;;;
PROV6729;Font of Schemes;;;;;
PROV6730;Lilila;;;;;
PROV6731;Hernuas;;;;;
PROV6732;Datta;;;;;
PROV6733;Vaults of Madness;;;;;
PROV6734;The Orchard;;;;;
PROV6735;Rilyinize;;;;;
PROV6736;Kaaks;;;;;
PROV6737;Hethosh;;;;;
PROV6738;Moonless Walk;;;;;
PROV6739;Botaa;;;;;
PROV6740;Nelo;;;;;
PROV6741;Leda;;;;;
PROV6742;Caamon;;;;;
PROV6743;Library of Dusk;;;;;
PROV6744;Lorsha;;;;;
PROV6745;Lahnas;;;;;
PROV6746;Cybhamoth's Grove;;;;;
PROV6747;Forsaken Village;;;;;
PROV6748;Feloyi;;;;;
PROV6749;Gelreza;;;;;
PROV6750;Nosenay;;;;;
PROV6751;Malala;;;;;
PROV6752;Qentu;;;;;
PROV6753;Vamovo;;;;;
PROV6754;Harave;;;;;
PROV6755;Aba-Loria;;;;;
PROV6756;Yeiz;;;;;
PROV6757;Aba-Darre;;;;;
PROV6758;Spurned Peak;;;;;
PROV6759;Hollow City;;;;;
PROV6760;Mages Hall;;;;;
PROV6761;Surreal Estate;;;;;
PROV6762;Fighters Hall;;;;;
PROV6763;Visa;;;;;
PROV6764;Cadwell's Hovel;;;;;
PROV6765;Forgotten Portal;;;;;
PROV6766;Vasira;;;;;
PROV6767;Duem;;;;;
PROV6768;Depravity Grotto;;;;;
PROV6769;Falira;;;;;
PROV6770;Tarni;;;;;
PROV6771;Phemese;;;;;
PROV6772;Shrine of Kyne;;;;;
PROV6773;Tuetti;;;;;
PROV6774;Phalole;;;;;
PROV6775;Filimo;;;;;
PROV6776;Vyrluam;;;;;
PROV6777;Mindilne;;;;;
PROV6778;Nilninda;;;;;
PROV6779;Vile Laboratory;;;;;
PROV6780;Zemarek's Hollow;;;;;
PROV6781;Yelmendo;;;;;
PROV6782;Gizarana;;;;;
PROV6783;Kyre;;;;;
PROV6784;Oroda;;;;;
PROV6785;Olana;;;;;
PROV6786;Tid;;;;;
PROV6787;Menaa;;;;;
PROV6788;Lemeva;;;;;
PROV6789;Kaarniin;;;;;
PROV6790;Qudi;;;;;
PROV6791;Behlaa;;;;;
PROV6792;Aslelle;;;;;
PROV6793;Misel;;;;;
PROV6794;Garnallo;;;;;
PROV6795;Gerlenno;;;;;
PROV6796;Lost Village;;;;;
PROV6797;Failure Cliffs;;;;;
PROV6798;Gelmendia;;;;;
PROV6799;Lerlafo;;;;;
PROV6800;Ilveyashe;;;;;
PROV6801;Rornam;;;;;
PROV6802;Azaamo;;;;;
PROV6803;Caarlo;;;;;
PROV6804;Ahala;;;;;
PROV6805;Ankadila;;;;;
PROV6806;Trophies Cave;;;;;
PROV6807;Vochi;;;;;
PROV6808;Neveme;;;;;
PROV6809;Fivasa;;;;;
PROV6810;Everfull Flagon;;;;;
PROV6811;Kedas;;;;;
PROV6812;Great Shackle;;;;;
PROV6813;Rylua;;;;;
PROV6814;Nathanno;;;;;
PROV6815;The Chasm;;;;;
PROV6816;Daedroth Larder;;;;;
PROV6817;Malneloha;;;;;
PROV6818;Serliri;;;;;
PROV6819;Lelmizine;;;;;
PROV6820;Lorshash;;;;;
PROV6821;Avradotte;;;;;
PROV6822;Deathspinner Lair;;;;;
PROV6823;Vefallo;;;;;
PROV6824;Shorlaa;;;;;
PROV6825;Kahlo;;;;;
PROV6826;Ocamo;;;;;
PROV6827;Bolam;;;;;
PROV6828;Likum;;;;;
PROV6829;Bivrel;;;;;
PROV6830;Osheto;;;;;
PROV6831;Ahamno;;;;;
PROV6832;Endless Stair;;;;;
PROV6833;Meli;;;;;
PROV6834;Vaakreesh;;;;;
PROV6835;Endless Overlook;;;;;
PROV6836;Reaver Citadel;;;;;
PROV6837;Risen Court;;;;;
PROV6838;Derni;;;;;
PROV6839;Manor of Revelry;;;;;
PROV6840;Holima;;;;;
PROV6841;Haj Uxith;;;;;
PROV6842;Hist of Haj Uxith;;;;;
PROV6843;Tallonte;;;;;
PROV6844;Mehiva;;;;;
PROV6845;Degri;;;;;
PROV6846;Killing Field;;;;;
PROV6847;Vuem;;;;;
PROV6848;Lightless Oubliette;;;;;
PROV6849;Lightless Walls;;;;;
PROV6850;Contempt Court;;;;;
PROV6851;Contempt Tower;;;;;
PROV6852;Contempt Citadel;;;;;
PROV6853;Flesh Spire;;;;;
PROV6854;Portals of Natural Disaster;;;;;
PROV6855;World Breaker;;;;;
PROV6856;Hate Tunnels;;;;;
PROV6857;Dagon's Citadel;;;;;
PROV6858;Havocrel's Tower;;;;;
PROV6859;Claw Monolith;;;;;
PROV6860;Traitor's Ascent;;;;;
PROV6861;Blood Pit;;;;;
PROV6862;Annihilarch's Summit;;;;;
PROV6863;Hollowed Caverns;;;;;
PROV6864;Neriven;;;;;
PROV6865;False Martyr's Folly;;;;;
PROV6866;Abomination Crandle;;;;;
PROV6867;Blood Feast;;;;;
PROV6868;Stormwright's Cleft;;;;;
PROV6869;Mire of Ash;;;;;
PROV6870;Agony's Ascent;;;;;
PROV6871;Molten Halls;;;;;
PROV6872;Charnel Pulpit;;;;;
PROV6873;Tempest Engine;;;;;
PROV6874;Ardent Hope;;;;;
PROV6875;Den of Unmaker;;;;;
PROV6876;Brandfire Bridge;;;;;
PROV6877;Moon Reiver Chantry;;;;;
PROV6878;Burning Gyre Keep;;;;;
PROV6879;The Razorworks;;;;;
PROV6880;Fury Spike;;;;;
PROV6881;Zynoahz's Gaol;;;;;
PROV6882;Brandfire Keep;;;;;
PROV6883;Brandfire Reformatory;;;;;
PROV6884;Lust Keep;;;;;
PROV6885;Path of Cinders;;;;;
PROV6886;Xarxes Crucible;;;;;
PROV6887;Knives of Discord;;;;;
PROV6888;Ravaged Crossing;;;;;
PROV6889;Wounded Crossing;;;;;
PROV6890;Ardent Approach;;;;;
PROV6891;Destruction's Solace;;;;;
PROV6892;Destruction's Armory;;;;;
PROV6893;Brandfire Peak;;;;;
PROV6894;Brandfire Forge;;;;;
PROV6895;Dagon's Peak;;;;;
PROV6896;Dreaded Refuge;;;;;
PROV6897;Vevruo;;;;;
PROV6898;Igneous Keep;;;;;
PROV6899;Ysania;;;;;
PROV6900;Iliven;;;;;
PROV6901;Jynd's Foundry;;;;;
PROV6902;Wretched Spire;;;;;
PROV6903;Western Lake Rumare;;;;;
PROV6904;Western Lake Rumare;;;;;
PROV6905;Western Lake Rumare;;;;;
PROV6906;Western Lake Rumare;;;;;
PROV6907;Western Lake Rumare;;;;;
PROV6908;Coast of Vos;;;;;
PROV6909;Coast of Vos;;;;;
PROV6910;Coast of Vos;;;;;
PROV6911;Coast of Vos;;;;;
PROV6912;Coast of Vos;;;;;
PROV6913;Eastern Pyandonean Sea;;;;;
PROV6914;Eastern Pyandonean Sea;;;;;
PROV6915;Eastern Pyandonean Sea;;;;;
PROV6916;Eastern Pyandonean Sea;;;;;
PROV6917;Eastern Pyandonean Sea;;;;;
PROV6918;Southern Sea of Dreams;;;;;
PROV6919;Southern Sea of Dreams;;;;;
PROV6920;Southern Sea of Dreams;;;;;
PROV6921;Southern Sea of Dreams;;;;;
PROV6922;Bleak Sea;;;;;
PROV6923;Bleak Sea;;;;;
PROV6924;Bleak Sea;;;;;
PROV6925;Bleak Sea;;;;;
PROV6926;Jaw's Sea;;;;;
PROV6927;Jaw's Sea;;;;;
PROV6928;Jaw's Sea;;;;;
PROV6929;Jaw's Sea;;;;;
PROV6930;Eastern Morrowind-Akavir Passage;;;;;
PROV6931;Eastern Morrowind-Akavir Passage;;;;;
PROV6932;Eastern Morrowind-Akavir Passage;;;;;
PROV6933;Eastern Morrowind-Akavir Passage;;;;;
PROV6934;Fervent Coast;;;;;
PROV6935;Fervent Coast;;;;;
PROV6936;Fervent Coast;;;;;
PROV6937;Fervent Coast;;;;;
PROV6938;Fervent Coast;;;;;
PROV6939;Western Jade Coast;;;;;
PROV6940;Western Jade Coast;;;;;
PROV6941;Western Jade Coast;;;;;
PROV6942;Western Jade Coast;;;;;
PROV6943;Southern Lake Rumare;;;;;
PROV6944;Southern Lake Rumare;;;;;
PROV6945;Southern Lake Rumare;;;;;
PROV6946;Southern Lake Rumare;;;;;
PROV6947;Khenarthi's Strait;;;;;
PROV6948;Khenarthi's Strait;;;;;
PROV6949;Khenarthi's Strait;;;;;
PROV6950;Khenarthi's Strait;;;;;
PROV6951;Anvil Bay;;;;;
PROV6952;Anvil Bay;;;;;
PROV6953;Anvil Bay;;;;;
PROV6954;Anvil Bay;;;;;
PROV6955;Bjoulsae Lake;;;;;
PROV6956;Bjoulsae Lake;;;;;
PROV6957;Bjoulsae Lake;;;;;
PROV6958;Bjoulsae Lake;;;;;
PROV6959;Bjoulsae Lake;;;;;
PROV6960;Bleak Coast;;;;;
PROV6961;Bleak Coast;;;;;
PROV6962;Bleak Coast;;;;;
PROV6963;Bleak Coast;;;;;
PROV6964;Bleak Coast;;;;;
PROV6965;Sea of Moabdil;;;;;
PROV6966;Sea of Moabdil;;;;;
PROV6967;Sea of Moabdil;;;;;
PROV6968;Sea of Moabdil;;;;;
PROV6969;Sea of Moabdil;;;;;
PROV6970;Bejearee Coast;;;;;
PROV6971;Bejearee Coast;;;;;
PROV6972;Bejearee Coast;;;;;
PROV6973;Bejearee Coast;;;;;
PROV6974;Southern Auridon Strait;;;;;
PROV6975;Southern Auridon Strait;;;;;
PROV6976;Southern Auridon Strait;;;;;
PROV6977;Southern Auridon Strait;;;;;
PROV6978;Southern Auridon Strait;;;;;
PROV6979;Coast of Hegathe;;;;;
PROV6980;Coast of Hegathe;;;;;
PROV6981;Coast of Hegathe;;;;;
PROV6982;Coast of Hegathe;;;;;
PROV6983;Strait of Bahia;;;;;
PROV6984;Strait of Bahia;;;;;
PROV6985;Strait of Bahia;;;;;
PROV6986;Strait of Bahia;;;;;
PROV6987;Strait of Secula;;;;;
PROV6988;Strait of Secula;;;;;
PROV6989;Strait of Secula;;;;;
PROV6990;Strait of Secula;;;;;
PROV6991;Strait of Secula;;;;;
PROV6992;Coast of Bondar;;;;;
PROV6993;Coast of Bondar;;;;;
PROV6994;Coast of Bondar;;;;;
PROV6995;Coast of Bondar;;;;;
PROV6996;Coast of Bondar;;;;;
PROV6997;Coast of Velu;;;;;
PROV6998;Coast of Velu;;;;;
PROV6999;Coast of Velu;;;;;
PROV7000;Coast of Velu;;;;;
PROV7001;Coast of Velu;;;;;
PROV7002;Southern Pyrrahn Bay;;;;;
PROV7003;Southern Pyrrahn Bay;;;;;
PROV7004;Southern Pyrrahn Bay;;;;;
PROV7005;Southern Pyrrahn Bay;;;;;
PROV7006;Pyrrahn Strait;;;;;
PROV7007;Pyrrahn Strait;;;;;
PROV7008;Pyrrahn Strait;;;;;
PROV7009;Pyrrahn Strait;;;;;
PROV7010;Pyrrahn Strait;;;;;
PROV7011;Fenfice Coast;;;;;
PROV7012;Fenfice Coast;;;;;
PROV7013;Fenfice Coast;;;;;
PROV7014;Fenfice Coast;;;;;
PROV7015;Fenfice Coast;;;;;
PROV7016;Northern Dusk Sea;;;;;
PROV7017;Northern Dusk Sea;;;;;
PROV7018;Northern Dusk Sea;;;;;
PROV7019;Northern Dusk Sea;;;;;
PROV7020;Northern Dusk Sea;;;;;
PROV7021;Southern Dusk Sea;;;;;
PROV7022;Southern Dusk Sea;;;;;
PROV7023;Southern Dusk Sea;;;;;
PROV7024;Southern Dusk Sea;;;;;
PROV7025;Southern Dusk Sea;;;;;
PROV7026;Khael Strait;;;;;
PROV7027;Khael Strait;;;;;
PROV7028;Khael Strait;;;;;
PROV7029;Khael Strait;;;;;
PROV7030;Khael Strait;;;;;
PROV7031;Western Pyandonean Sea;;;;;
PROV7032;Western Pyandonean Sea;;;;;
PROV7033;Western Pyandonean Sea;;;;;
PROV7034;Western Pyandonean Sea;;;;;
PROV7035;Western Pyandonean Sea;;;;;
PROV7036;Humbled Sea;;;;;
PROV7037;Humbled Sea;;;;;
PROV7038;Humbled Sea;;;;;
PROV7039;Humbled Sea;;;;;
PROV7040;Humbled Sea;;;;;
PROV7041;Eastern Sea of Valenwood;;;;;
PROV7042;Eastern Sea of Valenwood;;;;;
PROV7043;Eastern Sea of Valenwood;;;;;
PROV7044;Eastern Sea of Valenwood;;;;;
PROV7045;Eastern Sea of Valenwood;;;;;
PROV7046;Southern Morrowind Lakes;;;;;
PROV7047;Southern Morrowind Lakes;;;;;
PROV7048;Southern Morrowind Lakes;;;;;
PROV7049;Southern Morrowind Lakes;;;;;
PROV7050;Southern Morrowind Lakes;;;;;
PROV7051;Sea of Sul;;;;;
PROV7052;Sea of Sul;;;;;
PROV7053;Sea of Sul;;;;;
PROV7054;Sea of Sul;;;;;
PROV7055;Sea of Sul;;;;;
PROV7056;Coast of Etho Sul;;;;;
PROV7057;Coast of Etho Sul;;;;;
PROV7058;Coast of Etho Sul;;;;;
PROV7059;Coast of Etho Sul;;;;;
PROV7060;Coast of Etho Sul;;;;;
PROV7061;Humbled Coast;;;;;
PROV7062;Humbled Coast;;;;;
PROV7063;Humbled Coast;;;;;
PROV7064;Humbled Coast;;;;;
PROV7065;Humbled Coast;;;;;
PROV7066;Western Murk Sea;;;;;
PROV7067;Western Murk Sea;;;;;
PROV7068;Western Murk Sea;;;;;
PROV7069;Western Murk Sea;;;;;
PROV7070;Northern Cathnoquey Sea;;;;;
PROV7071;Northern Cathnoquey Sea;;;;;
PROV7072;Northern Cathnoquey Sea;;;;;
PROV7073;Northern Cathnoquey Sea;;;;;
PROV7074;Northern Shadow Sea;;;;;
PROV7075;Northern Shadow Sea;;;;;
PROV7076;Northern Shadow Sea;;;;;
PROV7077;Northern Shadow Sea;;;;;
PROV7078;Akavir-Morrowind Passage;;;;;
PROV7079;Akavir-Morrowind Passage;;;;;
PROV7080;Akavir-Morrowind Passage;;;;;
PROV7081;Akavir-Morrowind Passage;;;;;
PROV7082;Akavir-Morrowind Passage;;;;;
PROV7083;Central Sea of Dreams;;;;;
PROV7084;Central Sea of Dreams;;;;;
PROV7085;Central Sea of Dreams;;;;;
PROV7086;Central Sea of Dreams;;;;;
PROV7087;Southern Cathnoquey Sea;;;;;
PROV7088;Southern Cathnoquey Sea;;;;;
PROV7089;Southern Cathnoquey Sea;;;;;
PROV7090;Southern Cathnoquey Sea;;;;;
PROV7091;Monheld Coast;;;;;
PROV7092;Monheld Coast;;;;;
PROV7093;Monheld Coast;;;;;
PROV7094;Monheld Coast;;;;;
PROV7095;Monheld Coast;;;;;
PROV7096;Northern Runa Sea;;;;;
PROV7097;Northern Runa Sea;;;;;
PROV7098;Northern Runa Sea;;;;;
PROV7099;Northern Runa Sea;;;;;
PROV7100;Northern Runa Sea;;;;;
PROV7101;Averin Strait;;;;;
PROV7102;Averin Strait;;;;;
PROV7103;Averin Strait;;;;;
PROV7104;Averin Strait;;;;;
PROV7105;Averin Strait;;;;;
PROV7106;Strait of Kotla;;;;;
PROV7107;Strait of Kotla;;;;;
PROV7108;Strait of Kotla;;;;;
PROV7109;Strait of Kotla;;;;;
PROV7110;Strait of Kotla;;;;;
PROV7111;Bay of Quey;;;;;
PROV7112;Bay of Quey;;;;;
PROV7113;Bay of Quey;;;;;
PROV7114;Bay of Quey;;;;;
PROV7115;Bay of Quey;;;;;
PROV7116;Quey Sea;;;;;
PROV7117;Quey Sea;;;;;
PROV7118;Quey Sea;;;;;
PROV7119;Quey Sea;;;;;
PROV7120;Cathnoquey-Roscrea Passage;;;;;
PROV7121;Cathnoquey-Roscrea Passage;;;;;
PROV7122;Cathnoquey-Roscrea Passage;;;;;
PROV7123;Cathnoquey-Roscrea Passage;;;;;
PROV7124;Cathnoquey-Roscrea Passage;;;;;
PROV7125;Far Sheogorath Sea;;;;;
PROV7126;Far Sheogorath Sea;;;;;
PROV7127;Far Sheogorath Sea;;;;;
PROV7128;Far Sheogorath Sea;;;;;
PROV7129;Far Sheogorath Sea;;;;;
PROV7130;Western Sea of Ghosts;;;;;
PROV7131;Western Sea of Ghosts;;;;;
PROV7132;Western Sea of Ghosts;;;;;
PROV7133;Western Sea of Ghosts;;;;;
PROV7134;Eastern Ysgramor's Sea;;;;;
PROV7135;Eastern Ysgramor's Sea;;;;;
PROV7136;Eastern Ysgramor's Sea;;;;;
PROV7137;Eastern Ysgramor's Sea;;;;;
PROV7138;Atmora-Skyrim Passage;;;;;
PROV7139;Atmora-Skyrim Passage;;;;;
PROV7140;Atmora-Skyrim Passage;;;;;
PROV7141;Atmora-Skyrim Passage;;;;;
PROV7142;Atmora-Skyrim Passage;;;;;
PROV7143;Southern Skyrim-Atmora Passage;;;;;
PROV7144;Southern Skyrim-Atmora Passage;;;;;
PROV7145;Southern Skyrim-Atmora Passage;;;;;
PROV7146;Southern Skyrim-Atmora Passage;;;;;
PROV7147;Southern Solstheim-Roscrea Passage;;;;;
PROV7148;Southern Solstheim-Roscrea Passage;;;;;
PROV7149;Southern Solstheim-Roscrea Passage;;;;;
PROV7150;Southern Solstheim-Roscrea Passage;;;;;
PROV7151;Southern Solstheim-Roscrea Passage;;;;;
PROV7152;Sea of Roscrea;;;;;
PROV7153;Sea of Roscrea;;;;;
PROV7154;Sea of Roscrea;;;;;
PROV7155;Sea of Roscrea;;;;;
PROV7156;Northern Solstheim-Roscrea Passage;;;;;
PROV7157;Northern Solstheim-Roscrea Passage;;;;;
PROV7158;Northern Solstheim-Roscrea Passage;;;;;
PROV7159;Northern Solstheim-Roscrea Passage;;;;;
PROV7160;Northern Solstheim-Roscrea Passage;;;;;
PROV7161;Western Winter's Coast;;;;;
PROV7162;Western Winter's Coast;;;;;
PROV7163;Western Winter's Coast;;;;;
PROV7164;Western Winter's Coast;;;;;
PROV7165;Western Winter's Coast;;;;;
PROV7166;Gundercrea Bay;;;;;
PROV7167;Gundercrea Bay;;;;;
PROV7168;Gundercrea Bay;;;;;
PROV7169;Gundercrea Bay;;;;;
PROV7170;Gundercrea Bay;;;;;
PROV7171;Crane Coast;;;;;
PROV7172;Crane Coast;;;;;
PROV7173;Crane Coast;;;;;
PROV7174;Crane Coast;;;;;
PROV7175;Crane Coast;;;;;
PROV7176;Arctic Sea;;;;;
PROV7177;Arctic Sea;;;;;
PROV7178;Arctic Sea;;;;;
PROV7179;Arctic Sea;;;;;
PROV7180;Arctic Sea;;;;;
PROV7181;Northern Julaav Sea;;;;;
PROV7182;Northern Julaav Sea;;;;;
PROV7183;Northern Julaav Sea;;;;;
PROV7184;Northern Julaav Sea;;;;;
PROV7185;Jerveysun Sea;;;;;
PROV7186;Jerveysun Sea;;;;;
PROV7187;Jerveysun Sea;;;;;
PROV7188;Jerveysun Sea;;;;;
PROV7189;Jerveysun Sea;;;;;
PROV7190;Eastern Katanas Sea;;;;;
PROV7191;Eastern Katanas Sea;;;;;
PROV7192;Eastern Katanas Sea;;;;;
PROV7193;Eastern Katanas Sea;;;;;
PROV7194;Versidue's Bay;;;;;
PROV7195;Versidue's Bay;;;;;
PROV7196;Versidue's Bay;;;;;
PROV7197;Versidue's Bay;;;;;
PROV7198;Northern Steep Coast;;;;;
PROV7199;Northern Steep Coast;;;;;
PROV7200;Northern Steep Coast;;;;;
PROV7201;Northern Steep Coast;;;;;
PROV7202;Central Steep Coast;;;;;
PROV7203;Central Steep Coast;;;;;
PROV7204;Central Steep Coast;;;;;
PROV7205;Central Steep Coast;;;;;
PROV7206;Southern Steep Coast;;;;;
PROV7207;Southern Steep Coast;;;;;
PROV7208;Southern Steep Coast;;;;;
PROV7209;Southern Steep Coast;;;;;
PROV7210;Southern Naghos Sea;;;;;
PROV7211;Southern Naghos Sea;;;;;
PROV7212;Southern Naghos Sea;;;;;
PROV7213;Southern Naghos Sea;;;;;
PROV7214;Western Marzonian Sea;;;;;
PROV7215;Western Marzonian Sea;;;;;
PROV7216;Western Marzonian Sea;;;;;
PROV7217;Western Marzonian Sea;;;;;
PROV7218;Western Marzonian Sea;;;;;
PROV7219;Southern Cathnoquey-Akavir Passage;;;;;
PROV7220;Southern Cathnoquey-Akavir Passage;;;;;
PROV7221;Southern Cathnoquey-Akavir Passage;;;;;
PROV7222;Southern Cathnoquey-Akavir Passage;;;;;
PROV7223;Northern Bay of Serpents;;;;;
PROV7224;Northern Bay of Serpents;;;;;
PROV7225;Northern Bay of Serpents;;;;;
PROV7226;Northern Bay of Serpents;;;;;
PROV7227;Northern Bay of Serpents;;;;;
PROV7228;Central Bay of Serpents;;;;;
PROV7229;Central Bay of Serpents;;;;;
PROV7230;Central Bay of Serpents;;;;;
PROV7231;Central Bay of Serpents;;;;;
PROV7232;Strait of Serpents;;;;;
PROV7233;Strait of Serpents;;;;;
PROV7234;Strait of Serpents;;;;;
PROV7235;Strait of Serpents;;;;;
PROV7236;Strait of Serpents;;;;;
PROV7237;Zarascith Coast;;;;;
PROV7238;Zarascith Coast;;;;;
PROV7239;Zarascith Coast;;;;;
PROV7240;Zarascith Coast;;;;;
PROV7241;Southern Marzonian Sea;;;;;
PROV7242;Southern Marzonian Sea;;;;;
PROV7243;Southern Marzonian Sea;;;;;
PROV7244;Southern Marzonian Sea;;;;;
PROV7245;Eastern Bay of Dragons;;;;;
PROV7246;Eastern Bay of Dragons;;;;;
PROV7247;Eastern Bay of Dragons;;;;;
PROV7248;Eastern Bay of Dragons;;;;;
PROV7249;Strait of Cearli;;;;;
PROV7250;Strait of Cearli;;;;;
PROV7251;Strait of Cearli;;;;;
PROV7252;Strait of Cearli;;;;;
PROV7253;Strait of Cearli;;;;;
PROV7254;Penstemon Coast;;;;;
PROV7255;Penstemon Coast;;;;;
PROV7256;Penstemon Coast;;;;;
PROV7257;Penstemon Coast;;;;;
PROV7258;Central Sea of Ghosts;;;;;
PROV7259;Central Sea of Ghosts;;;;;
PROV7260;Central Sea of Ghosts;;;;;
PROV7261;Central Sea of Ghosts;;;;;
PROV7262;Central Sea of Ghosts;;;;;
PROV7263;Black Strait;;;;;
PROV7264;Black Strait;;;;;
PROV7265;Black Strait;;;;;
PROV7266;Black Strait;;;;;
PROV7267;Western Shattered Coast;;;;;
PROV7268;Western Shattered Coast;;;;;
PROV7269;Western Shattered Coast;;;;;
PROV7270;Northern Fervent Sea;;;;;
PROV7271;Northern Fervent Sea;;;;;
PROV7272;Northern Fervent Sea;;;;;
PROV7273;Northern Fervent Sea;;;;;
PROV7274;Northern Mermaid Sea;;;;;
PROV7275;Northern Mermaid Sea;;;;;
PROV7276;Northern Mermaid Sea;;;;;
PROV7277;Northern Mermaid Sea;;;;;
PROV7278;Northern Mermaid Sea;;;;;
PROV7279;Coast of Crotheise;;;;;
PROV7280;Coast of Crotheise;;;;;
PROV7281;Coast of Crotheise;;;;;
PROV7282;Coast of Crotheise;;;;;
PROV7283;Coast of Crotheise;;;;;
PROV7284;Prailudin Coast;;;;;
PROV7285;Prailudin Coast;;;;;
PROV7286;Prailudin Coast;;;;;
PROV7287;Prailudin Coast;;;;;
PROV7288;Southern Mermaid Sea;;;;;
PROV7289;Southern Mermaid Sea;;;;;
PROV7290;Southern Mermaid Sea;;;;;
PROV7291;Southern Mermaid Sea;;;;;
PROV7292;Eastern Shattered Coast;;;;;
PROV7293;Eastern Shattered Coast;;;;;
PROV7294;Eastern Shattered Coast;;;;;
PROV7295;Eastern Shattered Coast;;;;;
PROV7296;Eastern Shattered Coast;;;;;
PROV7297;Volkihar Strait;;;;;
PROV7298;Volkihar Strait;;;;;
PROV7299;Volkihar Strait;;;;;
PROV7300;Volkihar Strait;;;;;
PROV7301;Colubrine Sea;;;;;
PROV7302;Colubrine Sea;;;;;
PROV7303;Colubrine Sea;;;;;
PROV7304;Colubrine Sea;;;;;
PROV7305;Colubrine Sea;;;;;
PROV7306;Central Jade Sea;;;;;
PROV7307;Central Jade Sea;;;;;
PROV7308;Central Jade Sea;;;;;
PROV7309;Central Jade Sea;;;;;
PROV7310;Eastern Jade Sea;;;;;
PROV7311;Eastern Jade Sea;;;;;
PROV7312;Eastern Jade Sea;;;;;
PROV7313;Eastern Jade Sea;;;;;
PROV7314;Eastern Jade Coast;;;;;
PROV7315;Eastern Jade Coast;;;;;
PROV7316;Eastern Jade Coast;;;;;
PROV7317;Eastern Jade Coast;;;;;
PROV7318;Tzuosci Bay;;;;;
PROV7319;Tzuosci Bay;;;;;
PROV7320;Tzuosci Bay;;;;;
PROV7321;Tzuosci Bay;;;;;
PROV7322;Tzuosci Sea;;;;;
PROV7323;Tzuosci Sea;;;;;
PROV7324;Tzuosci Sea;;;;;
PROV7325;Tzuosci Sea;;;;;
PROV7326;Tzuosci Sea;;;;;
PROV7327;Chimnith Bay;;;;;
PROV7328;Chimnith Bay;;;;;
PROV7329;Chimnith Bay;;;;;
PROV7330;Chimnith Bay;;;;;
PROV7331;Jaspe Bay;;;;;
PROV7332;Jaspe Bay;;;;;
PROV7333;Jaspe Bay;;;;;
PROV7334;Jaspe Bay;;;;;
PROV7335;Jaspe Coast;;;;;
PROV7336;Jaspe Coast;;;;;
PROV7337;Jaspe Coast;;;;;
PROV7338;Jaspe Coast;;;;;
PROV7339;Bay of Tun;;;;;
PROV7340;Bay of Tun;;;;;
PROV7341;Bay of Tun;;;;;
PROV7342;Bay of Tun;;;;;
PROV7343;Gulf of Tun;;;;;
PROV7344;Gulf of Tun;;;;;
PROV7345;Gulf of Tun;;;;;
PROV7346;Gulf of Tun;;;;;
PROV7347;Eastern Lake Rumare;;;;;
PROV7348;Eastern Lake Rumare;;;;;
PROV7349;Eastern Lake Rumare;;;;;
PROV7350;Eastern Lake Rumare;;;;;
PROV7351;Central Niben Bay;;;;;
PROV7352;Central Niben Bay;;;;;
PROV7353;Central Niben Bay;;;;;
PROV7354;Central Niben Bay;;;;;
PROV7355;Southern Niben Bay;;;;;
PROV7356;Southern Niben Bay;;;;;
PROV7357;Southern Niben Bay;;;;;
PROV7358;Southern Niben Bay;;;;;
PROV7359;Southern Niben Bay;;;;;
PROV7360;Northern Topal Bay;;;;;
PROV7361;Northern Topal Bay;;;;;
PROV7362;Northern Topal Bay;;;;;
PROV7363;Northern Topal Bay;;;;;
PROV7364;Southern Topal Bay;;;;;
PROV7365;Southern Topal Bay;;;;;
PROV7366;Southern Topal Bay;;;;;
PROV7367;Southern Topal Bay;;;;;
PROV7368;Southern Topal Bay;;;;;
PROV7369;Southern Darkarn River;;;;;
PROV7370;Southern Darkarn River;;;;;
PROV7371;Southern Darkarn River;;;;;
PROV7372;Southern Darkarn River;;;;;
PROV7373;Southern Darkarn River;;;;;
PROV7374;Coast of Black Marsh;;;;;
PROV7375;Coast of Black Marsh;;;;;
PROV7376;Coast of Black Marsh;;;;;
PROV7377;Coast of Black Marsh;;;;;
PROV7378;Southern Sea;;;;;
PROV7379;Southern Sea;;;;;
PROV7380;Southern Sea;;;;;
PROV7381;Southern Sea;;;;;
PROV7382;Southern Sea;;;;;
PROV7383;Secunda's Coast;;;;;
PROV7384;Secunda's Coast;;;;;
PROV7385;Secunda's Coast;;;;;
PROV7386;Secunda's Coast;;;;;
PROV7387;Secunda's Coast;;;;;
PROV7388;Haven Strait;;;;;
PROV7389;Haven Strait;;;;;
PROV7390;Haven Strait;;;;;
PROV7391;Haven Strait;;;;;
PROV7392;Khenarthi's Sea;;;;;
PROV7393;Khenarthi's Sea;;;;;
PROV7394;Khenarthi's Sea;;;;;
PROV7395;Khenarthi's Sea;;;;;
PROV7396;Khenarthi's Sea;;;;;
PROV7397;Grahtwood Coast;;;;;
PROV7398;Grahtwood Coast;;;;;
PROV7399;Grahtwood Coast;;;;;
PROV7400;Grahtwood Coast;;;;;
PROV7401;Southpoint Bay;;;;;
PROV7402;Southpoint Bay;;;;;
PROV7403;Southpoint Bay;;;;;
PROV7404;Southpoint Bay;;;;;
PROV7405;Central Topal Bay;;;;;
PROV7406;Central Topal Bay;;;;;
PROV7407;Central Topal Bay;;;;;
PROV7408;Central Topal Bay;;;;;
PROV7409;Western Coral Sea;;;;;
PROV7410;Western Coral Sea;;;;;
PROV7411;Western Coral Sea;;;;;
PROV7412;Western Coral Sea;;;;;
PROV7413;Coast of Phaer;;;;;
PROV7414;Coast of Phaer;;;;;
PROV7415;Coast of Phaer;;;;;
PROV7416;Coast of Phaer;;;;;
PROV7417;Gideon Marshes;;;;;
PROV7418;Gideon Marshes;;;;;
PROV7419;Gideon Marshes;;;;;
PROV7420;Gideon Marshes;;;;;
PROV7421;Velyn Bay;;;;;
PROV7422;Velyn Bay;;;;;
PROV7423;Velyn Bay;;;;;
PROV7424;Velyn Bay;;;;;
PROV7425;Strid River;;;;;
PROV7426;Strid River;;;;;
PROV7427;Strid River;;;;;
PROV7428;Strid River;;;;;
PROV7429;Strid River;;;;;
PROV7430;Coast of Quendeluun;;;;;
PROV7431;Coast of Quendeluun;;;;;
PROV7432;Coast of Quendeluun;;;;;
PROV7433;Coast of Quendeluun;;;;;
PROV7434;Golden Sea;;;;;
PROV7435;Golden Sea;;;;;
PROV7436;Golden Sea;;;;;
PROV7437;Golden Sea;;;;;
PROV7438;Golden Sea;;;;;
PROV7439;Brena River;;;;;
PROV7440;Brena River;;;;;
PROV7441;Brena River;;;;;
PROV7442;Brena River;;;;;
PROV7443;Brena River;;;;;
PROV7444;Hew's Strait;;;;;
PROV7445;Hew's Strait;;;;;
PROV7446;Hew's Strait;;;;;
PROV7447;Hew's Strait;;;;;
PROV7448;Hew's Strait;;;;;
PROV7449;Shark's Coast;;;;;
PROV7450;Shark's Coast;;;;;
PROV7451;Shark's Coast;;;;;
PROV7452;Shark's Coast;;;;;
PROV7453;Shark's Coast;;;;;
PROV7454;Abecean Sea;;;;;
PROV7455;Abecean Sea;;;;;
PROV7456;Abecean Sea;;;;;
PROV7457;Abecean Sea;;;;;
PROV7458;Southern Klithi Sea;;;;;
PROV7459;Southern Klithi Sea;;;;;
PROV7460;Southern Klithi Sea;;;;;
PROV7461;Southern Klithi Sea;;;;;
PROV7462;Eastern Chain Sea;;;;;
PROV7463;Eastern Chain Sea;;;;;
PROV7464;Eastern Chain Sea;;;;;
PROV7465;Eastern Chain Sea;;;;;
PROV7466;Cespar Sea;;;;;
PROV7467;Cespar Sea;;;;;
PROV7468;Cespar Sea;;;;;
PROV7469;Cespar Sea;;;;;
PROV7470;Cespar Sea;;;;;
PROV7471;Western Iliac Bay;;;;;
PROV7472;Western Iliac Bay;;;;;
PROV7473;Western Iliac Bay;;;;;
PROV7474;Western Iliac Bay;;;;;
PROV7475;Western Iliac Bay;;;;;
PROV7476;Northern Iliac Bay;;;;;
PROV7477;Northern Iliac Bay;;;;;
PROV7478;Northern Iliac Bay;;;;;
PROV7479;Northern Iliac Bay;;;;;
PROV7480;Northern Iliac Bay;;;;;
PROV7481;Eagle's Coast;;;;;
PROV7482;Eagle's Coast;;;;;
PROV7483;Eagle's Coast;;;;;
PROV7484;Eagle's Coast;;;;;
PROV7485;Eagle's Coast;;;;;
PROV7486;White Coast;;;;;
PROV7487;White Coast;;;;;
PROV7488;White Coast;;;;;
PROV7489;White Coast;;;;;
PROV7490;White Coast;;;;;
PROV7491;Bay of Hearts;;;;;
PROV7492;Bay of Hearts;;;;;
PROV7493;Bay of Hearts;;;;;
PROV7494;Bay of Hearts;;;;;
PROV7495;Bay of Hearts;;;;;
PROV7496;Wrathful Sea;;;;;
PROV7497;Wrathful Sea;;;;;
PROV7498;Wrathful Sea;;;;;
PROV7499;Wrathful Sea;;;;;
PROV7500;Northern Vampire Sea;;;;;
PROV7501;Northern Vampire Sea;;;;;
PROV7502;Northern Vampire Sea;;;;;
PROV7503;Northern Vampire Sea;;;;;
PROV7504;Northern Vampire Sea;;;;;
PROV7505;Raven Coast;;;;;
PROV7506;Raven Coast;;;;;
PROV7507;Raven Coast;;;;;
PROV7508;Raven Coast;;;;;
PROV7509;Dawnstar Strait;;;;;
PROV7510;Dawnstar Strait;;;;;
PROV7511;Dawnstar Strait;;;;;
PROV7512;Dawnstar Strait;;;;;
PROV7513;Dawnstar Strait;;;;;
PROV7514;Karth Bay;;;;;
PROV7515;Karth Bay;;;;;
PROV7516;Karth Bay;;;;;
PROV7517;Karth Bay;;;;;
PROV7518;Karth Bay;;;;;
PROV7519;Western Ysgramor's Sea;;;;;
PROV7520;Western Ysgramor's Sea;;;;;
PROV7521;Western Ysgramor's Sea;;;;;
PROV7522;Western Ysgramor's Sea;;;;;
PROV7523;Ysgramor's Coast;;;;;
PROV7524;Ysgramor's Coast;;;;;
PROV7525;Ysgramor's Coast;;;;;
PROV7526;Ysgramor's Coast;;;;;
PROV7527;Slaughterfish Bay;;;;;
PROV7528;Slaughterfish Bay;;;;;
PROV7529;Slaughterfish Bay;;;;;
PROV7530;Blacklight Strait;;;;;
PROV7531;Blacklight Strait;;;;;
PROV7532;Blacklight Strait;;;;;
PROV7533;Blacklight Strait;;;;;
PROV7534;Blacklight Strait;;;;;
PROV7535;Northern Inner Sea;;;;;
PROV7536;Northern Inner Sea;;;;;
PROV7537;Northern Inner Sea;;;;;
PROV7538;Northern Inner Sea;;;;;
PROV7539;Central Inner Sea;;;;;
PROV7540;Central Inner Sea;;;;;
PROV7541;Central Inner Sea;;;;;
PROV7542;Western Azura's Sea;;;;;
PROV7543;Western Azura's Sea;;;;;
PROV7544;Western Azura's Sea;;;;;
PROV7545;Western Azura's Sea;;;;;
PROV7546;Western Azura's Sea;;;;;
PROV7547;Eastern Azura's Sea;;;;;
PROV7548;Eastern Azura's Sea;;;;;
PROV7549;Eastern Azura's Sea;;;;;
PROV7550;Eastern Azura's Sea;;;;;
PROV7551;Eastern Azura's Sea;;;;;
PROV7552;Central Zafirbel Bay;;;;;
PROV7553;Central Zafirbel Bay;;;;;
PROV7554;Central Zafirbel Bay;;;;;
PROV7555;Central Zafirbel Bay;;;;;
PROV7556;Central Zafirbel Bay;;;;;
PROV7557;Sacred Strait;;;;;
PROV7558;Sacred Strait;;;;;
PROV7559;Sacred Strait;;;;;
PROV7560;Strait of Khuul;;;;;
PROV7561;Strait of Khuul;;;;;
PROV7562;Strait of Khuul;;;;;
PROV7563;Strait of Khuul;;;;;
PROV7564;Strait of Khuul;;;;;
PROV7565;Daedroth Sea;;;;;
PROV7566;Daedroth Sea;;;;;
PROV7567;Daedroth Sea;;;;;
PROV7568;Daedroth Sea;;;;;
PROV7569;Daedroth Sea;;;;;
PROV7570;Telvanni Coast;;;;;
PROV7571;Telvanni Coast;;;;;
PROV7572;Telvanni Coast;;;;;
PROV7573;Telvanni Coast;;;;;
PROV7574;Telvanni Coast;;;;;
PROV7575;Halaran Sea;;;;;
PROV7576;Halaran Sea;;;;;
PROV7577;Halaran Sea;;;;;
PROV7578;Halaran Sea;;;;;
PROV7579;Strait of Betno;;;;;
PROV7580;Strait of Betno;;;;;
PROV7581;Strait of Betno;;;;;
PROV7582;Strait of Betno;;;;;
PROV7583;Strait of Betno;;;;;
PROV7584;Northern Sea of Dreams;;;;;
PROV7585;Northern Sea of Dreams;;;;;
PROV7586;Northern Sea of Dreams;;;;;
PROV7587;Northern Sea of Dreams;;;;;
PROV7588;Telvanni Sea;;;;;
PROV7589;Telvanni Sea;;;;;
PROV7590;Telvanni Sea;;;;;
PROV7591;Telvanni Sea;;;;;
PROV7592;Sea of Gorne;;;;;
PROV7593;Sea of Gorne;;;;;
PROV7594;Sea of Gorne;;;;;
PROV7595;Sea of Gorne;;;;;
PROV7596;Sea of Gorne;;;;;
PROV7597;Anchre Coast;;;;;
PROV7598;Anchre Coast;;;;;
PROV7599;Anchre Coast;;;;;
PROV7600;Anchre Coast;;;;;
PROV7601;Anchre Coast;;;;;
PROV7602;Redoran Gulf;;;;;
PROV7603;Redoran Gulf;;;;;
PROV7604;Redoran Gulf;;;;;
PROV7605;Redoran Gulf;;;;;
PROV7606;Western Thir River;;;;;
PROV7607;Western Thir River;;;;;
PROV7608;Western Thir River;;;;;
PROV7609;Western Thir River;;;;;
PROV7610;Western Sea of Tears;;;;;
PROV7611;Western Sea of Tears;;;;;
PROV7612;Western Sea of Tears;;;;;
PROV7613;Western Sea of Tears;;;;;
PROV7614;Western Sea of Tears;;;;;
PROV7615;Southern Oliis Bay;;;;;
PROV7616;Southern Oliis Bay;;;;;
PROV7617;Southern Oliis Bay;;;;;
PROV7618;Southern Oliis Bay;;;;;
PROV7619;Oliis Sea;;;;;
PROV7620;Oliis Sea;;;;;
PROV7621;Oliis Sea;;;;;
PROV7622;Oliis Sea;;;;;
PROV7623;Oliis Sea;;;;;
PROV7624;Dunmount Bay;;;;;
PROV7625;Dunmount Bay;;;;;
PROV7626;Dunmount Bay;;;;;
PROV7627;Dunmount Bay;;;;;
PROV7628;Dunmount Bay;;;;;
PROV7629;Northern Oliis Bay;;;;;
PROV7630;Northern Oliis Bay;;;;;
PROV7631;Northern Oliis Bay;;;;;
PROV7632;Northern Oliis Bay;;;;;
PROV7633;Coast of Dusk;;;;;
PROV7634;Coast of Dusk;;;;;
PROV7635;Coast of Dusk;;;;;
PROV7636;Coast of Dusk;;;;;
PROV7637;Coast of Sunhold;;;;;
PROV7638;Coast of Sunhold;;;;;
PROV7639;Coast of Sunhold;;;;;
PROV7640;Coast of Sunhold;;;;;
PROV7641;Coast of Sunhold;;;;;
PROV7642;Coast of Coraldale;;;;;
PROV7643;Coast of Coraldale;;;;;
PROV7644;Coast of Coraldale;;;;;
PROV7645;Coast of Coraldale;;;;;
PROV7646;Coast of Coraldale;;;;;
PROV7647;Slaughter Bay;;;;;
PROV7648;Slaughter Bay;;;;;
PROV7649;Slaughter Bay;;;;;
PROV7650;Coast of Lillandril;;;;;
PROV7651;Coast of Lillandril;;;;;
PROV7652;Coast of Lillandril;;;;;
PROV7653;Coast of Lillandril;;;;;
PROV7654;Coast of Lillandril;;;;;
PROV7655;Coast of Karnwasten;;;;;
PROV7656;Coast of Karnwasten;;;;;
PROV7657;Coast of Karnwasten;;;;;
PROV7658;Coast of Karnwasten;;;;;
PROV7659;Coast of Karnwasten;;;;;
PROV7660;Northern Auridon Strait;;;;;
PROV7661;Northern Auridon Strait;;;;;
PROV7662;Northern Auridon Strait;;;;;
PROV7663;Northern Auridon Strait;;;;;
PROV7664;Yokudan Sea;;;;;
PROV7665;Yokudan Sea;;;;;
PROV7666;Yokudan Sea;;;;;
PROV7667;Yokudan Sea;;;;;
PROV7668;Western Thrassian Sea;;;;;
PROV7669;Western Thrassian Sea;;;;;
PROV7670;Western Thrassian Sea;;;;;
PROV7671;Western Thrassian Sea;;;;;
PROV7672;Northern Systres Sea;;;;;
PROV7673;Northern Systres Sea;;;;;
PROV7674;Northern Systres Sea;;;;;
PROV7675;Northern Systres Sea;;;;;
PROV7676;Northern Systres Sea;;;;;
PROV7677;Systres Depths;;;;;
PROV7678;Systres Depths;;;;;
PROV7679;Systres Depths;;;;;
PROV7680;Systres Depths;;;;;
PROV7681;Southern Systres Sea;;;;;
PROV7682;Southern Systres Sea;;;;;
PROV7683;Southern Systres Sea;;;;;
PROV7684;Southern Systres Sea;;;;;
PROV7685;Southern Systres Sea;;;;;
PROV7686;Central Sea of Pearls;;;;;
PROV7687;Central Sea of Pearls;;;;;
PROV7688;Central Sea of Pearls;;;;;
PROV7689;Central Sea of Pearls;;;;;
PROV7690;Eyevean Depths;;;;;
PROV7691;Eyevean Depths;;;;;
PROV7692;Eyevean Depths;;;;;
PROV7693;Eyevean Depths;;;;;
PROV7694;Eyevean Depths;;;;;
PROV7695;Southern Luminous Sea;;;;;
PROV7696;Southern Luminous Sea;;;;;
PROV7697;Southern Luminous Sea;;;;;
PROV7698;Southern Luminous Sea;;;;;
PROV7699;Southern Luminous Sea;;;;;
PROV7700;Glow-Gill Coast;;;;;
PROV7701;Glow-Gill Coast;;;;;
PROV7702;Glow-Gill Coast;;;;;
PROV7703;Glow-Gill Coast;;;;;
PROV7704;Coast of Vathi;;;;;
PROV7705;Coast of Vathi;;;;;
PROV7706;Coast of Vathi;;;;;
PROV7707;Coast of Vathi;;;;;
PROV7708;Coast of Vathi;;;;;
PROV7709;Coast of A'raei;;;;;
PROV7710;Coast of A'raei;;;;;
PROV7711;Coast of A'raei;;;;;
PROV7712;Coast of A'raei;;;;;
PROV7713;Jalfaye Coast;;;;;
PROV7714;Jalfaye Coast;;;;;
PROV7715;Jalfaye Coast;;;;;
PROV7716;Jalfaye Coast;;;;;
PROV7717;Whispering Sea;;;;;
PROV7718;Whispering Sea;;;;;
PROV7719;Whispering Sea;;;;;
PROV7720;Whispering Sea;;;;;
PROV7721;Whispering Sea;;;;;
PROV7722;Coast of Tonilone;;;;;
PROV7723;Coast of Tonilone;;;;;
PROV7724;Coast of Tonilone;;;;;
PROV7725;Coast of Tagon;;;;;
PROV7726;Coast of Tagon;;;;;
PROV7727;Coast of Tagon;;;;;
PROV7728;Coast of Tagon;;;;;
PROV7729;Northern Luminous Sea;;;;;
PROV7730;Northern Luminous Sea;;;;;
PROV7731;Northern Luminous Sea;;;;;
PROV7732;Northern Luminous Sea;;;;;
PROV7733;Northern Luminous Sea;;;;;
PROV7734;Northern Klithi Sea;;;;;
PROV7735;Northern Klithi Sea;;;;;
PROV7736;Northern Klithi Sea;;;;;
PROV7737;Northern Klithi Sea;;;;;
PROV7738;Taleskan Strait;;;;;
PROV7739;Taleskan Strait;;;;;
PROV7740;Taleskan Strait;;;;;
PROV7741;Taleskan Strait;;;;;
PROV7742;Coast of Samara;;;;;
PROV7743;Coast of Samara;;;;;
PROV7744;Coast of Samara;;;;;
PROV7745;Coast of Samara;;;;;
PROV7746;Western Sea of Arch;;;;;
PROV7747;Western Sea of Arch;;;;;
PROV7748;Western Sea of Arch;;;;;
PROV7749;Hattu Bay;;;;;
PROV7750;Hattu Bay;;;;;
PROV7751;Hattu Bay;;;;;
PROV7752;Hattu Bay;;;;;
PROV7753;Coast of Lumut;;;;;
PROV7754;Coast of Lumut;;;;;
PROV7755;Coast of Lumut;;;;;
PROV7756;Coast of Lumut;;;;;
PROV7757;Eastern Azurian Sea;;;;;
PROV7758;Eastern Azurian Sea;;;;;
PROV7759;Eastern Azurian Sea;;;;;
PROV7760;Eastern Azurian Sea;;;;;
PROV7761;Western Azurian Sea;;;;;
PROV7762;Western Azurian Sea;;;;;
PROV7763;Western Azurian Sea;;;;;
PROV7764;Western Azurian Sea;;;;;
PROV7765;White Sea;;;;;
PROV7766;White Sea;;;;;
PROV7767;White Sea;;;;;
PROV7768;White Sea;;;;;
PROV7769;Western Eyevean Sea;;;;;
PROV7770;Western Eyevean Sea;;;;;
PROV7771;Western Eyevean Sea;;;;;
PROV7772;Western Eyevean Sea;;;;;
PROV7773;Altmer Sea;;;;;
PROV7774;Altmer Sea;;;;;
PROV7775;Altmer Sea;;;;;
PROV7776;Altmer Sea;;;;;
PROV7777;Western Summerset Sea;;;;;
PROV7778;Western Summerset Sea;;;;;
PROV7779;Western Summerset Sea;;;;;
PROV7780;Western Summerset Sea;;;;;
PROV7781;Western Sea of Valenwood;;;;;
PROV7782;Western Sea of Valenwood;;;;;
PROV7783;Western Sea of Valenwood;;;;;
PROV7784;Western Sea of Valenwood;;;;;
PROV7785;Western Sea of Valenwood;;;;;
PROV7786;Western Bay of Dragons;;;;;
PROV7787;Western Bay of Dragons;;;;;
PROV7788;Western Bay of Dragons;;;;;
PROV7789;Western Bay of Dragons;;;;;
PROV7790;Southern Bay of Dragons;;;;;
PROV7791;Southern Bay of Dragons;;;;;
PROV7792;Southern Bay of Dragons;;;;;
PROV7793;Southern Bay of Dragons;;;;;
PROV7794;Eastern Marzonian Sea;;;;;
PROV7795;Eastern Marzonian Sea;;;;;
PROV7796;Eastern Marzonian Sea;;;;;
PROV7797;Eastern Marzonian Sea;;;;;
PROV7798;Coast of Eoryuesci;;;;;
PROV7799;Coast of Eoryuesci;;;;;
PROV7800;Coast of Eoryuesci;;;;;
PROV7801;Coast of Eoryuesci;;;;;
PROV7802;Telnaedrin Coast;;;;;
PROV7803;Telnaedrin Coast;;;;;
PROV7804;Telnaedrin Coast;;;;;
PROV7805;Telnaedrin Coast;;;;;
PROV7806;Sacred Lake;;;;;
PROV7807;Sacred Lake;;;;;
PROV7808;Sacred Lake;;;;;
PROV7809;Katan Strait;;;;;
PROV7810;Katan Strait;;;;;
PROV7811;Katan Strait;;;;;
PROV7812;Katan Strait;;;;;
PROV7813;Coast of Merri;;;;;
PROV7814;Coast of Merri;;;;;
PROV7815;Coast of Merri;;;;;
PROV7816;Coast of Merri;;;;;
PROV7817;Coast of Idera;;;;;
PROV7818;Coast of Idera;;;;;
PROV7819;Coast of Idera;;;;;
PROV7820;Coast of Idera;;;;;
PROV7821;Coast of Kalipa;;;;;
PROV7822;Coast of Kalipa;;;;;
PROV7823;Coast of Kalipa;;;;;
PROV7824;Coast of Kalipa;;;;;
PROV7825;Central Bay of Demons;;;;;
PROV7826;Central Bay of Demons;;;;;
PROV7827;Central Bay of Demons;;;;;
PROV7828;Central Bay of Demons;;;;;
PROV7829;Southern Bay of Demons;;;;;
PROV7830;Southern Bay of Demons;;;;;
PROV7831;Southern Bay of Demons;;;;;
PROV7832;Southern Bay of Demons;;;;;
PROV7833;Western Border Strait;;;;;
PROV7834;Western Border Strait;;;;;
PROV7835;Western Border Strait;;;;;
PROV7836;Western Border Strait;;;;;
PROV7837;Eastern Border Strait;;;;;
PROV7838;Eastern Border Strait;;;;;
PROV7839;Eastern Border Strait;;;;;
PROV7840;Eastern Border Strait;;;;;
PROV7841;Southern Kamali Gulf;;;;;
PROV7842;Southern Kamali Gulf;;;;;
PROV7843;Southern Kamali Gulf;;;;;
PROV7844;Southern Kamali Gulf;;;;;
PROV7845;Northern Kamali Gulf;;;;;
PROV7846;Northern Kamali Gulf;;;;;
PROV7847;Northern Kamali Gulf;;;;;
PROV7848;Northern Kamali Gulf;;;;;
PROV7849;Alisma Strait;;;;;
PROV7850;Alisma Strait;;;;;
PROV7851;Alisma Strait;;;;;
PROV7852;Alisma Strait;;;;;
PROV7853;Eastern Greenspring River;;;;;
PROV7854;Eastern Greenspring River;;;;;
PROV7855;Eastern Greenspring River;;;;;
PROV7856;Sea of Tun;;;;;
PROV7857;Sea of Tun;;;;;
PROV7858;Sea of Tun;;;;;
PROV7859;Sea of Tun;;;;;
PROV7860;Sea of Tun;;;;;
PROV7861;Southern Boreal Sea;;;;;
PROV7862;Southern Boreal Sea;;;;;
PROV7863;Southern Boreal Sea;;;;;
PROV7864;Southern Boreal Sea;;;;;
PROV7865;Southern Boreal Sea;;;;;
PROV7866;Men's Bay;;;;;
PROV7867;Men's Bay;;;;;
PROV7868;Men's Bay;;;;;
PROV7869;Men's Bay;;;;;
PROV7870;Northern Boreal Sea;;;;;
PROV7871;Northern Boreal Sea;;;;;
PROV7872;Northern Boreal Sea;;;;;
PROV7873;Northern Boreal Sea;;;;;
PROV7874;Western Frozen Coast;;;;;
PROV7875;Western Frozen Coast;;;;;
PROV7876;Western Frozen Coast;;;;;
PROV7877;Western Frozen Coast;;;;;
PROV7878;Western Frozen Coast;;;;;
PROV7879;Central Frozen Coast;;;;;
PROV7880;Central Frozen Coast;;;;;
PROV7881;Central Frozen Coast;;;;;
PROV7882;Central Frozen Coast;;;;;
PROV7883;Eastern Frozen Coast;;;;;
PROV7884;Eastern Frozen Coast;;;;;
PROV7885;Eastern Frozen Coast;;;;;
PROV7886;Eastern Frozen Coast;;;;;
PROV7887;Eastern Frozen Coast;;;;;
PROV7888;Frozen Sea;;;;;
PROV7889;Frozen Sea;;;;;
PROV7890;Frozen Sea;;;;;
PROV7891;Frozen Sea;;;;;
PROV7892;Coast of Leszenya;;;;;
PROV7893;Coast of Leszenya;;;;;
PROV7894;Coast of Leszenya;;;;;
PROV7895;Coast of Leszenya;;;;;
PROV7896;Western Kaaldan Sea;;;;;
PROV7897;Western Kaaldan Sea;;;;;
PROV7898;Western Kaaldan Sea;;;;;
PROV7899;Western Kaaldan Sea;;;;;
PROV7900;Central Katanas Sea;;;;;
PROV7901;Central Katanas Sea;;;;;
PROV7902;Central Katanas Sea;;;;;
PROV7903;Central Katanas Sea;;;;;
PROV7904;Coast of Madove;;;;;
PROV7905;Coast of Madove;;;;;
PROV7906;Coast of Madove;;;;;
PROV7907;Coast of Madove;;;;;
PROV7908;Coast of Madove;;;;;
PROV7909;Iizfrod Coast;;;;;
PROV7910;Iizfrod Coast;;;;;
PROV7911;Iizfrod Coast;;;;;
PROV7912;Iizfrod Coast;;;;;
PROV7913;Iizfrod Coast;;;;;
PROV7914;Grey Coast;;;;;
PROV7915;Grey Coast;;;;;
PROV7916;Grey Coast;;;;;
PROV7917;Grey Coast;;;;;
PROV7918;Grey Coast;;;;;
PROV7919;Chaegella Coast;;;;;
PROV7920;Chaegella Coast;;;;;
PROV7921;Chaegella Coast;;;;;
PROV7922;Chaegella Coast;;;;;
PROV7923;Western Thousand Islands Sea;;;;;
PROV7924;Western Thousand Islands Sea;;;;;
PROV7925;Western Thousand Islands Sea;;;;;
PROV7926;Western Thousand Islands Sea;;;;;
PROV7927;Western Thousand Islands Sea;;;;;
PROV7928;Eastern Thousand Islands Sea;;;;;
PROV7929;Eastern Thousand Islands Sea;;;;;
PROV7930;Eastern Thousand Islands Sea;;;;;
PROV7931;Eastern Thousand Islands Sea;;;;;
PROV7932;Eastern Thousand Islands Sea;;;;;
PROV7933;Safala Bay;;;;;
PROV7934;Safala Bay;;;;;
PROV7935;Safala Bay;;;;;
PROV7936;Safala Bay;;;;;
PROV7937;Safala Bay;;;;;
PROV7938;Southern Thousand Islands Sea;;;;;
PROV7939;Southern Thousand Islands Sea;;;;;
PROV7940;Southern Thousand Islands Sea;;;;;
PROV7941;Southern Thousand Islands Sea;;;;;
PROV7942;Southern Thousand Islands Sea;;;;;
PROV7943;Northern Monkey Sea;;;;;
PROV7944;Northern Monkey Sea;;;;;
PROV7945;Northern Monkey Sea;;;;;
PROV7946;Northern Monkey Sea;;;;;
PROV7947;Eastern Monkey Sea;;;;;
PROV7948;Eastern Monkey Sea;;;;;
PROV7949;Eastern Monkey Sea;;;;;
PROV7950;Eastern Monkey Sea;;;;;
PROV7951;Western Monkey Sea;;;;;
PROV7952;Western Monkey Sea;;;;;
PROV7953;Western Monkey Sea;;;;;
PROV7954;Western Monkey Sea;;;;;
PROV7955;Southern Monkey Sea;;;;;
PROV7956;Southern Monkey Sea;;;;;
PROV7957;Southern Monkey Sea;;;;;
PROV7958;Southern Monkey Sea;;;;;
PROV7959;Southern Monkey Sea;;;;;
PROV7960;Coast of Umpa;;;;;
PROV7961;Coast of Umpa;;;;;
PROV7962;Coast of Umpa;;;;;
PROV7963;Coast of Umpa;;;;;
PROV7964;Coast of Umpa;;;;;
PROV7965;Ohadhax Sea;;;;;
PROV7966;Ohadhax Sea;;;;;
PROV7967;Ohadhax Sea;;;;;
PROV7968;Ohadhax Sea;;;;;
PROV7969;Ohadhax Sea;;;;;
PROV7970;Northern Far Sea;;;;;
PROV7971;Northern Far Sea;;;;;
PROV7972;Northern Far Sea;;;;;
PROV7973;Northern Far Sea;;;;;
PROV7974;Coast of Lumpa;;;;;
PROV7975;Coast of Lumpa;;;;;
PROV7976;Coast of Lumpa;;;;;
PROV7977;Coast of Lumpa;;;;;
PROV7978;Coast of Lumpa;;;;;
PROV7979;Old Coast;;;;;
PROV7980;Old Coast;;;;;
PROV7981;Old Coast;;;;;
PROV7982;Old Coast;;;;;
PROV7983;Northern Old Strait;;;;;
PROV7984;Northern Old Strait;;;;;
PROV7985;Northern Old Strait;;;;;
PROV7986;Northern Old Strait;;;;;
PROV7987;Eastern Sea of Tears;;;;;
PROV7988;Eastern Sea of Tears;;;;;
PROV7989;Eastern Sea of Tears;;;;;
PROV7990;Eastern Sea of Tears;;;;;
PROV7991;Eastern Sea of Tears;;;;;
PROV7992;Strait of Koda;;;;;
PROV7993;Strait of Koda;;;;;
PROV7994;Strait of Koda;;;;;
PROV7995;Strait of Koda;;;;;
PROV7996;Strait of To;;;;;
PROV7997;Strait of To;;;;;
PROV7998;Strait of To;;;;;
PROV7999;Strait of To;;;;;
PROV8000;Strait of To;;;;;
PROV8001;Southern Lo Sea;;;;;
PROV8002;Southern Lo Sea;;;;;
PROV8003;Southern Lo Sea;;;;;
PROV8004;Southern Lo Sea;;;;;
PROV8005;Herne Sea;;;;;
PROV8006;Herne Sea;;;;;
PROV8007;Herne Sea;;;;;
PROV8008;Herne Sea;;;;;
PROV8009;Northern Marzonian Sea;;;;;
PROV8010;Northern Marzonian Sea;;;;;
PROV8011;Northern Marzonian Sea;;;;;
PROV8012;Northern Marzonian Sea;;;;;
PROV8013;Northern Thousand Islands Sea;;;;;
PROV8014;Northern Thousand Islands Sea;;;;;
PROV8015;Northern Thousand Islands Sea;;;;;
PROV8016;Northern Thousand Islands Sea;;;;;
PROV8017;Northern Thousand Islands Sea;;;;;
PROV8018;Grey Sea;;;;;
PROV8019;Grey Sea;;;;;
PROV8020;Grey Sea;;;;;
PROV8021;Grey Sea;;;;;
PROV8022;Northern Simian Sea;;;;;
PROV8023;Northern Simian Sea;;;;;
PROV8024;Northern Simian Sea;;;;;
PROV8025;Northern Simian Sea;;;;;
PROV8026;Simian Coast;;;;;
PROV8027;Simian Coast;;;;;
PROV8028;Simian Coast;;;;;
PROV8029;Simian Coast;;;;;
PROV8030;Southern Simian Sea;;;;;
PROV8031;Southern Simian Sea;;;;;
PROV8032;Southern Simian Sea;;;;;
PROV8033;Southern Simian Sea;;;;;
PROV8034;Central Old Sea;;;;;
PROV8035;Central Old Sea;;;;;
PROV8036;Central Old Sea;;;;;
PROV8037;Central Old Sea;;;;;
PROV8038;Central Old Sea;;;;;
PROV8039;Eastern Far Passage;;;;;
PROV8040;Eastern Far Passage;;;;;
PROV8041;Eastern Far Passage;;;;;
PROV8042;Eastern Far Passage;;;;;
PROV8043;Eastern Far Passage;;;;;
PROV8044;Boreal Coast;;;;;
PROV8045;Boreal Coast;;;;;
PROV8046;Boreal Coast;;;;;
PROV8047;Boreal Coast;;;;;
PROV8048;Wuthwahl Strait;;;;;
PROV8049;Wuthwahl Strait;;;;;
PROV8050;Wuthwahl Strait;;;;;
PROV8051;Wuthwahl Strait;;;;;
PROV8052;Northern Naghos Sea;;;;;
PROV8053;Northern Naghos Sea;;;;;
PROV8054;Northern Naghos Sea;;;;;
PROV8055;Northern Naghos Sea;;;;;
PROV8056;Northern Naghos Sea;;;;;
PROV8057;Western Katanas Sea;;;;;
PROV8058;Western Katanas Sea;;;;;
PROV8059;Western Katanas Sea;;;;;
PROV8060;Western Katanas Sea;;;;;
PROV8061;Eastern Sheogorath Sea;;;;;
PROV8062;Eastern Sheogorath Sea;;;;;
PROV8063;Eastern Sheogorath Sea;;;;;
PROV8064;Eastern Sheogorath Sea;;;;;
PROV8065;Eastern Sheogorath Sea;;;;;
PROV8066;Chimnith Sea;;;;;
PROV8067;Chimnith Sea;;;;;
PROV8068;Chimnith Sea;;;;;
PROV8069;Chimnith Sea;;;;;
PROV8070;Sea of Kruzka;;;;;
PROV8071;Sea of Kruzka;;;;;
PROV8072;Sea of Kruzka;;;;;
PROV8073;Sea of Kruzka;;;;;
PROV8074;Northern Bay of Dragons;;;;;
PROV8075;Northern Bay of Dragons;;;;;
PROV8076;Northern Bay of Dragons;;;;;
PROV8077;Northern Bay of Dragons;;;;;
PROV8078;Northern Bay of Dragons;;;;;
PROV8079;Eastern Jaspe Sea;;;;;
PROV8080;Eastern Jaspe Sea;;;;;
PROV8081;Eastern Jaspe Sea;;;;;
PROV8082;Eastern Jaspe Sea;;;;;
PROV8083;Eastern Jaspe Sea;;;;;
PROV8084;Ohadhax Coast;;;;;
PROV8085;Ohadhax Coast;;;;;
PROV8086;Ohadhax Coast;;;;;
PROV8087;Ohadhax Coast;;;;;
PROV8088;Ohadhax Coast;;;;;
PROV8089;Aerea Gulf;;;;;
PROV8090;Aerea Gulf;;;;;
PROV8091;Aerea Gulf;;;;;
PROV8092;Eastern Summerset Sea;;;;;
PROV8093;Eastern Summerset Sea;;;;;
PROV8094;Eastern Summerset Sea;;;;;
PROV8095;Eastern Summerset Sea;;;;;
PROV8096;Sea of Kmeiine;;;;;
PROV8097;Sea of Kmeiine;;;;;
PROV8098;Sea of Kmeiine;;;;;
PROV8099;Sea of Kmeiine;;;;;
PROV8100;Sea of Kmeiine;;;;;
PROV8101;Western Far Passage;;;;;
PROV8102;Western Far Passage;;;;;
PROV8103;Western Far Passage;;;;;
PROV8104;Western Far Passage;;;;;
PROV8105;Western Far Passage;;;;;
PROV8106;Central Far Passage;;;;;
PROV8107;Central Far Passage;;;;;
PROV8108;Central Far Passage;;;;;
PROV8109;Central Far Passage;;;;;
PROV8110;Central Far Passage;;;;;
PROV8111;Eastern Kaaldan Sea;;;;;
PROV8112;Eastern Kaaldan Sea;;;;;
PROV8113;Eastern Kaaldan Sea;;;;;
PROV8114;Eastern Kaaldan Sea;;;;;
PROV8115;Western Akavir-Yokuda Passage Entry;;;;;
PROV8116;Western Akavir-Yokuda Passage Entry;;;;;
PROV8117;Western Akavir-Yokuda Passage Entry;;;;;
PROV8118;Western Akavir-Yokuda Passage Entry;;;;;
PROV8119;Northern Cathnoquey-Akavir Passage;;;;;
PROV8120;Northern Cathnoquey-Akavir Passage;;;;;
PROV8121;Northern Cathnoquey-Akavir Passage;;;;;
PROV8122;Northern Cathnoquey-Akavir Passage;;;;;
PROV8123;Western Morrowind-Akavir Passage;;;;;
PROV8124;Western Morrowind-Akavir Passage;;;;;
PROV8125;Western Morrowind-Akavir Passage;;;;;
PROV8126;Western Morrowind-Akavir Passage;;;;;
PROV8127;Western Morrowind-Akavir Passage;;;;;
PROV8128;Northern Akavir-Cathnoquey Passage Entry;;;;;
PROV8129;Northern Akavir-Cathnoquey Passage Entry;;;;;
PROV8130;Northern Akavir-Cathnoquey Passage Entry;;;;;
PROV8131;Northern Akavir-Cathnoquey Passage Entry;;;;;
PROV8132;Eastern Akavir-Cathnoquey Passage;;;;;
PROV8133;Eastern Akavir-Cathnoquey Passage;;;;;
PROV8134;Eastern Akavir-Cathnoquey Passage;;;;;
PROV8135;Eastern Akavir-Cathnoquey Passage;;;;;
PROV8136;Eastern Akavir-Cathnoquey Passage;;;;;
PROV8137;Southern Akavir-Cathnoquey Passage Entry;;;;;
PROV8138;Southern Akavir-Cathnoquey Passage Entry;;;;;
PROV8139;Southern Akavir-Cathnoquey Passage Entry;;;;;
PROV8140;Southern Akavir-Cathnoquey Passage Entry;;;;;
PROV8141;Far Atmoran Sea;;;;;
PROV8142;Far Atmoran Sea;;;;;
PROV8143;Far Atmoran Sea;;;;;
PROV8144;Far Atmoran Sea;;;;;
PROV8145;Coast of Thorod;;;;;
PROV8146;Coast of Thorod;;;;;
PROV8147;Coast of Thorod;;;;;
PROV8148;Coast of Thorod;;;;;
PROV8149;Coast of Thorod;;;;;
PROV8150;Hrodgeir Bay;;;;;
PROV8151;Hrodgeir Bay;;;;;
PROV8152;Hrodgeir Bay;;;;;
PROV8153;Hrodgeir Bay;;;;;
PROV8154;Eastern Atmoran Sea;;;;;
PROV8155;Eastern Atmoran Sea;;;;;
PROV8156;Eastern Atmoran Sea;;;;;
PROV8157;Eastern Atmoran Sea;;;;;
PROV8158;Roscrea-Atmora Passage;;;;;
PROV8159;Roscrea-Atmora Passage;;;;;
PROV8160;Roscrea-Atmora Passage;;;;;
PROV8161;Roscrea-Atmora Passage;;;;;
PROV8162;Roscrea-Atmora Passage;;;;;
PROV8163;Threytonuldr Sea;;;;;
PROV8164;Threytonuldr Sea;;;;;
PROV8165;Threytonuldr Sea;;;;;
PROV8166;Threytonuldr Sea;;;;;
PROV8167;Threytonuldr Sea;;;;;
PROV8168;Hillas Bay;;;;;
PROV8169;Hillas Bay;;;;;
PROV8170;Hillas Bay;;;;;
PROV8171;Hillas Bay;;;;;
PROV8172;Hillas Bay;;;;;
PROV8173;Yorru Strait;;;;;
PROV8174;Yorru Strait;;;;;
PROV8175;Yorru Strait;;;;;
PROV8176;Yorru Strait;;;;;
PROV8177;Thel'ra Coast;;;;;
PROV8178;Thel'ra Coast;;;;;
PROV8179;Thel'ra Coast;;;;;
PROV8180;Thel'ra Coast;;;;;
PROV8181;Thel'ra Coast;;;;;
PROV8182;Gulf of Esta;;;;;
PROV8183;Gulf of Esta;;;;;
PROV8184;Gulf of Esta;;;;;
PROV8185;Gulf of Esta;;;;;
PROV8186;Gulf of Esta;;;;;
PROV8187;Arnthund Sea;;;;;
PROV8188;Arnthund Sea;;;;;
PROV8189;Arnthund Sea;;;;;
PROV8190;Arnthund Sea;;;;;
PROV8191;Arnthund Sea;;;;;
PROV8192;Arnthund Strait;;;;;
PROV8193;Arnthund Strait;;;;;
PROV8194;Arnthund Strait;;;;;
PROV8195;Arnthund Strait;;;;;
PROV8196;Arnthund Strait;;;;;
PROV8197;Forelgrim Coast;;;;;
PROV8198;Forelgrim Coast;;;;;
PROV8199;Forelgrim Coast;;;;;
PROV8200;Forelgrim Coast;;;;;
PROV8201;Forelgrim Coast;;;;;
PROV8202;Coast of Veil;;;;;
PROV8203;Coast of Veil;;;;;
PROV8204;Coast of Veil;;;;;
PROV8205;Coast of Veil;;;;;
PROV8206;Coast of Veil;;;;;
PROV8207;Skalnonur Bay;;;;;
PROV8208;Skalnonur Bay;;;;;
PROV8209;Skalnonur Bay;;;;;
PROV8210;Skalnonur Bay;;;;;
PROV8211;Skalnonur Bay;;;;;
PROV8212;Truorus Bay;;;;;
PROV8213;Truorus Bay;;;;;
PROV8214;Truorus Bay;;;;;
PROV8215;Truorus Bay;;;;;
PROV8216;Jylkurfyk Bay;;;;;
PROV8217;Jylkurfyk Bay;;;;;
PROV8218;Jylkurfyk Bay;;;;;
PROV8219;Jylkurfyk Bay;;;;;
PROV8220;Hruvold Strait;;;;;
PROV8221;Hruvold Strait;;;;;
PROV8222;Hruvold Strait;;;;;
PROV8223;Hruvold Strait;;;;;
PROV8224;Hruvold Strait;;;;;
PROV8225;Western Winterscape Sea;;;;;
PROV8226;Western Winterscape Sea;;;;;
PROV8227;Western Winterscape Sea;;;;;
PROV8228;Western Winterscape Sea;;;;;
PROV8229;Southern Frostfang Sea;;;;;
PROV8230;Southern Frostfang Sea;;;;;
PROV8231;Southern Frostfang Sea;;;;;
PROV8232;Southern Frostfang Sea;;;;;
PROV8233;Southern Frostfang Sea;;;;;
PROV8234;Central Atmoran Sea;;;;;
PROV8235;Central Atmoran Sea;;;;;
PROV8236;Central Atmoran Sea;;;;;
PROV8237;Central Atmoran Sea;;;;;
PROV8238;Nival Sea;;;;;
PROV8239;Nival Sea;;;;;
PROV8240;Nival Sea;;;;;
PROV8241;Southern Glacial Sea;;;;;
PROV8242;Southern Glacial Sea;;;;;
PROV8243;Southern Glacial Sea;;;;;
PROV8244;Southern Glacial Sea;;;;;
PROV8245;Western Atmora-Roscrea Passage;;;;;
PROV8246;Western Atmora-Roscrea Passage;;;;;
PROV8247;Western Atmora-Roscrea Passage;;;;;
PROV8248;Western Atmora-Roscrea Passage;;;;;
PROV8249;Western Atmora-Roscrea Passage;;;;;
PROV8250;Southern Shadow Sea;;;;;
PROV8251;Southern Shadow Sea;;;;;
PROV8252;Southern Shadow Sea;;;;;
PROV8253;Southern Shadow Sea;;;;;
PROV8254;Coast of Grace;;;;;
PROV8255;Coast of Grace;;;;;
PROV8256;Coast of Grace;;;;;
PROV8257;Coast of Grace;;;;;
PROV8258;Coast of Grace;;;;;
PROV8259;Thadner Gulf;;;;;
PROV8260;Thadner Gulf;;;;;
PROV8261;Thadner Gulf;;;;;
PROV8262;Thadner Gulf;;;;;
PROV8263;Thadner Gulf;;;;;
PROV8264;Isellarue Sea;;;;;
PROV8265;Isellarue Sea;;;;;
PROV8266;Isellarue Sea;;;;;
PROV8267;Isellarue Sea;;;;;
PROV8268;Isellarue Sea;;;;;
PROV8269;Northern Glacial Sea;;;;;
PROV8270;Northern Glacial Sea;;;;;
PROV8271;Northern Glacial Sea;;;;;
PROV8272;Northern Glacial Sea;;;;;
PROV8273;Styrbiorn Coast;;;;;
PROV8274;Styrbiorn Coast;;;;;
PROV8275;Styrbiorn Coast;;;;;
PROV8276;Styrbiorn Coast;;;;;
PROV8277;Styrbiorn Coast;;;;;
PROV8278;Ranveig Coast;;;;;
PROV8279;Ranveig Coast;;;;;
PROV8280;Ranveig Coast;;;;;
PROV8281;Ranveig Coast;;;;;
PROV8282;Ranveig Coast;;;;;
PROV8283;Forelgrim Strait;;;;;
PROV8284;Forelgrim Strait;;;;;
PROV8285;Forelgrim Strait;;;;;
PROV8286;Forelgrim Strait;;;;;
PROV8287;Forelgrim Strait;;;;;
PROV8288;Northern Frostfang Sea;;;;;
PROV8289;Northern Frostfang Sea;;;;;
PROV8290;Northern Frostfang Sea;;;;;
PROV8291;Northern Frostfang Sea;;;;;
PROV8292;White Strait;;;;;
PROV8293;White Strait;;;;;
PROV8294;White Strait;;;;;
PROV8295;White Strait;;;;;
PROV8296;Northpoint Coast;;;;;
PROV8297;Northpoint Coast;;;;;
PROV8298;Northpoint Coast;;;;;
PROV8299;Northpoint Coast;;;;;
PROV8300;High Sea;;;;;
PROV8301;High Sea;;;;;
PROV8302;High Sea;;;;;
PROV8303;High Sea;;;;;
PROV8304;Coast of Makan;;;;;
PROV8305;Coast of Makan;;;;;
PROV8306;Coast of Makan;;;;;
PROV8307;Coast of Makan;;;;;
PROV8308;Coast of Makan;;;;;
PROV8309;Western Totambu Sea;;;;;
PROV8310;Western Totambu Sea;;;;;
PROV8311;Western Totambu Sea;;;;;
PROV8312;Western Totambu Sea;;;;;
PROV8313;Strait of Moni;;;;;
PROV8314;Strait of Moni;;;;;
PROV8315;Strait of Moni;;;;;
PROV8316;Strait of Moni;;;;;
PROV8317;Sea of Jalrva;;;;;
PROV8318;Sea of Jalrva;;;;;
PROV8319;Sea of Jalrva;;;;;
PROV8320;Sea of Jalrva;;;;;
PROV8321;Strait of Yisdia;;;;;
PROV8322;Strait of Yisdia;;;;;
PROV8323;Strait of Yisdia;;;;;
PROV8324;Strait of Yisdia;;;;;
PROV8325;Strait of Yisdia;;;;;
PROV8326;Northern Sea of Pearls;;;;;
PROV8327;Northern Sea of Pearls;;;;;
PROV8328;Northern Sea of Pearls;;;;;
PROV8329;Northern Sea of Pearls;;;;;
PROV8330;Eastern Sea of Arch;;;;;
PROV8331;Eastern Sea of Arch;;;;;
PROV8332;Eastern Sea of Arch;;;;;
PROV8333;Eastern Eyevean Sea;;;;;
PROV8334;Eastern Eyevean Sea;;;;;
PROV8335;Eastern Eyevean Sea;;;;;
PROV8336;Eastern Eyevean Sea;;;;;
PROV8337;Eastern Iliac Bay;;;;;
PROV8338;Eastern Iliac Bay;;;;;
PROV8339;Eastern Iliac Bay;;;;;
PROV8340;Eastern Iliac Bay;;;;;
PROV8341;Eastern Iliac Bay;;;;;
PROV8342;Southern Iliac Bay;;;;;
PROV8343;Southern Iliac Bay;;;;;
PROV8344;Southern Iliac Bay;;;;;
PROV8345;Southern Iliac Bay;;;;;
PROV8346;Southern Iliac Bay;;;;;
PROV8347;Daggerfall Sea;;;;;
PROV8348;Daggerfall Sea;;;;;
PROV8349;Daggerfall Sea;;;;;
PROV8350;Daggerfall Sea;;;;;
PROV8351;Daggerfall Sea;;;;;
PROV8352;Lillandril Gulf;;;;;
PROV8353;Lillandril Gulf;;;;;
PROV8354;Lillandril Gulf;;;;;
PROV8355;Blue Divide;;;;;
PROV8356;Blue Divide;;;;;
PROV8357;Blue Divide;;;;;
PROV8358;Blue Divide;;;;;
PROV8359;Northern Altean Sea;;;;;
PROV8360;Northern Altean Sea;;;;;
PROV8361;Northern Altean Sea;;;;;
PROV8362;Northern Altean Sea;;;;;
PROV8363;Northern Altean Sea;;;;;
PROV8364;Southern Altean Sea;;;;;
PROV8365;Southern Altean Sea;;;;;
PROV8366;Southern Altean Sea;;;;;
PROV8367;Southern Altean Sea;;;;;
PROV8368;Southern Altean Sea;;;;;
PROV8369;Northern Pyrrahn Bay;;;;;
PROV8370;Northern Pyrrahn Bay;;;;;
PROV8371;Northern Pyrrahn Bay;;;;;
PROV8372;Northern Pyrrahn Bay;;;;;
PROV8373;Northern Pyrrahn Bay;;;;;
PROV8374;Coast of Kingshaven;;;;;
PROV8375;Coast of Kingshaven;;;;;
PROV8376;Coast of Kingshaven;;;;;
PROV8377;Coast of Kingshaven;;;;;
PROV8378;Coast of Kingshaven;;;;;
PROV8379;Vallas Coast;;;;;
PROV8380;Vallas Coast;;;;;
PROV8381;Vallas Coast;;;;;
PROV8382;Vallas Coast;;;;;
PROV8383;Vallas Coast;;;;;
PROV8384;Central Pyrrahn Bay;;;;;
PROV8385;Central Pyrrahn Bay;;;;;
PROV8386;Central Pyrrahn Bay;;;;;
PROV8387;Central Pyrrahn Bay;;;;;
PROV8388;Central Pyrrahn Bay;;;;;
PROV8389;Eastern Thrassian Sea;;;;;
PROV8390;Eastern Thrassian Sea;;;;;
PROV8391;Eastern Thrassian Sea;;;;;
PROV8392;Eastern Thrassian Sea;;;;;
PROV8393;Hunding Sea;;;;;
PROV8394;Hunding Sea;;;;;
PROV8395;Hunding Sea;;;;;
PROV8396;Hunding Sea;;;;;
PROV8397;Coast of Rilis;;;;;
PROV8398;Coast of Rilis;;;;;
PROV8399;Coast of Rilis;;;;;
PROV8400;Coast of Rilis;;;;;
PROV8401;Coast of Rilis;;;;;
PROV8402;Tempest Sea;;;;;
PROV8403;Tempest Sea;;;;;
PROV8404;Tempest Sea;;;;;
PROV8405;Tempest Sea;;;;;
PROV8406;Northern Darkarn River;;;;;
PROV8407;Northern Darkarn River;;;;;
PROV8408;Northern Darkarn River;;;;;
PROV8409;Keel-Sakka River;;;;;
PROV8410;Keel-Sakka River;;;;;
PROV8411;Keel-Sakka River;;;;;
PROV8412;Keel-Sakka River;;;;;
PROV8413;Keel-Sakka River;;;;;
PROV8414;Northern Lake Rumare;;;;;
PROV8415;Northern Lake Rumare;;;;;
PROV8416;Northern Lake Rumare;;;;;
PROV8417;Northern Lake Rumare;;;;;
PROV8418;Roscrea-Morrowind Passage;;;;;
PROV8419;Roscrea-Morrowind Passage;;;;;
PROV8420;Roscrea-Morrowind Passage;;;;;
PROV8421;Roscrea-Morrowind Passage;;;;;
PROV8422;Niben River;;;;;
PROV8423;Niben River;;;;;
PROV8424;Niben River;;;;;
PROV8425;Niben River;;;;;
PROV8426;Niben River;;;;;
PROV8427;Moon Lakes;;;;;
PROV8428;Moon Lakes;;;;;
PROV8429;Moon Lakes;;;;;
PROV8430;Moon Lakes;;;;;
PROV8431;Gideon River;;;;;
PROV8432;Gideon River;;;;;
PROV8433;Gideon River;;;;;
PROV8434;Gideon River;;;;;
PROV8435;Gideon River;;;;;
PROV8436;Nagmareen Fens;;;;;
PROV8437;Nagmareen Fens;;;;;
PROV8438;Nagmareen Fens;;;;;
PROV8439;Nagmareen Fens;;;;;
PROV8440;Nagmareen Fens;;;;;
PROV8441;Green Coast;;;;;
PROV8442;Green Coast;;;;;
PROV8443;Green Coast;;;;;
PROV8444;Green Coast;;;;;
PROV8445;Rootwaters;;;;;
PROV8446;Rootwaters;;;;;
PROV8447;Rootwaters;;;;;
PROV8448;Southern Akavir-Cathnoquey Passage;;;;;
PROV8449;Southern Akavir-Cathnoquey Passage;;;;;
PROV8450;Southern Akavir-Cathnoquey Passage;;;;;
PROV8451;Southern Akavir-Cathnoquey Passage;;;;;
PROV8452;Khenarthi's Coast;;;;;
PROV8453;Khenarthi's Coast;;;;;
PROV8454;Khenarthi's Coast;;;;;
PROV8455;Khenarthi's Coast;;;;;
PROV8456;Elsweyr-Pyandonea Passage;;;;;
PROV8457;Elsweyr-Pyandonea Passage;;;;;
PROV8458;Elsweyr-Pyandonea Passage;;;;;
PROV8459;Elsweyr-Pyandonea Passage;;;;;
PROV8460;Elsweyr-Pyandonea Passage;;;;;
PROV8461;Coast of Lilmoth;;;;;
PROV8462;Coast of Lilmoth;;;;;
PROV8463;Coast of Lilmoth;;;;;
PROV8464;Coast of Lilmoth;;;;;
PROV8465;Coast of Lilmoth;;;;;
PROV8466;Eastern Murk Sea;;;;;
PROV8467;Eastern Murk Sea;;;;;
PROV8468;Eastern Murk Sea;;;;;
PROV8469;Coast of Thorn;;;;;
PROV8470;Coast of Thorn;;;;;
PROV8471;Coast of Thorn;;;;;
PROV8472;Coast of Thorn;;;;;
PROV8473;Coast of Thorn;;;;;
PROV8474;Helstrom Fens;;;;;
PROV8475;Helstrom Fens;;;;;
PROV8476;Helstrom Fens;;;;;
PROV8477;Helstrom Fens;;;;;
PROV8478;Xul-Thuxis Lake;;;;;
PROV8479;Xul-Thuxis Lake;;;;;
PROV8480;Xul-Thuxis Lake;;;;;
PROV8481;Western Greenspring River;;;;;
PROV8482;Western Greenspring River;;;;;
PROV8483;Western Greenspring River;;;;;
PROV8484;Western Greenspring River;;;;;
PROV8485;Southern Onkobra River;;;;;
PROV8486;Southern Onkobra River;;;;;
PROV8487;Southern Onkobra River;;;;;
PROV8488;Southern Onkobra River;;;;;
PROV8489;Deshaan Sea;;;;;
PROV8490;Deshaan Sea;;;;;
PROV8491;Deshaan Sea;;;;;
PROV8492;Deshaan Sea;;;;;
PROV8493;Deshaan Sea;;;;;
PROV8494;Northern Morrowind Lakes;;;;;
PROV8495;Northern Morrowind Lakes;;;;;
PROV8496;Northern Morrowind Lakes;;;;;
PROV8497;Northern Morrowind Lakes;;;;;
PROV8498;Northern Onkobra River;;;;;
PROV8499;Northern Onkobra River;;;;;
PROV8500;Northern Onkobra River;;;;;
PROV8501;Northern Onkobra River;;;;;
PROV8502;Northern Onkobra River;;;;;
PROV8503;Hissmir Fens;;;;;
PROV8504;Hissmir Fens;;;;;
PROV8505;Hissmir Fens;;;;;
PROV8506;Hissmir Fens;;;;;
PROV8507;Hissmir Fens;;;;;
PROV8508;White Rose Fens;;;;;
PROV8509;White Rose Fens;;;;;
PROV8510;White Rose Fens;;;;;
PROV8511;White Rose Fens;;;;;
PROV8512;Stormhold Fens;;;;;
PROV8513;Stormhold Fens;;;;;
PROV8514;Stormhold Fens;;;;;
PROV8515;Telvanni Strait;;;;;
PROV8516;Telvanni Strait;;;;;
PROV8517;Telvanni Strait;;;;;
PROV8518;Telvanni Strait;;;;;
PROV8519;Telvanni Strait;;;;;
PROV8520;Coast of Res;;;;;
PROV8521;Coast of Res;;;;;
PROV8522;Coast of Res;;;;;
PROV8523;Coast of Res;;;;;
PROV8524;Coast of Res;;;;;
PROV8525;Southern Runa Sea;;;;;
PROV8526;Southern Runa Sea;;;;;
PROV8527;Southern Runa Sea;;;;;
PROV8528;Southern Runa Sea;;;;;
PROV8529;Southern Runa Sea;;;;;
PROV8530;Shayfan Sea;;;;;
PROV8531;Shayfan Sea;;;;;
PROV8532;Shayfan Sea;;;;;
PROV8533;Shayfan Sea;;;;;
PROV8534;Shayfan Sea;;;;;
PROV8535;Bahrammu Sea;;;;;
PROV8536;Bahrammu Sea;;;;;
PROV8537;Bahrammu Sea;;;;;
PROV8538;Bahrammu Sea;;;;;
PROV8539;Eastern Sheogorath Strait;;;;;
PROV8540;Eastern Sheogorath Strait;;;;;
PROV8541;Eastern Sheogorath Strait;;;;;
PROV8542;Eastern Sheogorath Strait;;;;;
PROV8543;Eastern Scathing Bay;;;;;
PROV8544;Eastern Scathing Bay;;;;;
PROV8545;Eastern Scathing Bay;;;;;
PROV8546;Eastern Scathing Bay;;;;;
PROV8547;Eastern Scathing Bay;;;;;
PROV8548;Western Scathing Bay;;;;;
PROV8549;Western Scathing Bay;;;;;
PROV8550;Western Scathing Bay;;;;;
PROV8551;Western Scathing Bay;;;;;
PROV8552;Western Scathing Bay;;;;;
PROV8553;Samsi Strait;;;;;
PROV8554;Samsi Strait;;;;;
PROV8555;Samsi Strait;;;;;
PROV8556;Samsi Strait;;;;;
PROV8557;Samsi Strait;;;;;
PROV8558;Velothi Strait;;;;;
PROV8559;Velothi Strait;;;;;
PROV8560;Velothi Strait;;;;;
PROV8561;Velothi Strait;;;;;
PROV8562;Karstaag Coast;;;;;
PROV8563;Karstaag Coast;;;;;
PROV8564;Karstaag Coast;;;;;
PROV8565;Slaughterfish Sea;;;;;
PROV8566;Slaughterfish Sea;;;;;
PROV8567;Slaughterfish Sea;;;;;
PROV8568;Slaughterfish Sea;;;;;
PROV8569;Coast of Kardesh;;;;;
PROV8570;Coast of Kardesh;;;;;
PROV8571;Coast of Kardesh;;;;;
PROV8572;Coast of Kardesh;;;;;
PROV8573;Coast of Kardesh;;;;;
PROV8574;Coast of Ravan;;;;;
PROV8575;Coast of Ravan;;;;;
PROV8576;Coast of Ravan;;;;;
PROV8577;Coast of Ravan;;;;;
PROV8578;Coast of Tonisan;;;;;
PROV8579;Coast of Tonisan;;;;;
PROV8580;Coast of Tonisan;;;;;
PROV8581;Coast of Tonisan;;;;;
PROV8582;Coast of Tonisan;;;;;
PROV8583;Coast of Suol'Yelr;;;;;
PROV8584;Coast of Suol'Yelr;;;;;
PROV8585;Coast of Suol'Yelr;;;;;
PROV8586;Coast of Suol'Yelr;;;;;
PROV8587;Coast of Suol'Yelr;;;;;
PROV8588;Strait of Anorola;;;;;
PROV8589;Strait of Anorola;;;;;
PROV8590;Strait of Anorola;;;;;
PROV8591;Strait of Kil'Yelir;;;;;
PROV8592;Strait of Kil'Yelir;;;;;
PROV8593;Strait of Kil'Yelir;;;;;
PROV8594;Strait of Nalonga;;;;;
PROV8595;Strait of Nalonga;;;;;
PROV8596;Strait of Nalonga;;;;;
PROV8597;Sinistral Sea;;;;;
PROV8598;Sinistral Sea;;;;;
PROV8599;Sinistral Sea;;;;;
PROV8600;Sinistral Sea;;;;;
PROV8601;Sinistral Sea;;;;;
PROV8602;Eastern Akavir-Yokuda Passage Entry;;;;;
PROV8603;Eastern Akavir-Yokuda Passage Entry;;;;;
PROV8604;Eastern Akavir-Yokuda Passage Entry;;;;;
PROV8605;Eastern Akavir-Yokuda Passage Entry;;;;;
PROV8606;Eastern Akavir-Yokuda Passage Entry;;;;;
PROV8607;Bjoulsae River;;;;;
PROV8608;Bjoulsae River;;;;;
PROV8609;Bjoulsae River;;;;;
PROV8610;Bjoulsae River;;;;;
PROV8611;Bjoulsae River;;;;;
PROV8612;Western Chain Sea;;;;;
PROV8613;Western Chain Sea;;;;;
PROV8614;Western Chain Sea;;;;;
PROV8615;Western Chain Sea;;;;;
PROV8616;Daggerfall Coast;;;;;
PROV8617;Daggerfall Coast;;;;;
PROV8618;Daggerfall Coast;;;;;
PROV8619;Daggerfall Coast;;;;;
PROV8620;Daggerfall Coast;;;;;
PROV8621;Eastern Hew's Bay;;;;;
PROV8622;Eastern Hew's Bay;;;;;
PROV8623;Eastern Hew's Bay;;;;;
PROV8624;Eastern Hew's Bay;;;;;
PROV8625;Tark River;;;;;
PROV8626;Tark River;;;;;
PROV8627;Tark River;;;;;
PROV8628;Tark River;;;;;
PROV8629;Western Hew's Bay;;;;;
PROV8630;Western Hew's Bay;;;;;
PROV8631;Western Hew's Bay;;;;;
PROV8632;Western Hew's Bay;;;;;
PROV8633;Thrall Coast;;;;;
PROV8634;Thrall Coast;;;;;
PROV8635;Thrall Coast;;;;;
PROV8636;Thrall Coast;;;;;
PROV8637;Hunding Bay;;;;;
PROV8638;Hunding Bay;;;;;
PROV8639;Hunding Bay;;;;;
PROV8640;Hunding Bay;;;;;
PROV8641;Vullain Gulf;;;;;
PROV8642;Vullain Gulf;;;;;
PROV8643;Vullain Gulf;;;;;
PROV8644;Vullain Gulf;;;;;
PROV8645;Moonhenge Coast;;;;;
PROV8646;Moonhenge Coast;;;;;
PROV8647;Moonhenge Coast;;;;;
PROV8648;Moonhenge Coast;;;;;
PROV8649;Moonhenge Coast;;;;;
PROV8650;Hegdraf Coast;;;;;
PROV8651;Hegdraf Coast;;;;;
PROV8652;Hegdraf Coast;;;;;
PROV8653;Hegdraf Coast;;;;;
PROV8654;Hegdraf Coast;;;;;
PROV8655;Folkmar Sea;;;;;
PROV8656;Folkmar Sea;;;;;
PROV8657;Folkmar Sea;;;;;
PROV8658;Folkmar Sea;;;;;
PROV8659;Folkmar Sea;;;;;
PROV8660;Eastern Winterscape Sea;;;;;
PROV8661;Eastern Winterscape Sea;;;;;
PROV8662;Eastern Winterscape Sea;;;;;
PROV8663;Eastern Winterscape Sea;;;;;
PROV8664;Western Atmoran Sea;;;;;
PROV8665;Western Atmoran Sea;;;;;
PROV8666;Western Atmoran Sea;;;;;
PROV8667;Western Atmoran Sea;;;;;
PROV8668;Western Atmoran Sea;;;;;
PROV8669;Kolli Sea;;;;;
PROV8670;Kolli Sea;;;;;
PROV8671;Kolli Sea;;;;;
PROV8672;Kolli Sea;;;;;
PROV8673;Kolli Sea;;;;;
PROV8674;Coast of Hvalcrea;;;;;
PROV8675;Coast of Hvalcrea;;;;;
PROV8676;Coast of Hvalcrea;;;;;
PROV8677;Coast of Hvalcrea;;;;;
PROV8678;Coast of Hvalcrea;;;;;
PROV8679;Eastern Winter's Coast;;;;;
PROV8680;Eastern Winter's Coast;;;;;
PROV8681;Eastern Winter's Coast;;;;;
PROV8682;Eastern Winter's Coast;;;;;
PROV8683;Eastern Winter's Coast;;;;;
PROV8684;Bay of Roots;;;;;
PROV8685;Bay of Roots;;;;;
PROV8686;Bay of Roots;;;;;
PROV8687;Bay of Roots;;;;;
PROV8688;Bay of Roots;;;;;
PROV8689;Central Atmora-Roscrea Passage;;;;;
PROV8690;Central Atmora-Roscrea Passage;;;;;
PROV8691;Central Atmora-Roscrea Passage;;;;;
PROV8692;Central Atmora-Roscrea Passage;;;;;
PROV8693;Winter Sea;;;;;
PROV8694;Winter Sea;;;;;
PROV8695;Winter Sea;;;;;
PROV8696;Winter Sea;;;;;
PROV8697;Central Mermaid Sea;;;;;
PROV8698;Central Mermaid Sea;;;;;
PROV8699;Central Mermaid Sea;;;;;
PROV8700;Central Mermaid Sea;;;;;
PROV8701;Shattered Coast;;;;;
PROV8702;Shattered Coast;;;;;
PROV8703;Shattered Coast;;;;;
PROV8704;Shattered Coast;;;;;
PROV8705;Shattered Coast;;;;;
PROV8706;Muscari Coast;;;;;
PROV8707;Muscari Coast;;;;;
PROV8708;Muscari Coast;;;;;
PROV8709;Muscari Coast;;;;;
PROV8710;Muscari Coast;;;;;
PROV8711;Far Jade Sea;;;;;
PROV8712;Far Jade Sea;;;;;
PROV8713;Far Jade Sea;;;;;
PROV8714;Far Jade Sea;;;;;
PROV8715;Southern Fervent Sea;;;;;
PROV8716;Southern Fervent Sea;;;;;
PROV8717;Southern Fervent Sea;;;;;
PROV8718;Southern Fervent Sea;;;;;
PROV8719;Central Jade Coast;;;;;
PROV8720;Central Jade Coast;;;;;
PROV8721;Central Jade Coast;;;;;
PROV8722;Central Jade Coast;;;;;
PROV8723;Central Jade Coast;;;;;
PROV8724;Western Jade Sea;;;;;
PROV8725;Western Jade Sea;;;;;
PROV8726;Western Jade Sea;;;;;
PROV8727;Western Jade Sea;;;;;
PROV8728;Western Jaspe Sea;;;;;
PROV8729;Western Jaspe Sea;;;;;
PROV8730;Western Jaspe Sea;;;;;
PROV8731;Western Jaspe Sea;;;;;
PROV8732;Western Jaspe Sea;;;;;
PROV8733;Southern Far Sea;;;;;
PROV8734;Southern Far Sea;;;;;
PROV8735;Southern Far Sea;;;;;
PROV8736;Southern Far Sea;;;;;
PROV8737;Southern Vampire Sea;;;;;
PROV8738;Southern Vampire Sea;;;;;
PROV8739;Southern Vampire Sea;;;;;
PROV8740;Southern Vampire Sea;;;;;
PROV8741;Southern Vampire Sea;;;;;
PROV8742;Brine Sea;;;;;
PROV8743;Brine Sea;;;;;
PROV8744;Brine Sea;;;;;
PROV8745;Brine Sea;;;;;
PROV8746;Eastern Sea of Ghosts;;;;;
PROV8747;Eastern Sea of Ghosts;;;;;
PROV8748;Eastern Sea of Ghosts;;;;;
PROV8749;Eastern Sea of Ghosts;;;;;
PROV8750;Eastern Sea of Ghosts;;;;;
PROV8751;Northern Skyrim-Atmora Passage;;;;;
PROV8752;Northern Skyrim-Atmora Passage;;;;;
PROV8753;Northern Skyrim-Atmora Passage;;;;;
PROV8754;Northern Skyrim-Atmora Passage;;;;;
PROV8755;Katanas Coast;;;;;
PROV8756;Katanas Coast;;;;;
PROV8757;Katanas Coast;;;;;
PROV8758;Katanas Coast;;;;;
PROV8759;Katanas Coast;;;;;
PROV8760;Central Morrowind-Akavir Passage;;;;;
PROV8761;Central Morrowind-Akavir Passage;;;;;
PROV8762;Central Morrowind-Akavir Passage;;;;;
PROV8763;Central Morrowind-Akavir Passage;;;;;
PROV8764;Central Morrowind-Akavir Passage;;;;;
PROV8765;Northern Cathnoquey-Akavir Passage Entry;;;;;
PROV8766;Northern Cathnoquey-Akavir Passage Entry;;;;;
PROV8767;Northern Cathnoquey-Akavir Passage Entry;;;;;
PROV8768;Northern Cathnoquey-Akavir Passage Entry;;;;;
PROV8769;Western Akavir-Cathnoquey Passage;;;;;
PROV8770;Western Akavir-Cathnoquey Passage;;;;;
PROV8771;Western Akavir-Cathnoquey Passage;;;;;
PROV8772;Western Akavir-Cathnoquey Passage;;;;;
PROV8773;Western Akavir-Cathnoquey Passage;;;;;
PROV8774;Southern Cathnoquey-Akavir Passage Entry;;;;;
PROV8775;Southern Cathnoquey-Akavir Passage Entry;;;;;
PROV8776;Southern Cathnoquey-Akavir Passage Entry;;;;;
PROV8777;Southern Cathnoquey-Akavir Passage Entry;;;;;
PROV8778;Southern Julaav Sea;;;;;
PROV8779;Southern Julaav Sea;;;;;
PROV8780;Southern Julaav Sea;;;;;
PROV8781;Southern Julaav Sea;;;;;
PROV8782;Southern Julaav Sea;;;;;
PROV8783;Western Akavir-Yokuda Passage;;;;;
PROV8784;Western Akavir-Yokuda Passage;;;;;
PROV8785;Western Akavir-Yokuda Passage;;;;;
PROV8786;Western Akavir-Yokuda Passage;;;;;
PROV8787;Ban'Ma Coast;;;;;
PROV8788;Ban'Ma Coast;;;;;
PROV8789;Ban'Ma Coast;;;;;
PROV8790;Coast of Umitun;;;;;
PROV8791;Coast of Umitun;;;;;
PROV8792;Coast of Umitun;;;;;
PROV8793;Coast of Umitun;;;;;
PROV8794;Coast of Umitun;;;;;
PROV8795;Northern Akavir-Cathnoquey Passage;;;;;
PROV8796;Northern Akavir-Cathnoquey Passage;;;;;
PROV8797;Northern Akavir-Cathnoquey Passage;;;;;
PROV8798;Northern Akavir-Cathnoquey Passage;;;;;
PROV8799;Gulf of Fo;;;;;
PROV8800;Gulf of Fo;;;;;
PROV8801;Gulf of Fo;;;;;
PROV8802;Coast of Seleda;;;;;
PROV8803;Coast of Seleda;;;;;
PROV8804;Coast of Seleda;;;;;
PROV8805;Coast of Seleda;;;;;
PROV8806;Northern Lo Sea;;;;;
PROV8807;Northern Lo Sea;;;;;
PROV8808;Northern Lo Sea;;;;;
PROV8809;Northern Lo Sea;;;;;
PROV8810;Southern Old Strait;;;;;
PROV8811;Southern Old Strait;;;;;
PROV8812;Southern Old Strait;;;;;
PROV8813;Southern Old Strait;;;;;
PROV8814;Kellassen Strait;;;;;
PROV8815;Kellassen Strait;;;;;
PROV8816;Kellassen Strait;;;;;
PROV8817;Kellassen Strait;;;;;
PROV8818;Eastern Akavir-Yokuda Passage;;;;;
PROV8819;Eastern Akavir-Yokuda Passage;;;;;
PROV8820;Eastern Akavir-Yokuda Passage;;;;;
PROV8821;Eastern Akavir-Yokuda Passage;;;;;
PROV8822;Eastern Akavir-Yokuda Passage;;;;;
PROV8823;Northern Old Sea;;;;;
PROV8824;Northern Old Sea;;;;;
PROV8825;Northern Old Sea;;;;;
PROV8826;Northern Old Sea;;;;;
PROV8827;Northern Old Sea;;;;;
PROV8828;Central Far Sea;;;;;
PROV8829;Central Far Sea;;;;;
PROV8830;Central Far Sea;;;;;
PROV8831;Central Far Sea;;;;;
PROV8832;Central Simian Sea;;;;;
PROV8833;Central Simian Sea;;;;;
PROV8834;Central Simian Sea;;;;;
PROV8835;Central Simian Sea;;;;;
PROV8836;Southern Old Sea;;;;;
PROV8837;Southern Old Sea;;;;;
PROV8838;Southern Old Sea;;;;;
PROV8839;Southern Old Sea;;;;;
PROV8840;Icebound Sea;;;;;
PROV8841;Icebound Sea;;;;;
PROV8842;Icebound Sea;;;;;
PROV8843;Icebound Sea;;;;;
PROV8844;Eastern Atmora-Roscrea Passage;;;;;
PROV8845;Eastern Atmora-Roscrea Passage;;;;;
PROV8846;Eastern Atmora-Roscrea Passage;;;;;
PROV8847;Eastern Atmora-Roscrea Passage;;;;;
PROV8848;Eastern Atmora-Roscrea Passage;;;;;
PROV8849;Southern Bay of Serpents;;;;;
PROV8850;Southern Bay of Serpents;;;;;
PROV8851;Southern Bay of Serpents;;;;;
PROV8852;Southern Bay of Serpents;;;;;
PROV8853;Umsiuesci Coast;;;;;
PROV8854;Umsiuesci Coast;;;;;
PROV8855;Umsiuesci Coast;;;;;
PROV8856;Umsiuesci Coast;;;;;
PROV8857;Northern Bay of Demons;;;;;
PROV8858;Northern Bay of Demons;;;;;
PROV8859;Northern Bay of Demons;;;;;
PROV8860;Guo Mei Inlet;;;;;
PROV8861;Guo Mei Inlet;;;;;
PROV8862;Guo Mei Inlet;;;;;
PROV8863;Guo Mei Inlet;;;;;
PROV8864;Sea of Muna;;;;;
PROV8865;Sea of Muna;;;;;
PROV8866;Sea of Muna;;;;;
PROV8867;Sea of Muna;;;;;
PROV8868;Coast of Bynbellis;;;;;
PROV8869;Coast of Bynbellis;;;;;
PROV8870;Coast of Bynbellis;;;;;
PROV8871;Coast of Bynbellis;;;;;
PROV8872;Southern Kamali Strait;;;;;
PROV8873;Southern Kamali Strait;;;;;
PROV8874;Southern Kamali Strait;;;;;
PROV8875;Southern Kamali Strait;;;;;
PROV8876;Northern Kamali Strait;;;;;
PROV8877;Northern Kamali Strait;;;;;
PROV8878;Northern Kamali Strait;;;;;
PROV8879;Northern Kamali Strait;;;;;
PROV8880;Western Sheogorath Sea;;;;;
PROV8881;Western Sheogorath Sea;;;;;
PROV8882;Western Sheogorath Sea;;;;;
PROV8883;Western Sheogorath Sea;;;;;
PROV8884;Central Scathing Bay;;;;;
PROV8885;Central Scathing Bay;;;;;
PROV8886;Central Scathing Bay;;;;;
PROV8887;Central Scathing Bay;;;;;
PROV8888;Lake Nabia;;;;;
PROV8889;Blackrose River;;;;;
PROV8890;Blackrose River;;;;;
PROV8891;Blackrose River;;;;;
PROV8892;Blackrose River;;;;;
PROV8893;Inner Bay;;;;;
PROV8894;Inner Bay;;;;;
PROV8895;Inner Bay;;;;;
PROV8896;Inner Bay;;;;;
PROV8897;Southern Sea of Pearls;;;;;
PROV8898;Southern Sea of Pearls;;;;;
PROV8899;Southern Sea of Pearls;;;;;
PROV8900;Southern Sea of Pearls;;;;;
PROV8901;Southern Sea of Pearls;;;;;
PROV8902;Far Azurian Sea;;;;;
PROV8903;Far Azurian Sea;;;;;
PROV8904;Far Azurian Sea;;;;;
PROV8905;Far Azurian Sea;;;;;
PROV8906;Eastern Totambu Sea;;;;;
PROV8907;Eastern Totambu Sea;;;;;
PROV8908;Eastern Totambu Sea;;;;;
PROV8909;Eastern Totambu Sea;;;;;
PROV8910;Western Sheogorath Strait;;;;;
PROV8911;Western Sheogorath Strait;;;;;
PROV8912;Western Sheogorath Strait;;;;;
PROV8913;Western Sheogorath Strait;;;;;
PROV8914;Kollskeg Coast;;;;;
PROV8915;Kollskeg Coast;;;;;
PROV8916;Kollskeg Coast;;;;;
PROV8917;Kollskeg Coast;;;;;
PROV8918;Central Azurian Sea;;;;;
PROV8919;Central Azurian Sea;;;;;
PROV8920;Central Azurian Sea;;;;;
PROV8921;Central Azurian Sea;;;;;
PROV8922;Summerset Bay;;;;;
PROV8923;Summerset Bay;;;;;
PROV8924;Summerset Bay;;;;;
PROV8925;Summerset Bay;;;;;
PROV8926;Eastern Thir River;;;;;
PROV8927;Eastern Thir River;;;;;
PROV8928;Eastern Thir River;;;;;
PROV8929;Eastern Thir River;;;;;
PROV8930;Vampire Coast;;;;;
PROV8931;Vampire Coast;;;;;
PROV8932;Vampire Coast;;;;;
PROV8933;Vampire Coast;;;;;
PROV8934;Vampire Coast;;;;;
PROV8935;Odai River;;;;;
PROV8936;Odai River;;;;;
PROV8937;Great Bay;;;;;
PROV8938;Great Bay;;;;;
PROV8939;Great Bay;;;;;
PROV8940;Great Bay;;;;;
PROV8941;Southern Inner Sea;;;;;
PROV8942;Southern Inner Sea;;;;;
PROV8943;Southern Inner Sea;;;;;
PROV8944;Southern Inner Sea;;;;;
PROV8945;Southern Zafirbel Bay;;;;;
PROV8946;Southern Zafirbel Bay;;;;;
PROV8947;Southern Zafirbel Bay;;;;;
PROV8948;Southern Zafirbel Bay;;;;;
PROV8949;Northern Niben Bay;;;;;
PROV8950;Northern Niben Bay;;;;;
PROV8951;Northern Niben Bay;;;;;
PROV8952;Northern Niben Bay;;;;;
PROV8953;Northern Zafirbel Bay;;;;;
PROV8954;Northern Zafirbel Bay;;;;;
PROV8955;Northern Zafirbel Bay;;;;;
PROV8956;Northern Zafirbel Bay;;;;;
PROV8957;Northern Zafirbel Bay;;;;;
PROV8958;Rawl-Ri Bay;;;;;
PROV8959;Rawl-Ri Bay;;;;;
PROV8960;Rawl-Ri Bay;;;;;
PROV8961;Rawl-Ri Bay;;;;;
PROV8962;Eastern Coral Sea;;;;;
PROV8963;Eastern Coral Sea;;;;;
PROV8964;Eastern Coral Sea;;;;;
PROV8965;Eastern Coral Sea;;;;;
PROV8966;Coast of Woodhearth;;;;;
PROV8967;Coast of Woodhearth;;;;;
PROV8968;Coast of Woodhearth;;;;;
PROV8969;Coast of Woodhearth;;;;;
PROV8970;Eastern Yokuda-Akavir Passage;;;;;
PROV8971;Eastern Yokuda-Akavir Passage;;;;;
PROV8972;Eastern Yokuda-Akavir Passage;;;;;
PROV8973;Eastern Yokuda-Akavir Passage;;;;;
PROV8974;Western Yokuda-Akavir Passage;;;;;
PROV8975;Western Yokuda-Akavir Passage;;;;;
PROV8976;Western Yokuda-Akavir Passage;;;;;
PROV8977;Western Yokuda-Akavir Passage;;;;;
PROV8978;Central Akavir-Yokuda Passage;;;;;
PROV8979;Central Akavir-Yokuda Passage;;;;;
PROV8980;Central Akavir-Yokuda Passage;;;;;
PROV8981;Central Akavir-Yokuda Passage;;;;;
PROV8982; ;;;;;
PROV8983; ;;;;;
PROV8984; ;;;;;
PROV8985;Tark River;;;;;
PROV8986; ;;;;;
PROV8987;Larsius River;;;;;
PROV8988; ;;;;;
PROV8989;Lake Catrus;;;;;
PROV8990; ;;;;;
PROV8991; ;;;;;
PROV8992; ;;;;;
PROV8993; ;;;;;
PROV8994; ;;;;;
PROV8995; ;;;;;
PROV8996; ;;;;;
PROV8997;Celnayne River;;;;;
PROV8998; ;;;;;
PROV8999; ;;;;;
PROV9000; ;;;;;
PROV9001; ;;;;;
PROV9002;Viridian Springs;;;;;
PROV9003;Qa'mara Lake;;;;;
PROV9004; ;;;;;
PROV9005;Lake Beletor;;;;;
PROV9006;Lake Aurion;;;;;
PROV9007;Elinhir River;;;;;
PROV9008; ;;;;;
PROV9009; ;;;;;
PROV9010; ;;;;;
PROV9011;Aurion River;;;;;
PROV9012; ;;;;;
PROV9013;Crescent River;;;;;
PROV9014; ;;;;;
PROV9015; ;;;;;
PROV9016; ;;;;;
PROV9017; ;;;;;
PROV9018; ;;;;;
PROV9019;Brelynia Lake;;;;;
PROV9020; ;;;;;
PROV9021;Lake Sondsara;;;;;
PROV9022;Lake Bruma;;;;;
PROV9023;Lake Canulus;;;;;
PROV9024; ;;;;;
PROV9025; ;;;;;
PROV9026; ;;;;;
PROV9027;Velothi Run;;;;;
PROV9028;Lost River;;;;;
PROV9029;Lake Deadmoth;;;;;
PROV9030; ;;;;;
PROV9031;Xylo River;;;;;
PROV9032; ;;;;;
PROV9033; ;;;;;
PROV9034; ;;;;;
PROV9035;Lake Grahtwood;;;;;
PROV9036; ;;;;;
PROV9037;Lake Hokur;;;;;
PROV9038; ;;;;;
PROV9039;Beacon River;;;;;
PROV9040; ;;;;;
PROV9041; ;;;;;
PROV9042;Mkalzund River;;;;;
PROV9043; ;;;;;
PROV9044; ;;;;;
PROV9045;Foyada;;;;;
PROV9046; ;;;;;
PROV9047;Reed River;;;;;
PROV9048; ;;;;;
PROV9049;Silent Moons Lake;;;;;
PROV9050; ;;;;;
PROV9051; ;;;;;
PROV9052; ;;;;;
PROV9053;Oasis;;;;;
PROV9054; ;;;;;
PROV9055; ;;;;;
PROV9056; ;;;;;
PROV9057; ;;;;;
PROV9058; ;;;;;
PROV9059;Greater Washo;;;;;
PROV9060; ;;;;;
PROV9061; ;;;;;
PROV9062; ;;;;;
PROV9063; ;;;;;
PROV9064;Lake Anvil;;;;;
PROV9065;Lake Neugrad;;;;;
PROV9066; ;;;;;
PROV9067; ;;;;;
PROV9068; ;;;;;
PROV9069; ;;;;;
PROV9070; ;;;;;
PROV9071;Blessed Lake;;;;;
PROV9072;River Karth;;;;;
PROV9073; ;;;;;
PROV9074; ;;;;;
PROV9075; ;;;;;
PROV9076;Lake Tennia;;;;;
PROV9077; ;;;;;
PROV9078; ;;;;;
PROV9079; ;;;;;
PROV9080; ;;;;;
PROV9081; ;;;;;
PROV9082; ;;;;;
PROV9083; ;;;;;
PROV9084; ;;;;;
PROV9085; ;;;;;
PROV9086; ;;;;;
PROV9087;Acidic Lakes;;;;;
PROV9088; ;;;;;
PROV9089; ;;;;;
PROV9090; ;;;;;
PROV9091;Cloud River;;;;;
PROV9092; ;;;;;
PROV9093; ;;;;;
PROV9094; ;;;;;
PROV9095; ;;;;;
PROV9096; ;;;;;
PROV9097; ;;;;;
PROV9098;Darkwater River;;;;;
PROV9099; ;;;;;
PROV9100; ;;;;;
PROV9101; ;;;;;
PROV9102;Corbolo River;;;;;
PROV9103; ;;;;;
PROV9104;Tanglehaven Lake;;;;;
PROV9105; ;;;;;
PROV9106;Oasis;;;;;
PROV9107; ;;;;;
PROV9108; ;;;;;
PROV9109; ;;;;;
PROV9110; ;;;;;
PROV9111; ;;;;;
PROV9112; ;;;;;
PROV9113;Wayrest River;;;;;
PROV9114; ;;;;;
PROV9115; ;;;;;
PROV9116; ;;;;;
PROV9117;Archon's Lake;;;;;
PROV9118; ;;;;;
PROV9119; ;;;;;
PROV9120; ;;;;;
PROV9121; ;;;;;
PROV9122; ;;;;;
PROV9123;Green Leaf Lake;;;;;
PROV9124; ;;;;;
PROV9125; ;;;;;
PROV9126;Two Moons Lake;;;;;
PROV9127; ;;;;;
PROV9128;Walker Lake;;;;;
PROV9129; ;;;;;
PROV9130; ;;;;;
PROV9131; ;;;;;
PROV9132; ;;;;;
PROV9133; ;;;;;
PROV9134; ;;;;;
PROV9135; ;;;;;
PROV9136; ;;;;;
PROV9137; ;;;;;
PROV9138; ;;;;;
PROV9139; ;;;;;
PROV9140; ;;;;;
PROV9141; ;;;;;
PROV9142; ;;;;;
PROV9143; ;;;;;
PROV9144; ;;;;;
PROV9145; ;;;;;
PROV9146; ;;;;;
PROV9147; ;;;;;
PROV9148; ;;;;;
PROV9149; ;;;;;
PROV9150; ;;;;;
PROV9151; ;;;;;
PROV9152;Lake Hairan;;;;;
PROV9153; ;;;;;
PROV9154; ;;;;;
PROV9155; ;;;;;
PROV9156; ;;;;;
PROV9157; ;;;;;
PROV9158; ;;;;;
PROV9159;Lake Pun Kes;;;;;
PROV9160; ;;;;;
PROV9161;Lake Ti Shuk;;;;;
PROV9162;Lake Ramatius;;;;;
PROV9163; ;;;;;
PROV9164; ;;;;;
PROV9165; ;;;;;
PROV9166; ;;;;;
PROV9167; ;;;;;
PROV9168;Lake Hyrba;;;;;
PROV9169;Panther River;;;;;
PROV9170; ;;;;;
PROV9171;Foyada;;;;;
PROV9172; ;;;;;
PROV9173; ;;;;;
PROV9174; ;;;;;
PROV9175;Lake Rkhardahrk;;;;;
PROV9176; ;;;;;
PROV9177;Greater Anu;;;;;
PROV9178; ;;;;;
PROV9179; ;;;;;
PROV9180; ;;;;;
PROV9181; ;;;;;
PROV9182;Lake Honnith;;;;;
PROV9183; ;;;;;
PROV9184; ;;;;;
PROV9185; ;;;;;
PROV9186; ;;;;;
PROV9187; ;;;;;
PROV9188; ;;;;;
PROV9189; ;;;;;
PROV9190; ;;;;;
PROV9191; ;;;;;
PROV9192; ;;;;;
PROV9193; ;;;;;
PROV9194; ;;;;;
PROV9195; ;;;;;
PROV9196; ;;;;;
PROV9197; ;;;;;
PROV9198; ;;;;;
PROV9199;Serenity Basin;;;;;
PROV9200; ;;;;;
PROV9201;Dreugh Falls;;;;;
PROV9202;Lake Joldia;;;;;
PROV9203; ;;;;;
PROV9204; ;;;;;
PROV9205;River Harstrad;;;;;
PROV9206; ;;;;;
PROV9207; ;;;;;
PROV9208; ;;;;;
PROV9209; ;;;;;
PROV9210; ;;;;;
PROV9211;Larsius River;;;;;
PROV9212; ;;;;;
PROV9213; ;;;;;
PROV9214;Archon's River;;;;;
PROV9215; ;;;;;
PROV9216; ;;;;;
PROV9217; ;;;;;
PROV9218; ;;;;;
PROV9219; ;;;;;
PROV9220;Larsius River;;;;;
PROV9221; ;;;;;
PROV9222; ;;;;;
PROV9223; ;;;;;
PROV9224; ;;;;;
PROV9225; ;;;;;
PROV9226;Silverfish River;;;;;
PROV9227; ;;;;;
PROV9228; ;;;;;
PROV9229; ;;;;;
PROV9230; ;;;;;
PROV9231; ;;;;;
PROV9232; ;;;;;
PROV9233; ;;;;;
PROV9234; ;;;;;
PROV9235; ;;;;;
PROV9236; ;;;;;
PROV9237;Panther River;;;;;
PROV9238;Glademist Lake;;;;;
PROV9239; ;;;;;
PROV9240; ;;;;;
PROV9241; ;;;;;
PROV9242; ;;;;;
PROV9243; ;;;;;
PROV9244; ;;;;;
PROV9245; ;;;;;
PROV9246; ;;;;;
PROV9247; ;;;;;
PROV9248;Great River;;;;;
PROV9249; ;;;;;
PROV9250;Bloodtoil River;;;;;
PROV9251; ;;;;;
PROV9252;Lake Heinarwe;;;;;
PROV9253; ;;;;;
PROV9254;Great Lava Lake;;;;;
PROV9255; ;;;;;
PROV9256; ;;;;;
PROV9257; ;;;;;
PROV9258; ;;;;;
PROV9259; ;;;;;
PROV9260; ;;;;;
PROV9261; ;;;;;
PROV9262; ;;;;;
PROV9263;S'ren-ja Lake;;;;;
PROV9264; ;;;;;
PROV9265; ;;;;;
PROV9266; ;;;;;
PROV9267; ;;;;;
PROV9268; ;;;;;
PROV9269;Bloodtoil River;;;;;
PROV9270; ;;;;;
PROV9271; ;;;;;
PROV9272; ;;;;;
PROV9273; ;;;;;
PROV9274;Loch Llugwych;;;;;
PROV9275; ;;;;;
PROV9276;Lake Geir;;;;;
PROV9277; ;;;;;
PROV9278; ;;;;;
PROV9279;Lake Tonaara;;;;;
PROV9280;Dawnbreak River;;;;;
PROV9281; ;;;;;
PROV9282; ;;;;;
PROV9283; ;;;;;
PROV9284;Kvatch Moat;;;;;
PROV9285; ;;;;;
PROV9286; ;;;;;
PROV9287; ;;;;;
PROV9288; ;;;;;
PROV9289;Strid Source;;;;;
PROV9290; ;;;;;
PROV9291; ;;;;;
PROV9292;Lake Grahtwood;;;;;
PROV9293;Mkalzund River;;;;;
PROV9294; ;;;;;
PROV9295; ;;;;;
PROV9296; ;;;;;
PROV9297; ;;;;;
PROV9298; ;;;;;
PROV9299; ;;;;;
PROV9300;Merryvale Lake;;;;;
PROV9301; ;;;;;
PROV9302; ;;;;;
PROV9303;Darkwater River;;;;;
PROV9304; ;;;;;
PROV9305; ;;;;;
PROV9306;Morkul Rapids;;;;;
PROV9307; ;;;;;
PROV9308;Crescent River;;;;;
PROV9309;Corbolo River;;;;;
PROV9310; ;;;;;
PROV9311; ;;;;;
PROV9312; ;;;;;
PROV9313; ;;;;;
PROV9314;Lake Bernja;;;;;
PROV9315;Verkarth River;;;;;
PROV9316; ;;;;;
PROV9317; ;;;;;
PROV9318; ;;;;;
PROV9319; ;;;;;
PROV9320;Cloudrest River;;;;;
PROV9321; ;;;;;
PROV9322; ;;;;;
PROV9323; ;;;;;
PROV9324; ;;;;;
PROV9325; ;;;;;
PROV9326;Foyada;;;;;
PROV9327; ;;;;;
PROV9328; ;;;;;
PROV9329;Elinhir River;;;;;
PROV9330;Lake Yorgrim;;;;;
PROV9331; ;;;;;
PROV9332; ;;;;;
PROV9333; ;;;;;
PROV9334;Cumberland Rapids;;;;;
PROV9335;Silverfish River;;;;;
PROV9336;Llugwych Run;;;;;
PROV9337; ;;;;;
PROV9338;Lake Ashassan;;;;;
PROV9339; ;;;;;
PROV9340; ;;;;;
PROV9341; ;;;;;
PROV9342;Scrag Stream;;;;;
PROV9343; ;;;;;
PROV9344; ;;;;;
PROV9345; ;;;;;
PROV9346; ;;;;;
PROV9347; ;;;;;
PROV9348; ;;;;;
PROV9349;Foyada;;;;;
PROV9350; ;;;;;
PROV9351;Lake Mallinius;;;;;
PROV9352; ;;;;;
PROV9353; ;;;;;
PROV9354; ;;;;;
PROV9355; ;;;;;
PROV9356; ;;;;;
PROV9357; ;;;;;
PROV9358; ;;;;;
PROV9359; ;;;;;
PROV9360; ;;;;;
PROV9361; ;;;;;
PROV9362; ;;;;;
PROV9363;Donen Lake;;;;;
PROV9364; ;;;;;
PROV9365; ;;;;;
PROV9366;Lava Lakes;;;;;
PROV9367; ;;;;;
PROV9368; ;;;;;
PROV9369;River Isild;;;;;
PROV9370; ;;;;;
PROV9371; ;;;;;
PROV9372; ;;;;;
PROV9373; ;;;;;
PROV9374; ;;;;;
PROV9375; ;;;;;
PROV9376;Xylo River;;;;;
PROV9377; ;;;;;
PROV9378;Liriel River;;;;;
PROV9379; ;;;;;
PROV9380; ;;;;;
PROV9381; ;;;;;
PROV9382; ;;;;;
PROV9383; ;;;;;
PROV9384; ;;;;;
PROV9385; ;;;;;
PROV9386; ;;;;;
PROV9387; ;;;;;
PROV9388; ;;;;;
PROV9389; ;;;;;
PROV9390; ;;;;;
PROV9391; ;;;;;
PROV9392;Panther River;;;;;
PROV9393; ;;;;;
PROV9394;Crescent River;;;;;
PROV9395; ;;;;;
PROV9396;Lake Grahtwood;;;;;
PROV9397; ;;;;;
PROV9398;Lake Silorn;;;;;
PROV9399; ;;;;;
PROV9400;Foyada;;;;;
PROV9401; ;;;;;
PROV9402;Foyada;;;;;
PROV9403;Tark River;;;;;
PROV9404; ;;;;;
PROV9405; ;;;;;
PROV9406; ;;;;;
PROV9407;Northhill Lake;;;;;
PROV9408; ;;;;;
PROV9409; ;;;;;
PROV9410;Grahtwood River;;;;;
PROV9411;Lake Curennius;;;;;
PROV9412; ;;;;;
PROV9413; ;;;;;
PROV9414; ;;;;;
PROV9415; ;;;;;
PROV9416; ;;;;;
PROV9417; ;;;;;
PROV9418; ;;;;;
PROV9419; ;;;;;
PROV9420; ;;;;;
PROV9421;Lava Lake;;;;;
PROV9422; ;;;;;
PROV9423; ;;;;;
PROV9424; ;;;;;
PROV9425;Karthgran River;;;;;
PROV9426;Alcaire River;;;;;
PROV9427; ;;;;;
PROV9428; ;;;;;
PROV9429;Grudge-Rock Rapids;;;;;
PROV9430;Velothi Run;;;;;
PROV9431;Secunda's Lake;;;;;
PROV9432; ;;;;;
PROV9433;Xylo River;;;;;
PROV9434;Lake Aerana;;;;;
PROV9435;River Hjaal;;;;;
PROV9436; ;;;;;
PROV9437;Grahtwood River;;;;;
PROV9438; ;;;;;
PROV9439; ;;;;;
PROV9440; ;;;;;
PROV9441;Lillandril River;;;;;
PROV9442; ;;;;;
PROV9443; ;;;;;
PROV9444; ;;;;;
PROV9445;Viridian Lake;;;;;
PROV9446; ;;;;;
PROV9447;White River;;;;;
PROV9448; ;;;;;
PROV9449; ;;;;;
PROV9450; ;;;;;
PROV9451; ;;;;;
PROV9452;Foyada;;;;;
PROV9453; ;;;;;
PROV9454; ;;;;;
PROV9455;Lake Rosela;;;;;
PROV9456; ;;;;;
PROV9457; ;;;;;
PROV9458; ;;;;;
PROV9459; ;;;;;
PROV9460; ;;;;;
PROV9461; ;;;;;
PROV9462; ;;;;;
PROV9463;Grahtwood Spring;;;;;
PROV9464; ;;;;;
PROV9465; ;;;;;
PROV9466; ;;;;;
PROV9467; ;;;;;
PROV9468; ;;;;;
PROV9469; ;;;;;
PROV9470; ;;;;;
PROV9471; ;;;;;
PROV9472; ;;;;;
PROV9473; ;;;;;
PROV9474; ;;;;;
PROV9475; ;;;;;
PROV9476;Rawla-Ri;;;;;
PROV9477; ;;;;;
PROV9478; ;;;;;
PROV9479;Lake Seaplace;;;;;
PROV9480;Tanglehaven Lake;;;;;
PROV9481; ;;;;;
PROV9482; ;;;;;
PROV9483; ;;;;;
PROV9484; ;;;;;
PROV9485;Verkarth River;;;;;
PROV9486;Shimmerene River;;;;;
PROV9487; ;;;;;
PROV9488; ;;;;;
PROV9489; ;;;;;
PROV9490; ;;;;;
PROV9491; ;;;;;
PROV9492; ;;;;;
PROV9493; ;;;;;
PROV9494;Foyada;;;;;
PROV9495; ;;;;;
PROV9496; ;;;;;
PROV9497; ;;;;;
PROV9498; ;;;;;
PROV9499; ;;;;;
PROV9500;Stendarr Lake;;;;;
PROV9501; ;;;;;
PROV9502; ;;;;;
PROV9503;Lake Boethiah;;;;;
PROV9504;Bruk'ra Lake;;;;;
PROV9505; ;;;;;
PROV9506; ;;;;;
PROV9507; ;;;;;
PROV9508; ;;;;;
PROV9509;Reachwater River;;;;;
PROV9510; ;;;;;
PROV9511; ;;;;;
PROV9512; ;;;;;
PROV9513; ;;;;;
PROV9514; ;;;;;
PROV9515;Riglaith River;;;;;
PROV9516; ;;;;;
PROV9517; ;;;;;
PROV9518; ;;;;;
PROV9519; ;;;;;
PROV9520; ;;;;;
PROV9521;Lake Nagastani;;;;;
PROV9522; ;;;;;
PROV9523;Foyada;;;;;
PROV9524; ;;;;;
PROV9525; ;;;;;
PROV9526; ;;;;;
PROV9527; ;;;;;
PROV9528; ;;;;;
PROV9529; ;;;;;
PROV9530; ;;;;;
PROV9531; ;;;;;
PROV9532;Lake Tullich;;;;;
PROV9533; ;;;;;
PROV9534; ;;;;;
PROV9535; ;;;;;
PROV9536; ;;;;;
PROV9537; ;;;;;
PROV9538;Karthgran River;;;;;
PROV9539; ;;;;;
PROV9540; ;;;;;
PROV9541; ;;;;;
PROV9542; ;;;;;
PROV9543; ;;;;;
PROV9544; ;;;;;
PROV9545; ;;;;;
PROV9546; ;;;;;
PROV9547;Treva River;;;;;
PROV9548; ;;;;;
PROV9549;Lake Fjalding;;;;;
PROV9550; ;;;;;
PROV9551; ;;;;;
PROV9552;Xylo River;;;;;
PROV9553; ;;;;;
PROV9554;Cliffpoint Run;;;;;
PROV9555; ;;;;;
PROV9556; ;;;;;
PROV9557; ;;;;;
PROV9558; ;;;;;
PROV9559;Lake Neelei;;;;;
PROV9560; ;;;;;
PROV9561; ;;;;;
PROV9562; ;;;;;
PROV9563; ;;;;;
PROV9564; ;;;;;
PROV9565; ;;;;;
PROV9566; ;;;;;
PROV9567;River Iggnir;;;;;
PROV9568; ;;;;;
PROV9569; ;;;;;
PROV9570; ;;;;;
PROV9571; ;;;;;
PROV9572; ;;;;;
PROV9573; ;;;;;
PROV9574; ;;;;;
PROV9575; ;;;;;
PROV9576; ;;;;;
PROV9577;Serpent River;;;;;
PROV9578;Lake Elace;;;;;
PROV9579; ;;;;;
PROV9580; ;;;;;
PROV9581; ;;;;;
PROV9582;Wayrest River;;;;;
PROV9583;Tark River;;;;;
PROV9584; ;;;;;
PROV9585; ;;;;;
PROV9586; ;;;;;
PROV9587;Roseguard Lagoon;;;;;
PROV9588; ;;;;;
PROV9589;Cloud River;;;;;
PROV9590; ;;;;;
PROV9591; ;;;;;
PROV9592;Lake Belda;;;;;
PROV9593;Lake Vellea;;;;;
PROV9594; ;;;;;
PROV9595; ;;;;;
PROV9596; ;;;;;
PROV9597;Rellenthil Run;;;;;
PROV9598; ;;;;;
PROV9599;Skyreach River;;;;;
PROV9600;Foyada;;;;;
PROV9601;Alcaire River;;;;;
PROV9602; ;;;;;
PROV9603; ;;;;;
PROV9604; ;;;;;
PROV9605;Panther River;;;;;
PROV9606;Lake Arrius;;;;;
PROV9607; ;;;;;
PROV9608; ;;;;;
PROV9609; ;;;;;
PROV9610; ;;;;;
PROV9611;Lake of Teeth;;;;;
PROV9612; ;;;;;
PROV9613; ;;;;;
PROV9614; ;;;;;
PROV9615; ;;;;;
PROV9616;Lake Ariecella;;;;;
PROV9617;Exarch Falls;;;;;
PROV9618;Lake Vasino;;;;;
PROV9619; ;;;;;
PROV9620;Lake Deesh;;;;;
PROV9621; ;;;;;
PROV9622; ;;;;;
PROV9623; ;;;;;
PROV9624; ;;;;;
PROV9625; ;;;;;
PROV9626; ;;;;;
PROV9627;Lake Amaya;;;;;
PROV9628; ;;;;;
PROV9629; ;;;;;
PROV9630; ;;;;;
PROV9631; ;;;;;
PROV9632;Lake Ilinalta;;;;;
PROV9633; ;;;;;
PROV9634; ;;;;;
PROV9635; ;;;;;
PROV9636; ;;;;;
PROV9637; ;;;;;
PROV9638; ;;;;;
PROV9639; ;;;;;
PROV9640; ;;;;;
PROV9641;White River;;;;;
PROV9642;Ravenwatch River;;;;;
PROV9643; ;;;;;
PROV9644;White River;;;;;
PROV9645; ;;;;;
PROV9646; ;;;;;
PROV9647; ;;;;;
PROV9648; ;;;;;
PROV9649; ;;;;;
PROV9650;Wayrest Burn;;;;;
PROV9651; ;;;;;
PROV9652; ;;;;;
PROV9653; ;;;;;
PROV9654;Lake Garcella;;;;;
PROV9655; ;;;;;
PROV9656;Exarch's Lake;;;;;
PROV9657; ;;;;;
PROV9658;Foyada;;;;;
PROV9659; ;;;;;
PROV9660; ;;;;;
PROV9661;Rawla-Ri;;;;;
PROV9662; ;;;;;
PROV9663; ;;;;;
PROV9664; ;;;;;
PROV9665; ;;;;;
PROV9666; ;;;;;
PROV9667;Exarch River;;;;;
PROV9668;Diceto River;;;;;
PROV9669; ;;;;;
PROV9670;Greensky Lake;;;;;
PROV9671; ;;;;;
PROV9672; ;;;;;
PROV9673;Lake Belkarth;;;;;
PROV9674; ;;;;;
PROV9675; ;;;;;
PROV9676;River Karth;;;;;
PROV9677; ;;;;;
PROV9678; ;;;;;
PROV9679;Dawnbreak River;;;;;
PROV9680;Lake Pa'alat;;;;;
PROV9681; ;;;;;
PROV9682; ;;;;;
PROV9683; ;;;;;
PROV9684; ;;;;;
PROV9685; ;;;;;
PROV9686; ;;;;;
PROV9687; ;;;;;
PROV9688;Lake Poppad;;;;;
PROV9689; ;;;;;
PROV9690; ;;;;;
PROV9691; ;;;;;
PROV9692;Velothi Run;;;;;
PROV9693; ;;;;;
PROV9694; ;;;;;
PROV9695; ;;;;;
PROV9696; ;;;;;
PROV9697; ;;;;;
PROV9698; ;;;;;
PROV9699;Green Lake;;;;;
PROV9700; ;;;;;
PROV9701; ;;;;;
PROV9702; ;;;;;
PROV9703;Lesser Anu;;;;;
PROV9704; ;;;;;
PROV9705; ;;;;;
PROV9706; ;;;;;
PROV9707; ;;;;;
PROV9708; ;;;;;
PROV9709;Ravenwatch River;;;;;
