495;505;canal;495;28;
975;5557;canal;5557;17;
976;5817;canal;5817;18;
981;5793;canal;5793;21;
989;5821;canal;5821;16;
992;5806;canal;5806;19;
1005;5833;canal;5833;20;
1016;5348;canal;1016;13;
1025;5423;canal;5423;22;
1038;5785;canal;5785;15;
1043;5422;canal;5422;23;
1045;5667;canal;5667;14;
1050;5397;canal;5397;26;
1054;5361;canal;5361;25;
1058;5682;canal;5682;24;
2522;6466;canal;6466;27;
4289;6853;canal;6853;10;
5030;6857;canal;6857;8;
5282;6848;canal;6848;7;
5360;5385;canal;5360;12;
5380;5421;canal;5380;11;
6006;6854;canal;6854;9;
6856;6869;canal;6869;6;
6856;6870;canal;6856;4;
6869;6870;canal;6870;5;
7246;7806;canal;1780;2;
7568;8953;canal;3484;1;
7808;7831;canal;1866;3;
8982;2269;impassable;0;0;
8982;2270;impassable;0;0;
8982;2271;impassable;0;0;
8982;2275;impassable;0;0;
8982;2276;impassable;0;0;
8982;2278;impassable;0;0;
8982;2280;impassable;0;0;
8982;2281;impassable;0;0;
8982;2287;impassable;0;0;
8982;2289;impassable;0;0;
8982;2290;impassable;0;0;
8982;2291;impassable;0;0;
8983;3464;impassable;0;0;
8983;3515;impassable;0;0;
8983;3516;impassable;0;0;
8983;3983;impassable;0;0;
8983;3985;impassable;0;0;
8984;5336;impassable;0;0;
8984;5337;impassable;0;0;
8984;5339;impassable;0;0;
8984;5345;impassable;0;0;
8984;5347;impassable;0;0;
8984;5788;impassable;0;0;
8984;5795;impassable;0;0;
8984;5796;impassable;0;0;
8984;5797;impassable;0;0;
8984;5798;impassable;0;0;
8985;6165;impassable;0;0;
8985;6167;impassable;0;0;
8985;6169;impassable;0;0;
8985;6233;impassable;0;0;
8985;6234;impassable;0;0;
8985;6587;impassable;0;0;
8985;6589;impassable;0;0;
8985;6596;impassable;0;0;
8985;6598;impassable;0;0;
8985;6600;impassable;0;0;
8985;9403;impassable;0;0;
8986;9630;impassable;0;0;
8987;2811;impassable;0;0;
8987;2814;impassable;0;0;
8987;2815;impassable;0;0;
8987;2905;impassable;0;0;
8987;2910;impassable;0;0;
8987;2911;impassable;0;0;
8987;2913;impassable;0;0;
8987;3066;impassable;0;0;
8987;9211;impassable;0;0;
8988;230;impassable;0;0;
8988;432;impassable;0;0;
8988;433;impassable;0;0;
8989;6549;impassable;0;0;
8989;6559;impassable;0;0;
8989;6560;impassable;0;0;
8989;6561;impassable;0;0;
8989;6562;impassable;0;0;
8990;2491;impassable;0;0;
8990;2495;impassable;0;0;
8990;2501;impassable;0;0;
8990;2502;impassable;0;0;
8990;2503;impassable;0;0;
8990;2504;impassable;0;0;
8990;2710;impassable;0;0;
8990;2732;impassable;0;0;
8990;2733;impassable;0;0;
8990;2735;impassable;0;0;
8990;2736;impassable;0;0;
8990;2737;impassable;0;0;
8990;2739;impassable;0;0;
8991;2188;impassable;0;0;
8991;2189;impassable;0;0;
8991;2190;impassable;0;0;
8991;2191;impassable;0;0;
8991;2192;impassable;0;0;
8991;2359;impassable;0;0;
8991;2360;impassable;0;0;
8991;2361;impassable;0;0;
8991;2364;impassable;0;0;
8991;2365;impassable;0;0;
8991;2367;impassable;0;0;
8991;2372;impassable;0;0;
8991;2373;impassable;0;0;
8992;2086;impassable;0;0;
8992;2094;impassable;0;0;
8992;2095;impassable;0;0;
8992;7837;impassable;0;0;
8992;9159;impassable;0;0;
8993;5453;impassable;0;0;
8993;5454;impassable;0;0;
8993;5455;impassable;0;0;
8993;5476;impassable;0;0;
8993;5477;impassable;0;0;
8993;5479;impassable;0;0;
8994;6706;impassable;0;0;
8994;6707;impassable;0;0;
8994;6708;impassable;0;0;
8994;6709;impassable;0;0;
8994;6710;impassable;0;0;
8994;6711;impassable;0;0;
8994;6712;impassable;0;0;
8994;6713;impassable;0;0;
8994;6714;impassable;0;0;
8994;6715;impassable;0;0;
8994;6717;impassable;0;0;
8994;6718;impassable;0;0;
8994;6724;impassable;0;0;
8994;6725;impassable;0;0;
8994;6726;impassable;0;0;
8994;6727;impassable;0;0;
8994;6728;impassable;0;0;
8994;6729;impassable;0;0;
8994;6736;impassable;0;0;
8994;6737;impassable;0;0;
8994;6738;impassable;0;0;
8994;6739;impassable;0;0;
8994;6741;impassable;0;0;
8994;6742;impassable;0;0;
8994;6744;impassable;0;0;
8994;6745;impassable;0;0;
8994;6747;impassable;0;0;
8994;6748;impassable;0;0;
8994;6749;impassable;0;0;
8994;6751;impassable;0;0;
8994;6755;impassable;0;0;
8994;6756;impassable;0;0;
8994;6758;impassable;0;0;
8994;6760;impassable;0;0;
8994;6763;impassable;0;0;
8994;6767;impassable;0;0;
8994;6768;impassable;0;0;
8994;6841;impassable;0;0;
8994;6842;impassable;0;0;
8994;6843;impassable;0;0;
8994;6845;impassable;0;0;
8994;6846;impassable;0;0;
8994;6847;impassable;0;0;
8994;6849;impassable;0;0;
8994;9442;impassable;0;0;
8994;9594;impassable;0;0;
8994;9647;impassable;0;0;
8995;3199;impassable;0;0;
8995;3203;impassable;0;0;
8995;3417;impassable;0;0;
8995;3418;impassable;0;0;
8995;3419;impassable;0;0;
8995;3420;impassable;0;0;
8995;3868;impassable;0;0;
8995;3875;impassable;0;0;
8996;276;impassable;0;0;
8996;278;impassable;0;0;
8996;360;impassable;0;0;
8996;361;impassable;0;0;
8996;363;impassable;0;0;
8996;364;impassable;0;0;
8996;512;impassable;0;0;
8996;513;impassable;0;0;
8996;514;impassable;0;0;
8996;588;impassable;0;0;
8996;589;impassable;0;0;
8996;591;impassable;0;0;
8997;336;impassable;0;0;
8997;530;impassable;0;0;
8997;532;impassable;0;0;
8997;533;impassable;0;0;
8997;538;impassable;0;0;
8997;539;impassable;0;0;
8997;7662;impassable;0;0;
8998;2318;impassable;0;0;
8998;2321;impassable;0;0;
8998;2322;impassable;0;0;
8998;2323;impassable;0;0;
8998;2324;impassable;0;0;
8998;2325;impassable;0;0;
8998;7228;impassable;0;0;
8999;9630;impassable;0;0;
9000;1312;impassable;0;0;
9000;1313;impassable;0;0;
9000;1314;impassable;0;0;
9000;1327;impassable;0;0;
9001;1167;impassable;0;0;
9001;1168;impassable;0;0;
9001;1171;impassable;0;0;
9001;1173;impassable;0;0;
9001;1174;impassable;0;0;
9001;1176;impassable;0;0;
9001;1177;impassable;0;0;
9001;1179;impassable;0;0;
9001;1180;impassable;0;0;
9002;6189;impassable;0;0;
9002;6271;impassable;0;0;
9002;6531;impassable;0;0;
9002;6533;impassable;0;0;
9002;9445;impassable;0;0;
9003;2896;impassable;0;0;
9003;2983;impassable;0;0;
9004;1832;impassable;0;0;
9004;1833;impassable;0;0;
9004;1834;impassable;0;0;
9004;1835;impassable;0;0;
9004;1836;impassable;0;0;
9004;1875;impassable;0;0;
9004;1876;impassable;0;0;
9004;1881;impassable;0;0;
9004;1882;impassable;0;0;
9004;1883;impassable;0;0;
9004;1887;impassable;0;0;
9004;1888;impassable;0;0;
9004;1889;impassable;0;0;
9004;1890;impassable;0;0;
9004;1891;impassable;0;0;
9004;1892;impassable;0;0;
9004;1893;impassable;0;0;
9004;1894;impassable;0;0;
9004;1895;impassable;0;0;
9004;1896;impassable;0;0;
9004;1897;impassable;0;0;
9004;1898;impassable;0;0;
9004;1899;impassable;0;0;
9004;1900;impassable;0;0;
9004;1905;impassable;0;0;
9004;1906;impassable;0;0;
9004;1907;impassable;0;0;
9004;1908;impassable;0;0;
9004;2021;impassable;0;0;
9004;2022;impassable;0;0;
9004;2023;impassable;0;0;
9004;2024;impassable;0;0;
9004;2026;impassable;0;0;
9004;2027;impassable;0;0;
9004;2028;impassable;0;0;
9004;2029;impassable;0;0;
9004;2030;impassable;0;0;
9004;2031;impassable;0;0;
9004;2032;impassable;0;0;
9004;2033;impassable;0;0;
9004;2034;impassable;0;0;
9004;2042;impassable;0;0;
9004;2043;impassable;0;0;
9004;2044;impassable;0;0;
9004;2046;impassable;0;0;
9004;2047;impassable;0;0;
9004;2048;impassable;0;0;
9004;2049;impassable;0;0;
9004;2050;impassable;0;0;
9004;2055;impassable;0;0;
9004;2086;impassable;0;0;
9004;2087;impassable;0;0;
9004;2088;impassable;0;0;
9004;2089;impassable;0;0;
9004;2090;impassable;0;0;
9004;2091;impassable;0;0;
9004;2092;impassable;0;0;
9004;2093;impassable;0;0;
9004;2094;impassable;0;0;
9004;2095;impassable;0;0;
9004;2096;impassable;0;0;
9004;2097;impassable;0;0;
9004;2103;impassable;0;0;
9004;2104;impassable;0;0;
9004;2105;impassable;0;0;
9004;2106;impassable;0;0;
9004;2107;impassable;0;0;
9004;7836;impassable;0;0;
9004;7837;impassable;0;0;
9004;8861;impassable;0;0;
9004;8862;impassable;0;0;
9004;9159;impassable;0;0;
9004;9161;impassable;0;0;
9005;5954;impassable;0;0;
9005;6117;impassable;0;0;
9005;6118;impassable;0;0;
9005;6128;impassable;0;0;
9005;6129;impassable;0;0;
9005;9554;impassable;0;0;
9006;302;impassable;0;0;
9006;381;impassable;0;0;
9006;458;impassable;0;0;
9006;460;impassable;0;0;
9006;461;impassable;0;0;
9006;462;impassable;0;0;
9006;9011;impassable;0;0;
9006;9597;impassable;0;0;
9007;6420;impassable;0;0;
9007;6483;impassable;0;0;
9007;9075;impassable;0;0;
9007;9329;impassable;0;0;
9008;1406;impassable;0;0;
9008;1407;impassable;0;0;
9008;1409;impassable;0;0;
9008;1412;impassable;0;0;
9008;1413;impassable;0;0;
9008;1420;impassable;0;0;
9008;1421;impassable;0;0;
9008;1423;impassable;0;0;
9008;1424;impassable;0;0;
9008;8050;impassable;0;0;
9009;1161;impassable;0;0;
9009;1163;impassable;0;0;
9009;1164;impassable;0;0;
9009;1165;impassable;0;0;
9009;1167;impassable;0;0;
9009;1170;impassable;0;0;
9009;1176;impassable;0;0;
9009;1177;impassable;0;0;
9009;1178;impassable;0;0;
9009;1191;impassable;0;0;
9009;1192;impassable;0;0;
9009;1255;impassable;0;0;
9009;1256;impassable;0;0;
9009;1292;impassable;0;0;
9009;1293;impassable;0;0;
9009;1294;impassable;0;0;
9010;1932;impassable;0;0;
9010;1933;impassable;0;0;
9010;1934;impassable;0;0;
9010;1937;impassable;0;0;
9010;1940;impassable;0;0;
9010;1941;impassable;0;0;
9010;7339;impassable;0;0;
9011;458;impassable;0;0;
9011;459;impassable;0;0;
9011;460;impassable;0;0;
9011;9252;impassable;0;0;
9012;5366;impassable;0;0;
9012;5367;impassable;0;0;
9012;5369;impassable;0;0;
9012;5389;impassable;0;0;
9012;5421;impassable;0;0;
9012;5422;impassable;0;0;
9012;5423;impassable;0;0;
9012;5424;impassable;0;0;
9012;5425;impassable;0;0;
9012;5756;impassable;0;0;
9012;5776;impassable;0;0;
9012;5777;impassable;0;0;
9013;2613;impassable;0;0;
9013;2615;impassable;0;0;
9013;2618;impassable;0;0;
9013;2740;impassable;0;0;
9013;2741;impassable;0;0;
9013;2742;impassable;0;0;
9013;2743;impassable;0;0;
9013;2790;impassable;0;0;
9013;2791;impassable;0;0;
9013;2826;impassable;0;0;
9013;2827;impassable;0;0;
9013;3022;impassable;0;0;
9013;9289;impassable;0;0;
9013;9394;impassable;0;0;
9014;5485;impassable;0;0;
9014;5486;impassable;0;0;
9014;5502;impassable;0;0;
9014;5503;impassable;0;0;
9014;5505;impassable;0;0;
9014;5524;impassable;0;0;
9014;5525;impassable;0;0;
9014;5526;impassable;0;0;
9014;5529;impassable;0;0;
9014;5530;impassable;0;0;
9014;5531;impassable;0;0;
9014;5532;impassable;0;0;
9014;5533;impassable;0;0;
9014;5616;impassable;0;0;
9014;5629;impassable;0;0;
9014;5630;impassable;0;0;
9014;5631;impassable;0;0;
9014;5632;impassable;0;0;
9014;5633;impassable;0;0;
9014;9098;impassable;0;0;
9014;9447;impassable;0;0;
9014;9613;impassable;0;0;
9015;5417;impassable;0;0;
9015;5418;impassable;0;0;
9015;5420;impassable;0;0;
9015;5694;impassable;0;0;
9015;5697;impassable;0;0;
9015;5698;impassable;0;0;
9015;5701;impassable;0;0;
9015;5704;impassable;0;0;
9015;5705;impassable;0;0;
9015;5706;impassable;0;0;
9015;5818;impassable;0;0;
9015;5819;impassable;0;0;
9015;5820;impassable;0;0;
9016;1045;impassable;0;0;
9016;1046;impassable;0;0;
9016;1047;impassable;0;0;
9017;4812;impassable;0;0;
9017;4813;impassable;0;0;
9017;4814;impassable;0;0;
9017;5018;impassable;0;0;
9017;5019;impassable;0;0;
9017;5020;impassable;0;0;
9017;5021;impassable;0;0;
9017;5022;impassable;0;0;
9017;5537;impassable;0;0;
9017;5538;impassable;0;0;
9017;5539;impassable;0;0;
9017;5541;impassable;0;0;
9017;5543;impassable;0;0;
9017;5545;impassable;0;0;
9017;5551;impassable;0;0;
9017;5597;impassable;0;0;
9017;5598;impassable;0;0;
9017;5599;impassable;0;0;
9017;5609;impassable;0;0;
9017;5621;impassable;0;0;
9017;5622;impassable;0;0;
9018;6831;impassable;0;0;
9018;6833;impassable;0;0;
9018;6834;impassable;0;0;
9019;2769;impassable;0;0;
9019;2770;impassable;0;0;
9019;2777;impassable;0;0;
9020;9070;impassable;0;0;
9020;9268;impassable;0;0;
9020;9518;impassable;0;0;
9020;9612;impassable;0;0;
9021;442;impassable;0;0;
9021;443;impassable;0;0;
9021;444;impassable;0;0;
9021;445;impassable;0;0;
9021;450;impassable;0;0;
9021;456;impassable;0;0;
9021;9248;impassable;0;0;
9022;4788;impassable;0;0;
9022;4789;impassable;0;0;
9022;4791;impassable;0;0;
9023;4775;impassable;0;0;
9023;4776;impassable;0;0;
9023;4777;impassable;0;0;
9023;4778;impassable;0;0;
9023;4923;impassable;0;0;
9024;2163;impassable;0;0;
9024;2164;impassable;0;0;
9024;2165;impassable;0;0;
9024;2166;impassable;0;0;
9024;2167;impassable;0;0;
9024;2168;impassable;0;0;
9024;2169;impassable;0;0;
9024;2171;impassable;0;0;
9024;2176;impassable;0;0;
9024;2177;impassable;0;0;
9024;2183;impassable;0;0;
9024;2186;impassable;0;0;
9024;2187;impassable;0;0;
9025;2817;impassable;0;0;
9025;2818;impassable;0;0;
9025;2846;impassable;0;0;
9025;2900;impassable;0;0;
9025;2902;impassable;0;0;
9025;2951;impassable;0;0;
9025;2953;impassable;0;0;
9025;3015;impassable;0;0;
9025;3018;impassable;0;0;
9025;3047;impassable;0;0;
9025;3048;impassable;0;0;
9025;3049;impassable;0;0;
9025;3056;impassable;0;0;
9025;3057;impassable;0;0;
9025;3059;impassable;0;0;
9026;5939;impassable;0;0;
9026;5942;impassable;0;0;
9026;6060;impassable;0;0;
9026;6061;impassable;0;0;
9026;6062;impassable;0;0;
9026;6095;impassable;0;0;
9026;9709;impassable;0;0;
9027;3141;impassable;0;0;
9027;3145;impassable;0;0;
9027;3268;impassable;0;0;
9027;3269;impassable;0;0;
9027;3622;impassable;0;0;
9027;3632;impassable;0;0;
9027;3674;impassable;0;0;
9027;8551;impassable;0;0;
9027;9692;impassable;0;0;
9028;5312;impassable;0;0;
9028;5313;impassable;0;0;
9028;5661;impassable;0;0;
9028;5662;impassable;0;0;
9028;5666;impassable;0;0;
9028;9099;impassable;0;0;
9029;6404;impassable;0;0;
9029;6553;impassable;0;0;
9029;6558;impassable;0;0;
9030;4553;impassable;0;0;
9030;4554;impassable;0;0;
9030;4555;impassable;0;0;
9030;4660;impassable;0;0;
9030;4662;impassable;0;0;
9030;5036;impassable;0;0;
9030;5037;impassable;0;0;
9030;5039;impassable;0;0;
9031;2539;impassable;0;0;
9031;2540;impassable;0;0;
9031;2565;impassable;0;0;
9031;2566;impassable;0;0;
9031;2604;impassable;0;0;
9031;2605;impassable;0;0;
9031;2732;impassable;0;0;
9031;2734;impassable;0;0;
9031;9269;impassable;0;0;
9031;9376;impassable;0;0;
9031;9433;impassable;0;0;
9031;9552;impassable;0;0;
9032;4822;impassable;0;0;
9032;4824;impassable;0;0;
9032;4904;impassable;0;0;
9032;4905;impassable;0;0;
9032;4906;impassable;0;0;
9032;4907;impassable;0;0;
9033;4744;impassable;0;0;
9033;4748;impassable;0;0;
9033;4807;impassable;0;0;
9033;4809;impassable;0;0;
9033;4810;impassable;0;0;
9033;4817;impassable;0;0;
9033;4979;impassable;0;0;
9033;4980;impassable;0;0;
9034;1880;impassable;0;0;
9034;1881;impassable;0;0;
9034;1885;impassable;0;0;
9034;1886;impassable;0;0;
9034;1891;impassable;0;0;
9034;1892;impassable;0;0;
9034;1893;impassable;0;0;
9034;1898;impassable;0;0;
9034;1899;impassable;0;0;
9034;1900;impassable;0;0;
9034;1903;impassable;0;0;
9034;1904;impassable;0;0;
9035;2469;impassable;0;0;
9035;2589;impassable;0;0;
9035;2625;impassable;0;0;
9035;2642;impassable;0;0;
9035;2643;impassable;0;0;
9035;2650;impassable;0;0;
9035;2652;impassable;0;0;
9035;9292;impassable;0;0;
9035;9396;impassable;0;0;
9036;1049;impassable;0;0;
9036;1050;impassable;0;0;
9036;1051;impassable;0;0;
9036;9557;impassable;0;0;
9037;6374;impassable;0;0;
9037;6382;impassable;0;0;
9037;6388;impassable;0;0;
9037;6389;impassable;0;0;
9037;6391;impassable;0;0;
9037;9599;impassable;0;0;
9038;1203;impassable;0;0;
9038;1204;impassable;0;0;
9038;1205;impassable;0;0;
9038;1206;impassable;0;0;
9038;1207;impassable;0;0;
9038;1208;impassable;0;0;
9038;1209;impassable;0;0;
9039;289;impassable;0;0;
9039;290;impassable;0;0;
9039;543;impassable;0;0;
9039;544;impassable;0;0;
9039;545;impassable;0;0;
9039;7430;impassable;0;0;
9040;2117;impassable;0;0;
9040;2118;impassable;0;0;
9040;2121;impassable;0;0;
9040;2123;impassable;0;0;
9040;2124;impassable;0;0;
9040;2125;impassable;0;0;
9040;2235;impassable;0;0;
9040;2236;impassable;0;0;
9040;2257;impassable;0;0;
9040;2262;impassable;0;0;
9040;2263;impassable;0;0;
9040;2264;impassable;0;0;
9040;2266;impassable;0;0;
9041;4540;impassable;0;0;
9041;4541;impassable;0;0;
9041;4927;impassable;0;0;
9041;4928;impassable;0;0;
9041;4929;impassable;0;0;
9041;5061;impassable;0;0;
9041;5062;impassable;0;0;
9042;3134;impassable;0;0;
9042;3135;impassable;0;0;
9042;3559;impassable;0;0;
9042;3560;impassable;0;0;
9042;3561;impassable;0;0;
9042;3565;impassable;0;0;
9042;3566;impassable;0;0;
9042;8565;impassable;0;0;
9042;9293;impassable;0;0;
9043;1041;impassable;0;0;
9043;9557;impassable;0;0;
9044;5308;impassable;0;0;
9044;5412;impassable;0;0;
9044;5413;impassable;0;0;
9044;5414;impassable;0;0;
9045;3157;impassable;0;0;
9045;3158;impassable;0;0;
9045;3159;impassable;0;0;
9045;3778;impassable;0;0;
9045;3779;impassable;0;0;
9045;3791;impassable;0;0;
9045;3830;impassable;0;0;
9045;7606;impassable;0;0;
9045;9600;impassable;0;0;
9046;5515;impassable;0;0;
9046;5524;impassable;0;0;
9046;5629;impassable;0;0;
9046;5630;impassable;0;0;
9046;5631;impassable;0;0;
9047;4745;impassable;0;0;
9047;4855;impassable;0;0;
9047;4857;impassable;0;0;
9047;4962;impassable;0;0;
9047;4964;impassable;0;0;
9047;5004;impassable;0;0;
9047;5005;impassable;0;0;
9047;5006;impassable;0;0;
9047;9309;impassable;0;0;
9048;3131;impassable;0;0;
9048;3132;impassable;0;0;
9048;3135;impassable;0;0;
9048;3141;impassable;0;0;
9048;3142;impassable;0;0;
9048;3143;impassable;0;0;
9048;3144;impassable;0;0;
9048;3145;impassable;0;0;
9048;3146;impassable;0;0;
9048;3147;impassable;0;0;
9048;3148;impassable;0;0;
9048;3149;impassable;0;0;
9048;3150;impassable;0;0;
9048;3152;impassable;0;0;
9048;3153;impassable;0;0;
9048;3154;impassable;0;0;
9048;3160;impassable;0;0;
9048;3161;impassable;0;0;
9048;3165;impassable;0;0;
9048;3167;impassable;0;0;
9048;3168;impassable;0;0;
9048;3169;impassable;0;0;
9048;3170;impassable;0;0;
9048;3173;impassable;0;0;
9048;3176;impassable;0;0;
9048;3177;impassable;0;0;
9048;3180;impassable;0;0;
9048;3182;impassable;0;0;
9048;3183;impassable;0;0;
9048;3186;impassable;0;0;
9048;3188;impassable;0;0;
9048;3195;impassable;0;0;
9048;3196;impassable;0;0;
9048;3197;impassable;0;0;
9048;3198;impassable;0;0;
9048;3200;impassable;0;0;
9048;3207;impassable;0;0;
9048;3208;impassable;0;0;
9048;3209;impassable;0;0;
9048;3210;impassable;0;0;
9048;3211;impassable;0;0;
9048;3212;impassable;0;0;
9048;3226;impassable;0;0;
9048;3228;impassable;0;0;
9048;3229;impassable;0;0;
9048;3232;impassable;0;0;
9048;3235;impassable;0;0;
9048;3242;impassable;0;0;
9048;3245;impassable;0;0;
9048;3246;impassable;0;0;
9048;3247;impassable;0;0;
9048;3248;impassable;0;0;
9048;3249;impassable;0;0;
9048;3250;impassable;0;0;
9048;3252;impassable;0;0;
9048;3255;impassable;0;0;
9048;3256;impassable;0;0;
9048;3257;impassable;0;0;
9048;3258;impassable;0;0;
9048;3259;impassable;0;0;
9048;3260;impassable;0;0;
9048;3261;impassable;0;0;
9048;3262;impassable;0;0;
9048;3263;impassable;0;0;
9048;3264;impassable;0;0;
9048;3265;impassable;0;0;
9048;3267;impassable;0;0;
9048;3268;impassable;0;0;
9048;3275;impassable;0;0;
9048;3276;impassable;0;0;
9048;3277;impassable;0;0;
9048;3278;impassable;0;0;
9048;3279;impassable;0;0;
9048;3280;impassable;0;0;
9048;3281;impassable;0;0;
9048;3282;impassable;0;0;
9048;3284;impassable;0;0;
9048;3285;impassable;0;0;
9048;3286;impassable;0;0;
9048;3287;impassable;0;0;
9048;3288;impassable;0;0;
9048;3290;impassable;0;0;
9048;3291;impassable;0;0;
9048;3293;impassable;0;0;
9048;3294;impassable;0;0;
9048;3295;impassable;0;0;
9048;3296;impassable;0;0;
9048;3297;impassable;0;0;
9048;3298;impassable;0;0;
9048;3299;impassable;0;0;
9048;3300;impassable;0;0;
9048;3301;impassable;0;0;
9048;3302;impassable;0;0;
9048;3309;impassable;0;0;
9048;3310;impassable;0;0;
9048;3311;impassable;0;0;
9048;3312;impassable;0;0;
9048;3319;impassable;0;0;
9048;3320;impassable;0;0;
9048;3321;impassable;0;0;
9048;3322;impassable;0;0;
9048;3323;impassable;0;0;
9048;3333;impassable;0;0;
9048;3334;impassable;0;0;
9048;3337;impassable;0;0;
9048;3338;impassable;0;0;
9048;3339;impassable;0;0;
9048;3340;impassable;0;0;
9048;3341;impassable;0;0;
9048;3342;impassable;0;0;
9048;3347;impassable;0;0;
9048;3348;impassable;0;0;
9048;3350;impassable;0;0;
9048;3351;impassable;0;0;
9048;3352;impassable;0;0;
9048;3353;impassable;0;0;
9048;3365;impassable;0;0;
9048;3366;impassable;0;0;
9048;3367;impassable;0;0;
9048;3368;impassable;0;0;
9048;3370;impassable;0;0;
9048;3371;impassable;0;0;
9048;3372;impassable;0;0;
9048;3373;impassable;0;0;
9048;3374;impassable;0;0;
9048;3375;impassable;0;0;
9048;3376;impassable;0;0;
9048;3377;impassable;0;0;
9048;3381;impassable;0;0;
9048;3382;impassable;0;0;
9048;3388;impassable;0;0;
9048;3391;impassable;0;0;
9048;3393;impassable;0;0;
9048;3394;impassable;0;0;
9048;3403;impassable;0;0;
9048;3404;impassable;0;0;
9048;3405;impassable;0;0;
9048;3407;impassable;0;0;
9048;3408;impassable;0;0;
9048;3409;impassable;0;0;
9048;3410;impassable;0;0;
9048;3411;impassable;0;0;
9048;3421;impassable;0;0;
9048;3422;impassable;0;0;
9048;3423;impassable;0;0;
9048;3426;impassable;0;0;
9048;3427;impassable;0;0;
9048;3428;impassable;0;0;
9048;3432;impassable;0;0;
9048;3434;impassable;0;0;
9048;3437;impassable;0;0;
9048;3438;impassable;0;0;
9048;3439;impassable;0;0;
9048;3440;impassable;0;0;
9048;3441;impassable;0;0;
9048;3442;impassable;0;0;
9048;3443;impassable;0;0;
9048;3444;impassable;0;0;
9048;3460;impassable;0;0;
9048;3461;impassable;0;0;
9048;3462;impassable;0;0;
9048;3463;impassable;0;0;
9048;3476;impassable;0;0;
9048;3477;impassable;0;0;
9048;3478;impassable;0;0;
9048;3489;impassable;0;0;
9048;3490;impassable;0;0;
9048;3504;impassable;0;0;
9048;3510;impassable;0;0;
9048;3511;impassable;0;0;
9048;3512;impassable;0;0;
9048;3539;impassable;0;0;
9048;3540;impassable;0;0;
9048;3542;impassable;0;0;
9048;3565;impassable;0;0;
9048;3566;impassable;0;0;
9048;3567;impassable;0;0;
9048;3568;impassable;0;0;
9048;3574;impassable;0;0;
9048;3575;impassable;0;0;
9048;3576;impassable;0;0;
9048;3577;impassable;0;0;
9048;3582;impassable;0;0;
9048;3583;impassable;0;0;
9048;3584;impassable;0;0;
9048;3585;impassable;0;0;
9048;3586;impassable;0;0;
9048;3587;impassable;0;0;
9048;3588;impassable;0;0;
9048;3592;impassable;0;0;
9048;3593;impassable;0;0;
9048;3594;impassable;0;0;
9048;3595;impassable;0;0;
9048;3599;impassable;0;0;
9048;3601;impassable;0;0;
9048;3605;impassable;0;0;
9048;3606;impassable;0;0;
9048;3614;impassable;0;0;
9048;3615;impassable;0;0;
9048;3617;impassable;0;0;
9048;3620;impassable;0;0;
9048;3621;impassable;0;0;
9048;3625;impassable;0;0;
9048;3627;impassable;0;0;
9048;3629;impassable;0;0;
9048;3630;impassable;0;0;
9048;3631;impassable;0;0;
9048;3632;impassable;0;0;
9048;3633;impassable;0;0;
9048;3634;impassable;0;0;
9048;3635;impassable;0;0;
9048;3636;impassable;0;0;
9048;3638;impassable;0;0;
9048;3641;impassable;0;0;
9048;3642;impassable;0;0;
9048;3645;impassable;0;0;
9048;3646;impassable;0;0;
9048;3647;impassable;0;0;
9048;3648;impassable;0;0;
9048;3649;impassable;0;0;
9048;3650;impassable;0;0;
9048;3651;impassable;0;0;
9048;3652;impassable;0;0;
9048;3656;impassable;0;0;
9048;3663;impassable;0;0;
9048;3666;impassable;0;0;
9048;3669;impassable;0;0;
9048;3673;impassable;0;0;
9048;3674;impassable;0;0;
9048;3675;impassable;0;0;
9048;3676;impassable;0;0;
9048;3681;impassable;0;0;
9048;3682;impassable;0;0;
9048;3705;impassable;0;0;
9048;3706;impassable;0;0;
9048;3712;impassable;0;0;
9048;3713;impassable;0;0;
9048;3714;impassable;0;0;
9048;3715;impassable;0;0;
9048;3717;impassable;0;0;
9048;3725;impassable;0;0;
9048;3727;impassable;0;0;
9048;3728;impassable;0;0;
9048;3729;impassable;0;0;
9048;3734;impassable;0;0;
9048;3735;impassable;0;0;
9048;3736;impassable;0;0;
9048;3737;impassable;0;0;
9048;3739;impassable;0;0;
9048;3742;impassable;0;0;
9048;3743;impassable;0;0;
9048;3744;impassable;0;0;
9048;3746;impassable;0;0;
9048;3750;impassable;0;0;
9048;3751;impassable;0;0;
9048;3753;impassable;0;0;
9048;3755;impassable;0;0;
9048;3757;impassable;0;0;
9048;3758;impassable;0;0;
9048;3759;impassable;0;0;
9048;3760;impassable;0;0;
9048;3762;impassable;0;0;
9048;3764;impassable;0;0;
9048;3765;impassable;0;0;
9048;3780;impassable;0;0;
9048;3781;impassable;0;0;
9048;3787;impassable;0;0;
9048;3788;impassable;0;0;
9048;3789;impassable;0;0;
9048;3793;impassable;0;0;
9048;3797;impassable;0;0;
9048;3803;impassable;0;0;
9048;3804;impassable;0;0;
9048;3810;impassable;0;0;
9048;3814;impassable;0;0;
9048;3815;impassable;0;0;
9048;3816;impassable;0;0;
9048;3817;impassable;0;0;
9048;3836;impassable;0;0;
9048;3837;impassable;0;0;
9048;3839;impassable;0;0;
9048;3840;impassable;0;0;
9048;3842;impassable;0;0;
9048;3843;impassable;0;0;
9048;3844;impassable;0;0;
9048;3845;impassable;0;0;
9048;3855;impassable;0;0;
9048;3856;impassable;0;0;
9048;3857;impassable;0;0;
9048;3867;impassable;0;0;
9048;3870;impassable;0;0;
9048;3879;impassable;0;0;
9048;3895;impassable;0;0;
9048;3896;impassable;0;0;
9048;3898;impassable;0;0;
9048;3913;impassable;0;0;
9048;3914;impassable;0;0;
9048;3919;impassable;0;0;
9048;3920;impassable;0;0;
9048;3927;impassable;0;0;
9048;3930;impassable;0;0;
9048;3948;impassable;0;0;
9048;3973;impassable;0;0;
9048;3974;impassable;0;0;
9048;3975;impassable;0;0;
9048;3976;impassable;0;0;
9048;3979;impassable;0;0;
9048;3980;impassable;0;0;
9048;3982;impassable;0;0;
9048;3983;impassable;0;0;
9048;3984;impassable;0;0;
9048;3985;impassable;0;0;
9048;3988;impassable;0;0;
9048;3989;impassable;0;0;
9048;3990;impassable;0;0;
9048;3991;impassable;0;0;
9048;3997;impassable;0;0;
9048;3998;impassable;0;0;
9048;3999;impassable;0;0;
9048;4000;impassable;0;0;
9048;4001;impassable;0;0;
9049;5710;impassable;0;0;
9049;5712;impassable;0;0;
9049;5719;impassable;0;0;
9049;5721;impassable;0;0;
9049;5723;impassable;0;0;
9050;2611;impassable;0;0;
9050;2670;impassable;0;0;
9050;2675;impassable;0;0;
9050;2677;impassable;0;0;
9050;7403;impassable;0;0;
9050;9410;impassable;0;0;
9051;5287;impassable;0;0;
9051;5289;impassable;0;0;
9051;5435;impassable;0;0;
9051;5436;impassable;0;0;
9051;5476;impassable;0;0;
9051;5477;impassable;0;0;
9052;5336;impassable;0;0;
9052;5337;impassable;0;0;
9052;5347;impassable;0;0;
9052;5720;impassable;0;0;
9052;5722;impassable;0;0;
9052;5799;impassable;0;0;
9052;5800;impassable;0;0;
9052;5802;impassable;0;0;
9052;5803;impassable;0;0;
9052;5835;impassable;0;0;
9053;6278;impassable;0;0;
9053;6280;impassable;0;0;
9053;6281;impassable;0;0;
9053;6282;impassable;0;0;
9054;1091;impassable;0;0;
9054;1092;impassable;0;0;
9054;1093;impassable;0;0;
9054;1094;impassable;0;0;
9054;1095;impassable;0;0;
9055;5942;impassable;0;0;
9055;6013;impassable;0;0;
9055;6016;impassable;0;0;
9055;6095;impassable;0;0;
9055;6096;impassable;0;0;
9055;6097;impassable;0;0;
9056;342;impassable;0;0;
9056;417;impassable;0;0;
9056;418;impassable;0;0;
9056;424;impassable;0;0;
9056;426;impassable;0;0;
9056;429;impassable;0;0;
9056;430;impassable;0;0;
9056;444;impassable;0;0;
9056;459;impassable;0;0;
9057;490;impassable;0;0;
9057;491;impassable;0;0;
9057;492;impassable;0;0;
9057;493;impassable;0;0;
9058;4731;impassable;0;0;
9058;4733;impassable;0;0;
9058;4735;impassable;0;0;
9058;4736;impassable;0;0;
9058;4737;impassable;0;0;
9058;4755;impassable;0;0;
9058;5177;impassable;0;0;
9058;5178;impassable;0;0;
9058;5179;impassable;0;0;
9059;2002;impassable;0;0;
9059;2003;impassable;0;0;
9059;2004;impassable;0;0;
9060;5293;impassable;0;0;
9060;5294;impassable;0;0;
9060;5493;impassable;0;0;
9060;5494;impassable;0;0;
9060;5554;impassable;0;0;
9060;5556;impassable;0;0;
9060;5746;impassable;0;0;
9060;5748;impassable;0;0;
9060;7527;impassable;0;0;
9060;9330;impassable;0;0;
9061;1951;impassable;0;0;
9061;1958;impassable;0;0;
9061;1959;impassable;0;0;
9061;1960;impassable;0;0;
9061;1961;impassable;0;0;
9061;1977;impassable;0;0;
9061;1978;impassable;0;0;
9061;1979;impassable;0;0;
9061;1980;impassable;0;0;
9061;1982;impassable;0;0;
9061;1983;impassable;0;0;
9061;1986;impassable;0;0;
9061;1987;impassable;0;0;
9062;1078;impassable;0;0;
9062;1079;impassable;0;0;
9062;1080;impassable;0;0;
9062;1081;impassable;0;0;
9062;1239;impassable;0;0;
9062;1240;impassable;0;0;
9062;1244;impassable;0;0;
9062;1249;impassable;0;0;
9062;1250;impassable;0;0;
9062;1268;impassable;0;0;
9062;1269;impassable;0;0;
9062;1270;impassable;0;0;
9062;1271;impassable;0;0;
9062;1277;impassable;0;0;
9062;1281;impassable;0;0;
9063;598;impassable;0;0;
9063;599;impassable;0;0;
9063;603;impassable;0;0;
9063;604;impassable;0;0;
9063;605;impassable;0;0;
9063;606;impassable;0;0;
9063;652;impassable;0;0;
9063;654;impassable;0;0;
9063;655;impassable;0;0;
9063;676;impassable;0;0;
9063;713;impassable;0;0;
9063;714;impassable;0;0;
9063;715;impassable;0;0;
9063;723;impassable;0;0;
9063;724;impassable;0;0;
9063;725;impassable;0;0;
9063;726;impassable;0;0;
9063;745;impassable;0;0;
9064;4521;impassable;0;0;
9064;4522;impassable;0;0;
9064;4664;impassable;0;0;
9064;4668;impassable;0;0;
9065;5521;impassable;0;0;
9065;5522;impassable;0;0;
9065;5625;impassable;0;0;
9065;5626;impassable;0;0;
9066;1397;impassable;0;0;
9066;1398;impassable;0;0;
9066;1399;impassable;0;0;
9066;1400;impassable;0;0;
9066;8858;impassable;0;0;
9067;4063;impassable;0;0;
9067;4064;impassable;0;0;
9067;4823;impassable;0;0;
9067;4824;impassable;0;0;
9067;4826;impassable;0;0;
9067;4902;impassable;0;0;
9067;4903;impassable;0;0;
9067;4904;impassable;0;0;
9068;1249;impassable;0;0;
9068;1250;impassable;0;0;
9068;1251;impassable;0;0;
9068;1252;impassable;0;0;
9068;1253;impassable;0;0;
9068;1258;impassable;0;0;
9068;1259;impassable;0;0;
9068;1261;impassable;0;0;
9068;1262;impassable;0;0;
9068;1264;impassable;0;0;
9068;1268;impassable;0;0;
9068;1271;impassable;0;0;
9068;1272;impassable;0;0;
9068;1291;impassable;0;0;
9068;1292;impassable;0;0;
9068;1293;impassable;0;0;
9069;226;impassable;0;0;
9069;227;impassable;0;0;
9069;228;impassable;0;0;
9070;7130;impassable;0;0;
9070;7143;impassable;0;0;
9070;7145;impassable;0;0;
9070;7496;impassable;0;0;
9070;7497;impassable;0;0;
9070;7498;impassable;0;0;
9070;7502;impassable;0;0;
9070;7503;impassable;0;0;
9070;7765;impassable;0;0;
9070;7766;impassable;0;0;
9070;7767;impassable;0;0;
9070;7768;impassable;0;0;
9070;8241;impassable;0;0;
9070;8242;impassable;0;0;
9070;8243;impassable;0;0;
9070;8244;impassable;0;0;
9070;8269;impassable;0;0;
9070;8270;impassable;0;0;
9070;8272;impassable;0;0;
9070;8301;impassable;0;0;
9070;8303;impassable;0;0;
9070;8751;impassable;0;0;
9070;8753;impassable;0;0;
9070;8902;impassable;0;0;
9070;8903;impassable;0;0;
9070;8904;impassable;0;0;
9070;8905;impassable;0;0;
9070;9105;impassable;0;0;
9070;9268;impassable;0;0;
9070;9432;impassable;0;0;
9070;9477;impassable;0;0;
9070;9483;impassable;0;0;
9070;9502;impassable;0;0;
9070;9594;impassable;0;0;
9070;9612;impassable;0;0;
9070;9652;impassable;0;0;
9071;5122;impassable;0;0;
9071;5127;impassable;0;0;
9071;5132;impassable;0;0;
9071;5133;impassable;0;0;
9072;5361;impassable;0;0;
9072;5363;impassable;0;0;
9072;5364;impassable;0;0;
9072;5669;impassable;0;0;
9072;5671;impassable;0;0;
9072;5672;impassable;0;0;
9072;5673;impassable;0;0;
9072;5674;impassable;0;0;
9072;9686;impassable;0;0;
9073;980;impassable;0;0;
9073;981;impassable;0;0;
9073;1022;impassable;0;0;
9074;6720;impassable;0;0;
9074;6799;impassable;0;0;
9074;6800;impassable;0;0;
9074;6802;impassable;0;0;
9075;4660;impassable;0;0;
9075;4752;impassable;0;0;
9075;4756;impassable;0;0;
9075;4757;impassable;0;0;
9075;4758;impassable;0;0;
9075;4759;impassable;0;0;
9075;4760;impassable;0;0;
9075;4766;impassable;0;0;
9075;4767;impassable;0;0;
9075;5037;impassable;0;0;
9075;5048;impassable;0;0;
9075;5050;impassable;0;0;
9075;5052;impassable;0;0;
9075;5053;impassable;0;0;
9075;5055;impassable;0;0;
9075;5056;impassable;0;0;
9075;5057;impassable;0;0;
9075;5058;impassable;0;0;
9075;5059;impassable;0;0;
9075;5626;impassable;0;0;
9075;5627;impassable;0;0;
9075;5628;impassable;0;0;
9075;5634;impassable;0;0;
9075;5635;impassable;0;0;
9075;5636;impassable;0;0;
9075;5637;impassable;0;0;
9075;5638;impassable;0;0;
9075;5640;impassable;0;0;
9075;5641;impassable;0;0;
9075;5643;impassable;0;0;
9075;5652;impassable;0;0;
9075;5653;impassable;0;0;
9075;5654;impassable;0;0;
9075;5655;impassable;0;0;
9075;6399;impassable;0;0;
9075;6401;impassable;0;0;
9075;6418;impassable;0;0;
9075;6419;impassable;0;0;
9075;6420;impassable;0;0;
9075;6481;impassable;0;0;
9075;6482;impassable;0;0;
9075;6483;impassable;0;0;
9075;6485;impassable;0;0;
9075;6555;impassable;0;0;
9075;6557;impassable;0;0;
9076;4990;impassable;0;0;
9076;4991;impassable;0;0;
9076;4992;impassable;0;0;
9076;4993;impassable;0;0;
9077;6769;impassable;0;0;
9077;6770;impassable;0;0;
9077;6771;impassable;0;0;
9077;6772;impassable;0;0;
9077;6775;impassable;0;0;
9077;6807;impassable;0;0;
9077;6808;impassable;0;0;
9078;6706;impassable;0;0;
9078;6707;impassable;0;0;
9078;6709;impassable;0;0;
9078;6739;impassable;0;0;
9078;6740;impassable;0;0;
9079;9630;impassable;0;0;
9080;1427;impassable;0;0;
9080;1428;impassable;0;0;
9080;1429;impassable;0;0;
9080;1438;impassable;0;0;
9080;1446;impassable;0;0;
9080;1448;impassable;0;0;
9080;1452;impassable;0;0;
9080;8048;impassable;0;0;
9081;1503;impassable;0;0;
9081;1504;impassable;0;0;
9081;1505;impassable;0;0;
9081;1506;impassable;0;0;
9081;1507;impassable;0;0;
9081;1508;impassable;0;0;
9081;1511;impassable;0;0;
9081;1512;impassable;0;0;
9081;1513;impassable;0;0;
9081;1514;impassable;0;0;
9082;5802;impassable;0;0;
9082;5803;impassable;0;0;
9082;5805;impassable;0;0;
9082;5806;impassable;0;0;
9082;5833;impassable;0;0;
9082;5835;impassable;0;0;
9083;4920;impassable;0;0;
9083;4921;impassable;0;0;
9083;4941;impassable;0;0;
9083;4942;impassable;0;0;
9083;4943;impassable;0;0;
9083;8950;impassable;0;0;
9083;9335;impassable;0;0;
9084;1571;impassable;0;0;
9084;1572;impassable;0;0;
9084;1573;impassable;0;0;
9084;1574;impassable;0;0;
9084;1576;impassable;0;0;
9084;1577;impassable;0;0;
9084;1580;impassable;0;0;
9084;1585;impassable;0;0;
9084;1586;impassable;0;0;
9084;1587;impassable;0;0;
9084;1588;impassable;0;0;
9084;1589;impassable;0;0;
9084;1597;impassable;0;0;
9084;1606;impassable;0;0;
9084;1609;impassable;0;0;
9084;8800;impassable;0;0;
9085;2549;impassable;0;0;
9085;2550;impassable;0;0;
9085;2553;impassable;0;0;
9085;2598;impassable;0;0;
9085;2656;impassable;0;0;
9085;2685;impassable;0;0;
9085;2687;impassable;0;0;
9085;2758;impassable;0;0;
9086;657;impassable;0;0;
9086;658;impassable;0;0;
9086;659;impassable;0;0;
9086;660;impassable;0;0;
9086;661;impassable;0;0;
9086;722;impassable;0;0;
9086;723;impassable;0;0;
9086;729;impassable;0;0;
9086;730;impassable;0;0;
9087;6864;impassable;0;0;
9087;6865;impassable;0;0;
9087;6866;impassable;0;0;
9087;6867;impassable;0;0;
9087;6869;impassable;0;0;
9087;6870;impassable;0;0;
9087;6871;impassable;0;0;
9087;6872;impassable;0;0;
9087;6873;impassable;0;0;
9087;6888;impassable;0;0;
9087;6899;impassable;0;0;
9087;6900;impassable;0;0;
9087;6901;impassable;0;0;
9087;6902;impassable;0;0;
9088;2260;impassable;0;0;
9088;2262;impassable;0;0;
9088;2264;impassable;0;0;
9088;2265;impassable;0;0;
9088;2266;impassable;0;0;
9088;2267;impassable;0;0;
9088;2268;impassable;0;0;
9088;2270;impassable;0;0;
9088;2271;impassable;0;0;
9088;2272;impassable;0;0;
9088;2273;impassable;0;0;
9089;5487;impassable;0;0;
9089;5489;impassable;0;0;
9089;5527;impassable;0;0;
9089;5529;impassable;0;0;
9089;9613;impassable;0;0;
9090;1963;impassable;0;0;
9090;1964;impassable;0;0;
9090;1965;impassable;0;0;
9090;1966;impassable;0;0;
9090;1967;impassable;0;0;
9090;1968;impassable;0;0;
9090;1970;impassable;0;0;
9090;1972;impassable;0;0;
9090;1974;impassable;0;0;
9090;1975;impassable;0;0;
9091;5902;impassable;0;0;
9091;5938;impassable;0;0;
9091;5958;impassable;0;0;
9091;6070;impassable;0;0;
9091;6071;impassable;0;0;
9091;6074;impassable;0;0;
9091;6075;impassable;0;0;
9091;6088;impassable;0;0;
9091;8937;impassable;0;0;
9091;9589;impassable;0;0;
9092;985;impassable;0;0;
9092;986;impassable;0;0;
9092;9100;impassable;0;0;
9093;6684;impassable;0;0;
9093;6685;impassable;0;0;
9093;6686;impassable;0;0;
9093;6687;impassable;0;0;
9093;6835;impassable;0;0;
9094;1724;impassable;0;0;
9094;1725;impassable;0;0;
9094;1726;impassable;0;0;
9094;1727;impassable;0;0;
9094;1728;impassable;0;0;
9094;1730;impassable;0;0;
9094;1731;impassable;0;0;
9095;6701;impassable;0;0;
9095;6722;impassable;0;0;
9095;6732;impassable;0;0;
9095;6836;impassable;0;0;
9096;235;impassable;0;0;
9096;282;impassable;0;0;
9096;283;impassable;0;0;
9096;355;impassable;0;0;
9096;356;impassable;0;0;
9097;286;impassable;0;0;
9097;288;impassable;0;0;
9097;327;impassable;0;0;
9097;565;impassable;0;0;
9097;566;impassable;0;0;
9097;567;impassable;0;0;
9098;5297;impassable;0;0;
9098;5301;impassable;0;0;
9098;5302;impassable;0;0;
9098;5303;impassable;0;0;
9098;5305;impassable;0;0;
9098;5526;impassable;0;0;
9098;5533;impassable;0;0;
9098;5535;impassable;0;0;
9098;5565;impassable;0;0;
9098;5614;impassable;0;0;
9098;5615;impassable;0;0;
9098;5616;impassable;0;0;
9098;5618;impassable;0;0;
9098;9276;impassable;0;0;
9098;9303;impassable;0;0;
9098;9420;impassable;0;0;
9099;5308;impassable;0;0;
9099;5310;impassable;0;0;
9099;5311;impassable;0;0;
9099;5312;impassable;0;0;
9099;5398;impassable;0;0;
9099;5399;impassable;0;0;
9099;5400;impassable;0;0;
9099;5408;impassable;0;0;
9099;5409;impassable;0;0;
9099;5411;impassable;0;0;
9099;5412;impassable;0;0;
9099;5413;impassable;0;0;
9099;5415;impassable;0;0;
9099;5653;impassable;0;0;
9099;5655;impassable;0;0;
9099;5656;impassable;0;0;
9099;5662;impassable;0;0;
9099;5663;impassable;0;0;
9099;5665;impassable;0;0;
9099;6379;impassable;0;0;
9099;6380;impassable;0;0;
9099;6381;impassable;0;0;
9099;6395;impassable;0;0;
9099;6396;impassable;0;0;
9099;6398;impassable;0;0;
9099;6418;impassable;0;0;
9099;6422;impassable;0;0;
9099;6486;impassable;0;0;
9099;6487;impassable;0;0;
9099;6488;impassable;0;0;
9099;6501;impassable;0;0;
9099;6502;impassable;0;0;
9099;6504;impassable;0;0;
9099;6507;impassable;0;0;
9099;6511;impassable;0;0;
9099;9329;impassable;0;0;
9099;9617;impassable;0;0;
9100;975;impassable;0;0;
9100;977;impassable;0;0;
9100;983;impassable;0;0;
9100;984;impassable;0;0;
9100;985;impassable;0;0;
9100;986;impassable;0;0;
9100;987;impassable;0;0;
9100;988;impassable;0;0;
9100;989;impassable;0;0;
9100;990;impassable;0;0;
9100;991;impassable;0;0;
9100;993;impassable;0;0;
9100;994;impassable;0;0;
9100;995;impassable;0;0;
9100;996;impassable;0;0;
9100;997;impassable;0;0;
9100;998;impassable;0;0;
9100;999;impassable;0;0;
9100;1001;impassable;0;0;
9100;1004;impassable;0;0;
9100;1005;impassable;0;0;
9100;1007;impassable;0;0;
9100;1008;impassable;0;0;
9100;1009;impassable;0;0;
9100;1012;impassable;0;0;
9100;1013;impassable;0;0;
9100;1025;impassable;0;0;
9100;1027;impassable;0;0;
9100;1028;impassable;0;0;
9100;1029;impassable;0;0;
9100;1034;impassable;0;0;
9100;1036;impassable;0;0;
9100;1037;impassable;0;0;
9100;1038;impassable;0;0;
9100;9121;impassable;0;0;
9100;9294;impassable;0;0;
9100;9432;impassable;0;0;
9100;9492;impassable;0;0;
9100;9495;impassable;0;0;
9100;9499;impassable;0;0;
9100;9590;impassable;0;0;
9100;9634;impassable;0;0;
9100;9707;impassable;0;0;
9101;1786;impassable;0;0;
9101;1787;impassable;0;0;
9101;1788;impassable;0;0;
9101;1791;impassable;0;0;
9101;1799;impassable;0;0;
9101;1800;impassable;0;0;
9101;1801;impassable;0;0;
9101;1802;impassable;0;0;
9101;1803;impassable;0;0;
9102;4799;impassable;0;0;
9102;4800;impassable;0;0;
9102;4862;impassable;0;0;
9102;4947;impassable;0;0;
9102;4948;impassable;0;0;
9102;4949;impassable;0;0;
9102;4961;impassable;0;0;
9102;4986;impassable;0;0;
9102;4988;impassable;0;0;
9102;4995;impassable;0;0;
9102;5245;impassable;0;0;
9102;5247;impassable;0;0;
9102;9309;impassable;0;0;
9102;9685;impassable;0;0;
9103;3256;impassable;0;0;
9103;3619;impassable;0;0;
9103;3620;impassable;0;0;
9103;3621;impassable;0;0;
9104;2538;impassable;0;0;
9104;2554;impassable;0;0;
9104;2735;impassable;0;0;
9104;2736;impassable;0;0;
9104;2738;impassable;0;0;
9104;2785;impassable;0;0;
9104;9480;impassable;0;0;
9104;9552;impassable;0;0;
9105;7459;impassable;0;0;
9105;7735;impassable;0;0;
9105;7759;impassable;0;0;
9105;7760;impassable;0;0;
9105;7761;impassable;0;0;
9105;7763;impassable;0;0;
9105;7764;impassable;0;0;
9105;8904;impassable;0;0;
9105;8919;impassable;0;0;
9105;8920;impassable;0;0;
9105;8972;impassable;0;0;
9105;8973;impassable;0;0;
9105;8974;impassable;0;0;
9105;8975;impassable;0;0;
9105;9196;impassable;0;0;
9105;9356;impassable;0;0;
9105;9436;impassable;0;0;
9105;9483;impassable;0;0;
9105;9594;impassable;0;0;
9106;6436;impassable;0;0;
9106;6437;impassable;0;0;
9106;6441;impassable;0;0;
9107;378;impassable;0;0;
9107;383;impassable;0;0;
9107;384;impassable;0;0;
9107;486;impassable;0;0;
9107;487;impassable;0;0;
9107;489;impassable;0;0;
9108;6679;impassable;0;0;
9108;6682;impassable;0;0;
9108;6688;impassable;0;0;
9108;6796;impassable;0;0;
9109;7125;impassable;0;0;
9109;7147;impassable;0;0;
9109;7149;impassable;0;0;
9109;7155;impassable;0;0;
9109;7157;impassable;0;0;
9109;7158;impassable;0;0;
9109;7160;impassable;0;0;
9109;8418;impassable;0;0;
9109;8421;impassable;0;0;
9109;8880;impassable;0;0;
9110;5453;impassable;0;0;
9110;5456;impassable;0;0;
9110;5823;impassable;0;0;
9110;5824;impassable;0;0;
9111;6193;impassable;0;0;
9111;6194;impassable;0;0;
9111;6195;impassable;0;0;
9111;6197;impassable;0;0;
9111;6208;impassable;0;0;
9111;6218;impassable;0;0;
9111;6219;impassable;0;0;
9111;6302;impassable;0;0;
9111;6661;impassable;0;0;
9111;6665;impassable;0;0;
9111;6666;impassable;0;0;
9111;6667;impassable;0;0;
9112;6217;impassable;0;0;
9112;6218;impassable;0;0;
9112;6220;impassable;0;0;
9112;6274;impassable;0;0;
9112;6275;impassable;0;0;
9112;6663;impassable;0;0;
9113;5871;impassable;0;0;
9113;5872;impassable;0;0;
9113;5929;impassable;0;0;
9113;5931;impassable;0;0;
9113;5956;impassable;0;0;
9113;6131;impassable;0;0;
9113;6135;impassable;0;0;
9113;9582;impassable;0;0;
9113;9650;impassable;0;0;
9114;1799;impassable;0;0;
9114;1800;impassable;0;0;
9114;1801;impassable;0;0;
9114;1802;impassable;0;0;
9114;1806;impassable;0;0;
9114;1807;impassable;0;0;
9114;1808;impassable;0;0;
9114;1811;impassable;0;0;
9115;1562;impassable;0;0;
9115;1563;impassable;0;0;
9115;1564;impassable;0;0;
9115;1565;impassable;0;0;
9115;1566;impassable;0;0;
9115;1567;impassable;0;0;
9115;7845;impassable;0;0;
9116;1873;impassable;0;0;
9116;1874;impassable;0;0;
9116;1915;impassable;0;0;
9116;1916;impassable;0;0;
9116;1917;impassable;0;0;
9116;1918;impassable;0;0;
9116;1919;impassable;0;0;
9116;1989;impassable;0;0;
9116;1994;impassable;0;0;
9116;1995;impassable;0;0;
9116;1996;impassable;0;0;
9116;1997;impassable;0;0;
9116;1998;impassable;0;0;
9116;1999;impassable;0;0;
9116;2000;impassable;0;0;
9116;2010;impassable;0;0;
9116;2014;impassable;0;0;
9116;2071;impassable;0;0;
9116;2072;impassable;0;0;
9116;2073;impassable;0;0;
9116;2074;impassable;0;0;
9116;2075;impassable;0;0;
9116;2076;impassable;0;0;
9116;2081;impassable;0;0;
9116;2082;impassable;0;0;
9116;2083;impassable;0;0;
9116;2084;impassable;0;0;
9116;2085;impassable;0;0;
9116;8860;impassable;0;0;
9117;396;impassable;0;0;
9117;398;impassable;0;0;
9117;400;impassable;0;0;
9117;410;impassable;0;0;
9117;9214;impassable;0;0;
9118;4653;impassable;0;0;
9118;4796;impassable;0;0;
9118;4803;impassable;0;0;
9118;4804;impassable;0;0;
9118;4805;impassable;0;0;
9118;4806;impassable;0;0;
9119;3393;impassable;0;0;
9119;3444;impassable;0;0;
9119;3505;impassable;0;0;
9119;3951;impassable;0;0;
9119;3952;impassable;0;0;
9119;3953;impassable;0;0;
9120;2630;impassable;0;0;
9120;2631;impassable;0;0;
9120;2633;impassable;0;0;
9120;2634;impassable;0;0;
9120;2886;impassable;0;0;
9120;2931;impassable;0;0;
9120;2932;impassable;0;0;
9120;2933;impassable;0;0;
9120;3071;impassable;0;0;
9120;3073;impassable;0;0;
9120;8958;impassable;0;0;
9120;9476;impassable;0;0;
9121;1025;impassable;0;0;
9121;1026;impassable;0;0;
9121;1028;impassable;0;0;
9122;4540;impassable;0;0;
9123;4550;impassable;0;0;
9123;4551;impassable;0;0;
9123;4552;impassable;0;0;
9123;5151;impassable;0;0;
9123;5152;impassable;0;0;
9123;5153;impassable;0;0;
9124;3184;impassable;0;0;
9124;3398;impassable;0;0;
9124;3399;impassable;0;0;
9124;3400;impassable;0;0;
9124;3401;impassable;0;0;
9124;3490;impassable;0;0;
9124;3836;impassable;0;0;
9124;3837;impassable;0;0;
9124;3838;impassable;0;0;
9124;3839;impassable;0;0;
9124;3841;impassable;0;0;
9124;3851;impassable;0;0;
9124;3853;impassable;0;0;
9124;3855;impassable;0;0;
9124;8945;impassable;0;0;
9124;9503;impassable;0;0;
9125;388;impassable;0;0;
9125;401;impassable;0;0;
9125;402;impassable;0;0;
9125;403;impassable;0;0;
9125;404;impassable;0;0;
9125;405;impassable;0;0;
9125;407;impassable;0;0;
9125;408;impassable;0;0;
9126;2845;impassable;0;0;
9126;3056;impassable;0;0;
9127;2195;impassable;0;0;
9127;2197;impassable;0;0;
9127;2199;impassable;0;0;
9127;2200;impassable;0;0;
9127;2201;impassable;0;0;
9127;2203;impassable;0;0;
9127;2205;impassable;0;0;
9127;2213;impassable;0;0;
9127;2215;impassable;0;0;
9127;2216;impassable;0;0;
9127;2217;impassable;0;0;
9127;2220;impassable;0;0;
9127;2221;impassable;0;0;
9127;2222;impassable;0;0;
9128;4590;impassable;0;0;
9128;4592;impassable;0;0;
9128;4593;impassable;0;0;
9129;3304;impassable;0;0;
9129;3696;impassable;0;0;
9129;3698;impassable;0;0;
9129;3699;impassable;0;0;
9129;3700;impassable;0;0;
9129;3701;impassable;0;0;
9129;3703;impassable;0;0;
9129;3704;impassable;0;0;
9129;3707;impassable;0;0;
9130;1364;impassable;0;0;
9130;1365;impassable;0;0;
9130;1366;impassable;0;0;
9130;1367;impassable;0;0;
9130;1368;impassable;0;0;
9130;1370;impassable;0;0;
9130;1371;impassable;0;0;
9130;1373;impassable;0;0;
9130;1374;impassable;0;0;
9130;1375;impassable;0;0;
9130;1376;impassable;0;0;
9130;1377;impassable;0;0;
9130;1378;impassable;0;0;
9130;1379;impassable;0;0;
9131;3231;impassable;0;0;
9131;3275;impassable;0;0;
9131;3276;impassable;0;0;
9131;3278;impassable;0;0;
9131;3636;impassable;0;0;
9131;3657;impassable;0;0;
9131;3658;impassable;0;0;
9131;3660;impassable;0;0;
9131;3700;impassable;0;0;
9131;3702;impassable;0;0;
9131;4822;impassable;0;0;
9131;4906;impassable;0;0;
9131;4907;impassable;0;0;
9131;4908;impassable;0;0;
9131;4909;impassable;0;0;
9131;4910;impassable;0;0;
9131;4912;impassable;0;0;
9131;4951;impassable;0;0;
9131;4952;impassable;0;0;
9131;4955;impassable;0;0;
9131;4956;impassable;0;0;
9132;1244;impassable;0;0;
9132;1245;impassable;0;0;
9132;1247;impassable;0;0;
9132;1248;impassable;0;0;
9132;1250;impassable;0;0;
9132;1251;impassable;0;0;
9132;1253;impassable;0;0;
9132;1294;impassable;0;0;
9133;271;impassable;0;0;
9133;310;impassable;0;0;
9133;311;impassable;0;0;
9133;358;impassable;0;0;
9133;362;impassable;0;0;
9134;1264;impassable;0;0;
9134;1265;impassable;0;0;
9134;1266;impassable;0;0;
9134;1268;impassable;0;0;
9134;1269;impassable;0;0;
9134;1270;impassable;0;0;
9134;1273;impassable;0;0;
9134;1277;impassable;0;0;
9135;219;impassable;0;0;
9135;435;impassable;0;0;
9135;436;impassable;0;0;
9135;442;impassable;0;0;
9136;5331;impassable;0;0;
9136;5332;impassable;0;0;
9136;5333;impassable;0;0;
9136;5334;impassable;0;0;
9136;5335;impassable;0;0;
9136;5442;impassable;0;0;
9136;5711;impassable;0;0;
9136;5713;impassable;0;0;
9137;4570;impassable;0;0;
9137;4572;impassable;0;0;
9137;4573;impassable;0;0;
9137;4596;impassable;0;0;
9137;4598;impassable;0;0;
9137;4793;impassable;0;0;
9137;4794;impassable;0;0;
9137;4795;impassable;0;0;
9137;4796;impassable;0;0;
9138;7031;impassable;0;0;
9138;7032;impassable;0;0;
9138;7033;impassable;0;0;
9138;7034;impassable;0;0;
9138;7035;impassable;0;0;
9138;7777;impassable;0;0;
9138;7778;impassable;0;0;
9138;7779;impassable;0;0;
9138;7780;impassable;0;0;
9138;8094;impassable;0;0;
9138;8095;impassable;0;0;
9138;8360;impassable;0;0;
9138;8362;impassable;0;0;
9138;8363;impassable;0;0;
9138;8364;impassable;0;0;
9138;8365;impassable;0;0;
9138;8366;impassable;0;0;
9138;9160;impassable;0;0;
9138;9317;impassable;0;0;
9139;290;impassable;0;0;
9139;292;impassable;0;0;
9139;542;impassable;0;0;
9139;543;impassable;0;0;
9139;545;impassable;0;0;
9139;546;impassable;0;0;
9139;547;impassable;0;0;
9139;549;impassable;0;0;
9139;559;impassable;0;0;
9139;560;impassable;0;0;
9140;5473;impassable;0;0;
9140;5474;impassable;0;0;
9140;5555;impassable;0;0;
9140;5557;impassable;0;0;
9140;5828;impassable;0;0;
9140;5829;impassable;0;0;
9140;5830;impassable;0;0;
9140;9420;impassable;0;0;
9140;9641;impassable;0;0;
9141;2358;impassable;0;0;
9141;2401;impassable;0;0;
9141;2402;impassable;0;0;
9141;2404;impassable;0;0;
9141;2405;impassable;0;0;
9141;2406;impassable;0;0;
9141;2407;impassable;0;0;
9141;2408;impassable;0;0;
9142;4731;impassable;0;0;
9142;4734;impassable;0;0;
9142;4752;impassable;0;0;
9142;4753;impassable;0;0;
9142;5176;impassable;0;0;
9142;5178;impassable;0;0;
9142;5179;impassable;0;0;
9142;6403;impassable;0;0;
9142;6405;impassable;0;0;
9142;6406;impassable;0;0;
9142;6553;impassable;0;0;
9142;6554;impassable;0;0;
9142;6555;impassable;0;0;
9143;6165;impassable;0;0;
9143;6166;impassable;0;0;
9143;6168;impassable;0;0;
9143;6175;impassable;0;0;
9143;6176;impassable;0;0;
9143;6177;impassable;0;0;
9143;6178;impassable;0;0;
9143;6179;impassable;0;0;
9143;6235;impassable;0;0;
9143;6236;impassable;0;0;
9143;6259;impassable;0;0;
9143;6263;impassable;0;0;
9143;6362;impassable;0;0;
9143;6382;impassable;0;0;
9143;6384;impassable;0;0;
9143;6385;impassable;0;0;
9143;6386;impassable;0;0;
9143;6387;impassable;0;0;
9143;6388;impassable;0;0;
9143;6521;impassable;0;0;
9143;6522;impassable;0;0;
9143;6523;impassable;0;0;
9143;6524;impassable;0;0;
9143;6525;impassable;0;0;
9143;6534;impassable;0;0;
9143;6539;impassable;0;0;
9143;6540;impassable;0;0;
9143;6541;impassable;0;0;
9143;6542;impassable;0;0;
9143;6543;impassable;0;0;
9143;6600;impassable;0;0;
9143;6610;impassable;0;0;
9143;6611;impassable;0;0;
9143;6613;impassable;0;0;
9143;6614;impassable;0;0;
9143;6619;impassable;0;0;
9143;6633;impassable;0;0;
9143;6634;impassable;0;0;
9143;6635;impassable;0;0;
9144;4839;impassable;0;0;
9144;4903;impassable;0;0;
9144;4904;impassable;0;0;
9144;4905;impassable;0;0;
9144;4925;impassable;0;0;
9144;4926;impassable;0;0;
9145;1304;impassable;0;0;
9145;1305;impassable;0;0;
9145;1307;impassable;0;0;
9145;1309;impassable;0;0;
9145;1310;impassable;0;0;
9145;1311;impassable;0;0;
9146;6402;impassable;0;0;
9146;6484;impassable;0;0;
9146;6490;impassable;0;0;
9146;6491;impassable;0;0;
9146;6552;impassable;0;0;
9147;5293;impassable;0;0;
9147;5294;impassable;0;0;
9147;5295;impassable;0;0;
9147;5296;impassable;0;0;
9147;5457;impassable;0;0;
9147;5458;impassable;0;0;
9147;5460;impassable;0;0;
9147;5461;impassable;0;0;
9147;5493;impassable;0;0;
9147;5494;impassable;0;0;
9147;5730;impassable;0;0;
9148;980;impassable;0;0;
9148;1022;impassable;0;0;
9149;2809;impassable;0;0;
9149;2847;impassable;0;0;
9149;2849;impassable;0;0;
9149;3042;impassable;0;0;
9149;3044;impassable;0;0;
9149;3072;impassable;0;0;
9149;3073;impassable;0;0;
9149;3074;impassable;0;0;
9149;3075;impassable;0;0;
9150;2369;impassable;0;0;
9150;2371;impassable;0;0;
9150;2375;impassable;0;0;
9150;2378;impassable;0;0;
9150;2379;impassable;0;0;
9150;2380;impassable;0;0;
9150;2382;impassable;0;0;
9150;2383;impassable;0;0;
9150;2395;impassable;0;0;
9150;2396;impassable;0;0;
9150;2397;impassable;0;0;
9150;2398;impassable;0;0;
9150;2422;impassable;0;0;
9150;2423;impassable;0;0;
9151;1081;impassable;0;0;
9151;1082;impassable;0;0;
9151;1197;impassable;0;0;
9151;1200;impassable;0;0;
9151;1201;impassable;0;0;
9151;1203;impassable;0;0;
9151;1206;impassable;0;0;
9151;1207;impassable;0;0;
9151;1210;impassable;0;0;
9151;1215;impassable;0;0;
9151;1221;impassable;0;0;
9151;1222;impassable;0;0;
9151;1223;impassable;0;0;
9151;1224;impassable;0;0;
9151;1227;impassable;0;0;
9151;1228;impassable;0;0;
9151;1231;impassable;0;0;
9151;1232;impassable;0;0;
9151;1233;impassable;0;0;
9151;1234;impassable;0;0;
9151;1235;impassable;0;0;
9151;1237;impassable;0;0;
9151;1238;impassable;0;0;
9151;1241;impassable;0;0;
9151;1242;impassable;0;0;
9151;1243;impassable;0;0;
9151;1246;impassable;0;0;
9152;3196;impassable;0;0;
9152;3198;impassable;0;0;
9152;3211;impassable;0;0;
9152;3990;impassable;0;0;
9153;3442;impassable;0;0;
9153;3514;impassable;0;0;
9153;3525;impassable;0;0;
9153;3526;impassable;0;0;
9153;3527;impassable;0;0;
9153;3528;impassable;0;0;
9153;3529;impassable;0;0;
9153;3918;impassable;0;0;
9153;3919;impassable;0;0;
9153;3920;impassable;0;0;
9153;3921;impassable;0;0;
9153;3926;impassable;0;0;
9153;3927;impassable;0;0;
9153;3934;impassable;0;0;
9153;3936;impassable;0;0;
9154;433;impassable;0;0;
9154;446;impassable;0;0;
9155;3543;impassable;0;0;
9155;3546;impassable;0;0;
9155;3966;impassable;0;0;
9155;3967;impassable;0;0;
9156;1010;impassable;0;0;
9157;5840;impassable;0;0;
9157;5842;impassable;0;0;
9157;5843;impassable;0;0;
9157;5844;impassable;0;0;
9157;5845;impassable;0;0;
9157;5846;impassable;0;0;
9157;5847;impassable;0;0;
9157;5848;impassable;0;0;
9157;5849;impassable;0;0;
9157;5851;impassable;0;0;
9157;5852;impassable;0;0;
9157;5854;impassable;0;0;
9157;5855;impassable;0;0;
9157;5856;impassable;0;0;
9157;5857;impassable;0;0;
9157;5858;impassable;0;0;
9157;5859;impassable;0;0;
9157;5860;impassable;0;0;
9157;5865;impassable;0;0;
9157;5866;impassable;0;0;
9157;5867;impassable;0;0;
9157;5868;impassable;0;0;
9157;5871;impassable;0;0;
9157;5872;impassable;0;0;
9157;5873;impassable;0;0;
9157;5876;impassable;0;0;
9157;5879;impassable;0;0;
9157;5880;impassable;0;0;
9157;5881;impassable;0;0;
9157;5882;impassable;0;0;
9157;5884;impassable;0;0;
9157;5885;impassable;0;0;
9157;5886;impassable;0;0;
9157;5896;impassable;0;0;
9157;5897;impassable;0;0;
9157;5898;impassable;0;0;
9157;5899;impassable;0;0;
9157;5900;impassable;0;0;
9157;5901;impassable;0;0;
9157;5902;impassable;0;0;
9157;5903;impassable;0;0;
9157;5904;impassable;0;0;
9157;5905;impassable;0;0;
9157;5907;impassable;0;0;
9157;5908;impassable;0;0;
9157;5909;impassable;0;0;
9157;5910;impassable;0;0;
9157;5912;impassable;0;0;
9157;5914;impassable;0;0;
9157;5916;impassable;0;0;
9157;5918;impassable;0;0;
9157;5919;impassable;0;0;
9157;5920;impassable;0;0;
9157;5921;impassable;0;0;
9157;5922;impassable;0;0;
9157;5923;impassable;0;0;
9157;5925;impassable;0;0;
9157;5926;impassable;0;0;
9157;5927;impassable;0;0;
9157;5928;impassable;0;0;
9157;5929;impassable;0;0;
9157;5938;impassable;0;0;
9157;5945;impassable;0;0;
9157;5947;impassable;0;0;
9157;5948;impassable;0;0;
9157;5950;impassable;0;0;
9157;5951;impassable;0;0;
9157;5952;impassable;0;0;
9157;5953;impassable;0;0;
9157;5954;impassable;0;0;
9157;5959;impassable;0;0;
9157;5960;impassable;0;0;
9157;5962;impassable;0;0;
9157;5963;impassable;0;0;
9157;5964;impassable;0;0;
9157;5965;impassable;0;0;
9157;5966;impassable;0;0;
9157;5967;impassable;0;0;
9157;5968;impassable;0;0;
9157;5969;impassable;0;0;
9157;5971;impassable;0;0;
9157;5972;impassable;0;0;
9157;5973;impassable;0;0;
9157;5975;impassable;0;0;
9157;5976;impassable;0;0;
9157;5982;impassable;0;0;
9157;5983;impassable;0;0;
9157;5984;impassable;0;0;
9157;5986;impassable;0;0;
9157;5987;impassable;0;0;
9157;5989;impassable;0;0;
9157;5991;impassable;0;0;
9157;5993;impassable;0;0;
9157;5994;impassable;0;0;
9157;5995;impassable;0;0;
9157;5999;impassable;0;0;
9157;6000;impassable;0;0;
9157;6002;impassable;0;0;
9157;6003;impassable;0;0;
9157;6004;impassable;0;0;
9157;6005;impassable;0;0;
9157;6006;impassable;0;0;
9157;6015;impassable;0;0;
9157;6016;impassable;0;0;
9157;6024;impassable;0;0;
9157;6025;impassable;0;0;
9157;6026;impassable;0;0;
9157;6027;impassable;0;0;
9157;6028;impassable;0;0;
9157;6029;impassable;0;0;
9157;6030;impassable;0;0;
9157;6032;impassable;0;0;
9157;6033;impassable;0;0;
9157;6034;impassable;0;0;
9157;6035;impassable;0;0;
9157;6036;impassable;0;0;
9157;6037;impassable;0;0;
9157;6038;impassable;0;0;
9157;6039;impassable;0;0;
9157;6040;impassable;0;0;
9157;6041;impassable;0;0;
9157;6042;impassable;0;0;
9157;6043;impassable;0;0;
9157;6044;impassable;0;0;
9157;6045;impassable;0;0;
9157;6046;impassable;0;0;
9157;6047;impassable;0;0;
9157;6051;impassable;0;0;
9157;6052;impassable;0;0;
9157;6053;impassable;0;0;
9157;6054;impassable;0;0;
9157;6055;impassable;0;0;
9157;6056;impassable;0;0;
9157;6057;impassable;0;0;
9157;6058;impassable;0;0;
9157;6065;impassable;0;0;
9157;6066;impassable;0;0;
9157;6067;impassable;0;0;
9157;6068;impassable;0;0;
9157;6069;impassable;0;0;
9157;6070;impassable;0;0;
9157;6071;impassable;0;0;
9157;6072;impassable;0;0;
9157;6073;impassable;0;0;
9157;6074;impassable;0;0;
9157;6075;impassable;0;0;
9157;6076;impassable;0;0;
9157;6078;impassable;0;0;
9157;6087;impassable;0;0;
9157;6088;impassable;0;0;
9157;6089;impassable;0;0;
9157;6090;impassable;0;0;
9157;6091;impassable;0;0;
9157;6092;impassable;0;0;
9157;6093;impassable;0;0;
9157;6094;impassable;0;0;
9157;6097;impassable;0;0;
9157;6098;impassable;0;0;
9157;6104;impassable;0;0;
9157;6105;impassable;0;0;
9157;6106;impassable;0;0;
9157;6108;impassable;0;0;
9157;6109;impassable;0;0;
9157;6111;impassable;0;0;
9157;6112;impassable;0;0;
9157;6113;impassable;0;0;
9157;6114;impassable;0;0;
9157;6115;impassable;0;0;
9157;6116;impassable;0;0;
9157;6117;impassable;0;0;
9157;6118;impassable;0;0;
9157;6119;impassable;0;0;
9157;6120;impassable;0;0;
9157;6121;impassable;0;0;
9157;6123;impassable;0;0;
9157;6124;impassable;0;0;
9157;6126;impassable;0;0;
9157;6132;impassable;0;0;
9157;6133;impassable;0;0;
9157;6134;impassable;0;0;
9157;6135;impassable;0;0;
9157;6136;impassable;0;0;
9157;6137;impassable;0;0;
9157;6138;impassable;0;0;
9157;6139;impassable;0;0;
9157;6140;impassable;0;0;
9157;6141;impassable;0;0;
9157;6142;impassable;0;0;
9157;6143;impassable;0;0;
9157;6144;impassable;0;0;
9157;6146;impassable;0;0;
9158;200;impassable;0;0;
9158;201;impassable;0;0;
9158;503;impassable;0;0;
9158;504;impassable;0;0;
9158;505;impassable;0;0;
9158;584;impassable;0;0;
9158;586;impassable;0;0;
9158;587;impassable;0;0;
9159;2086;impassable;0;0;
9159;2087;impassable;0;0;
9159;2088;impassable;0;0;
9159;2092;impassable;0;0;
9159;2095;impassable;0;0;
9160;7721;impassable;0;0;
9160;7773;impassable;0;0;
9160;7774;impassable;0;0;
9160;7775;impassable;0;0;
9160;7776;impassable;0;0;
9160;7780;impassable;0;0;
9160;8578;impassable;0;0;
9160;8581;impassable;0;0;
9160;8582;impassable;0;0;
9160;8586;impassable;0;0;
9160;8587;impassable;0;0;
9160;8597;impassable;0;0;
9160;8598;impassable;0;0;
9160;8600;impassable;0;0;
9160;8601;impassable;0;0;
9160;8970;impassable;0;0;
9160;8971;impassable;0;0;
9160;8976;impassable;0;0;
9160;8977;impassable;0;0;
9161;2094;impassable;0;0;
9161;2096;impassable;0;0;
9161;2097;impassable;0;0;
9161;2100;impassable;0;0;
9161;9212;impassable;0;0;
9161;9598;impassable;0;0;
9162;4728;impassable;0;0;
9162;4734;impassable;0;0;
9162;5222;impassable;0;0;
9163;3440;impassable;0;0;
9163;3444;impassable;0;0;
9163;3949;impassable;0;0;
9163;3950;impassable;0;0;
9163;3951;impassable;0;0;
9163;3952;impassable;0;0;
9164;3226;impassable;0;0;
9164;3227;impassable;0;0;
9164;3228;impassable;0;0;
9164;3229;impassable;0;0;
9164;3230;impassable;0;0;
9164;3248;impassable;0;0;
9164;3249;impassable;0;0;
9165;2442;impassable;0;0;
9165;2444;impassable;0;0;
9165;2446;impassable;0;0;
9165;2496;impassable;0;0;
9165;2498;impassable;0;0;
9165;2499;impassable;0;0;
9165;2561;impassable;0;0;
9165;2563;impassable;0;0;
9165;2564;impassable;0;0;
9165;2751;impassable;0;0;
9165;2758;impassable;0;0;
9165;2760;impassable;0;0;
9165;2761;impassable;0;0;
9165;2773;impassable;0;0;
9165;2775;impassable;0;0;
9165;2776;impassable;0;0;
9165;2779;impassable;0;0;
9166;6025;impassable;0;0;
9166;6026;impassable;0;0;
9166;6027;impassable;0;0;
9166;6030;impassable;0;0;
9166;6031;impassable;0;0;
9166;6033;impassable;0;0;
9166;6056;impassable;0;0;
9166;6057;impassable;0;0;
9167;3233;impassable;0;0;
9167;3234;impassable;0;0;
9167;3235;impassable;0;0;
9167;3306;impassable;0;0;
9167;3308;impassable;0;0;
9167;3700;impassable;0;0;
9167;3701;impassable;0;0;
9167;3702;impassable;0;0;
9168;6399;impassable;0;0;
9168;6400;impassable;0;0;
9168;6557;impassable;0;0;
9169;4502;impassable;0;0;
9169;4672;impassable;0;0;
9169;4829;impassable;0;0;
9169;4931;impassable;0;0;
9169;4934;impassable;0;0;
9169;4935;impassable;0;0;
9169;9392;impassable;0;0;
9170;864;impassable;0;0;
9170;865;impassable;0;0;
9170;866;impassable;0;0;
9170;871;impassable;0;0;
9170;872;impassable;0;0;
9170;873;impassable;0;0;
9170;874;impassable;0;0;
9170;875;impassable;0;0;
9170;877;impassable;0;0;
9170;878;impassable;0;0;
9170;882;impassable;0;0;
9170;883;impassable;0;0;
9171;3402;impassable;0;0;
9171;3406;impassable;0;0;
9171;3553;impassable;0;0;
9171;3554;impassable;0;0;
9171;3555;impassable;0;0;
9171;3963;impassable;0;0;
9171;3964;impassable;0;0;
9171;3965;impassable;0;0;
9171;8539;impassable;0;0;
9171;9452;impassable;0;0;
9172;6746;impassable;0;0;
9172;6748;impassable;0;0;
9172;6750;impassable;0;0;
9172;6819;impassable;0;0;
9173;1832;impassable;0;0;
9173;1833;impassable;0;0;
9173;1834;impassable;0;0;
9173;1835;impassable;0;0;
9173;1836;impassable;0;0;
9173;1915;impassable;0;0;
9173;1916;impassable;0;0;
9173;1917;impassable;0;0;
9173;1918;impassable;0;0;
9173;2049;impassable;0;0;
9173;2056;impassable;0;0;
9173;2060;impassable;0;0;
9173;2076;impassable;0;0;
9173;2077;impassable;0;0;
9173;2078;impassable;0;0;
9173;2085;impassable;0;0;
9173;2104;impassable;0;0;
9173;2106;impassable;0;0;
9173;2107;impassable;0;0;
9174;1764;impassable;0;0;
9174;1765;impassable;0;0;
9174;1766;impassable;0;0;
9174;1768;impassable;0;0;
9174;1769;impassable;0;0;
9174;2419;impassable;0;0;
9174;2420;impassable;0;0;
9174;2425;impassable;0;0;
9174;2426;impassable;0;0;
9174;2428;impassable;0;0;
9175;6375;impassable;0;0;
9175;6377;impassable;0;0;
9175;6378;impassable;0;0;
9175;9515;impassable;0;0;
9176;981;impassable;0;0;
9176;1015;impassable;0;0;
9176;1022;impassable;0;0;
9177;51;impassable;0;0;
9177;55;impassable;0;0;
9177;59;impassable;0;0;
9177;60;impassable;0;0;
9177;61;impassable;0;0;
9177;74;impassable;0;0;
9177;78;impassable;0;0;
9177;84;impassable;0;0;
9177;87;impassable;0;0;
9177;9636;impassable;0;0;
9178;5537;impassable;0;0;
9178;5549;impassable;0;0;
9178;5551;impassable;0;0;
9178;5648;impassable;0;0;
9178;5649;impassable;0;0;
9179;2896;impassable;0;0;
9179;2897;impassable;0;0;
9179;2958;impassable;0;0;
9179;2959;impassable;0;0;
9179;2983;impassable;0;0;
9179;2987;impassable;0;0;
9179;2994;impassable;0;0;
9179;2995;impassable;0;0;
9179;2996;impassable;0;0;
9179;2997;impassable;0;0;
9179;2998;impassable;0;0;
9179;3002;impassable;0;0;
9180;6687;impassable;0;0;
9180;6832;impassable;0;0;
9180;6833;impassable;0;0;
9180;6835;impassable;0;0;
9181;3472;impassable;0;0;
9181;3544;impassable;0;0;
9181;3545;impassable;0;0;
9181;3547;impassable;0;0;
9181;3992;impassable;0;0;
9181;3994;impassable;0;0;
9181;3996;impassable;0;0;
9182;5283;impassable;0;0;
9182;5284;impassable;0;0;
9182;5285;impassable;0;0;
9182;5538;impassable;0;0;
9182;5540;impassable;0;0;
9182;5541;impassable;0;0;
9182;5542;impassable;0;0;
9182;5544;impassable;0;0;
9182;5583;impassable;0;0;
9182;5595;impassable;0;0;
9182;5596;impassable;0;0;
9182;5598;impassable;0;0;
9182;5602;impassable;0;0;
9182;9547;impassable;0;0;
9183;5351;impassable;0;0;
9183;5388;impassable;0;0;
9183;5389;impassable;0;0;
9183;5390;impassable;0;0;
9183;5392;impassable;0;0;
9183;5773;impassable;0;0;
9183;5774;impassable;0;0;
9183;5776;impassable;0;0;
9184;3257;impassable;0;0;
9184;3258;impassable;0;0;
9184;3612;impassable;0;0;
9184;3613;impassable;0;0;
9184;3614;impassable;0;0;
9184;3617;impassable;0;0;
9184;3618;impassable;0;0;
9184;3628;impassable;0;0;
9184;3631;impassable;0;0;
9184;3632;impassable;0;0;
9184;3633;impassable;0;0;
9184;3635;impassable;0;0;
9184;3636;impassable;0;0;
9184;4590;impassable;0;0;
9184;4591;impassable;0;0;
9184;4593;impassable;0;0;
9184;4594;impassable;0;0;
9184;4814;impassable;0;0;
9184;4816;impassable;0;0;
9184;4832;impassable;0;0;
9184;4835;impassable;0;0;
9184;4956;impassable;0;0;
9184;4959;impassable;0;0;
9184;4960;impassable;0;0;
9184;4970;impassable;0;0;
9184;4971;impassable;0;0;
9184;4972;impassable;0;0;
9184;4973;impassable;0;0;
9184;4974;impassable;0;0;
9184;5551;impassable;0;0;
9184;5552;impassable;0;0;
9184;5553;impassable;0;0;
9185;6702;impassable;0;0;
9185;6703;impassable;0;0;
9185;6704;impassable;0;0;
9185;6705;impassable;0;0;
9186;211;impassable;0;0;
9186;438;impassable;0;0;
9186;462;impassable;0;0;
9186;464;impassable;0;0;
9187;1383;impassable;0;0;
9187;1384;impassable;0;0;
9188;2307;impassable;0;0;
9188;2310;impassable;0;0;
9188;2311;impassable;0;0;
9188;2425;impassable;0;0;
9188;2426;impassable;0;0;
9188;7245;impassable;0;0;
9189;6731;impassable;0;0;
9189;6733;impassable;0;0;
9189;6798;impassable;0;0;
9189;6799;impassable;0;0;
9189;6816;impassable;0;0;
9189;6818;impassable;0;0;
9189;6819;impassable;0;0;
9190;6761;impassable;0;0;
9190;6762;impassable;0;0;
9190;6815;impassable;0;0;
9190;6817;impassable;0;0;
9191;2499;impassable;0;0;
9191;2741;impassable;0;0;
9191;2749;impassable;0;0;
9191;2752;impassable;0;0;
9191;2788;impassable;0;0;
9191;2789;impassable;0;0;
9192;2205;impassable;0;0;
9192;2206;impassable;0;0;
9192;2208;impassable;0;0;
9192;2209;impassable;0;0;
9192;2210;impassable;0;0;
9192;2211;impassable;0;0;
9192;2212;impassable;0;0;
9192;2213;impassable;0;0;
9192;2214;impassable;0;0;
9192;2215;impassable;0;0;
9192;2216;impassable;0;0;
9192;2218;impassable;0;0;
9192;2219;impassable;0;0;
9192;2220;impassable;0;0;
9192;2221;impassable;0;0;
9192;2222;impassable;0;0;
9192;2223;impassable;0;0;
9192;2224;impassable;0;0;
9192;2225;impassable;0;0;
9192;2226;impassable;0;0;
9192;2228;impassable;0;0;
9192;2230;impassable;0;0;
9192;2231;impassable;0;0;
9192;2237;impassable;0;0;
9192;2238;impassable;0;0;
9192;2241;impassable;0;0;
9192;2242;impassable;0;0;
9192;2245;impassable;0;0;
9192;2246;impassable;0;0;
9192;2247;impassable;0;0;
9192;2249;impassable;0;0;
9192;7232;impassable;0;0;
9192;7233;impassable;0;0;
9192;7234;impassable;0;0;
9193;5355;impassable;0;0;
9193;5423;impassable;0;0;
9193;5424;impassable;0;0;
9193;5425;impassable;0;0;
9193;5776;impassable;0;0;
9193;5777;impassable;0;0;
9193;5779;impassable;0;0;
9193;5780;impassable;0;0;
9193;5781;impassable;0;0;
9193;7516;impassable;0;0;
9193;9509;impassable;0;0;
9193;9686;impassable;0;0;
9194;1553;impassable;0;0;
9194;1554;impassable;0;0;
9194;1555;impassable;0;0;
9194;1556;impassable;0;0;
9194;1562;impassable;0;0;
9194;1563;impassable;0;0;
9194;1564;impassable;0;0;
9195;1830;impassable;0;0;
9195;1838;impassable;0;0;
9195;1839;impassable;0;0;
9195;1840;impassable;0;0;
9195;1845;impassable;0;0;
9195;1846;impassable;0;0;
9195;1849;impassable;0;0;
9195;1850;impassable;0;0;
9195;1853;impassable;0;0;
9195;2109;impassable;0;0;
9195;2110;impassable;0;0;
9196;9288;impassable;0;0;
9196;9436;impassable;0;0;
9197;6751;impassable;0;0;
9197;6752;impassable;0;0;
9197;6753;impassable;0;0;
9197;6757;impassable;0;0;
9197;6758;impassable;0;0;
9198;1417;impassable;0;0;
9198;1418;impassable;0;0;
9198;1426;impassable;0;0;
9198;1427;impassable;0;0;
9198;8048;impassable;0;0;
9199;2898;impassable;0;0;
9199;2956;impassable;0;0;
9199;2957;impassable;0;0;
9199;2959;impassable;0;0;
9200;2868;impassable;0;0;
9200;2869;impassable;0;0;
9200;2993;impassable;0;0;
9200;3037;impassable;0;0;
9200;3038;impassable;0;0;
9200;3039;impassable;0;0;
9200;7361;impassable;0;0;
9201;5925;impassable;0;0;
9201;5927;impassable;0;0;
9201;6086;impassable;0;0;
9201;6137;impassable;0;0;
9201;6140;impassable;0;0;
9201;6141;impassable;0;0;
9201;8611;impassable;0;0;
9202;6246;impassable;0;0;
9202;6247;impassable;0;0;
9202;6249;impassable;0;0;
9203;4140;impassable;0;0;
9203;4141;impassable;0;0;
9203;4142;impassable;0;0;
9203;4143;impassable;0;0;
9203;4144;impassable;0;0;
9203;4382;impassable;0;0;
9203;4383;impassable;0;0;
9203;4384;impassable;0;0;
9203;4385;impassable;0;0;
9203;4387;impassable;0;0;
9203;4390;impassable;0;0;
9203;4483;impassable;0;0;
9203;4484;impassable;0;0;
9203;4485;impassable;0;0;
9203;4486;impassable;0;0;
9203;4487;impassable;0;0;
9203;4491;impassable;0;0;
9203;4504;impassable;0;0;
9203;4505;impassable;0;0;
9203;4506;impassable;0;0;
9203;4507;impassable;0;0;
9203;4515;impassable;0;0;
9203;4519;impassable;0;0;
9203;4525;impassable;0;0;
9203;4527;impassable;0;0;
9203;4528;impassable;0;0;
9203;4536;impassable;0;0;
9203;4585;impassable;0;0;
9203;4586;impassable;0;0;
9203;4609;impassable;0;0;
9203;4610;impassable;0;0;
9203;4611;impassable;0;0;
9203;4612;impassable;0;0;
9203;4613;impassable;0;0;
9203;4614;impassable;0;0;
9203;4615;impassable;0;0;
9203;4618;impassable;0;0;
9203;4619;impassable;0;0;
9203;4622;impassable;0;0;
9203;4623;impassable;0;0;
9203;4627;impassable;0;0;
9203;4639;impassable;0;0;
9203;4641;impassable;0;0;
9203;4643;impassable;0;0;
9203;4644;impassable;0;0;
9203;4648;impassable;0;0;
9203;4649;impassable;0;0;
9203;4650;impassable;0;0;
9203;4668;impassable;0;0;
9203;4698;impassable;0;0;
9203;4700;impassable;0;0;
9203;4701;impassable;0;0;
9203;4709;impassable;0;0;
9203;4710;impassable;0;0;
9203;4711;impassable;0;0;
9203;4723;impassable;0;0;
9203;4725;impassable;0;0;
9203;4726;impassable;0;0;
9203;4727;impassable;0;0;
9203;4728;impassable;0;0;
9203;4729;impassable;0;0;
9203;4730;impassable;0;0;
9203;4739;impassable;0;0;
9203;4740;impassable;0;0;
9203;4741;impassable;0;0;
9203;4778;impassable;0;0;
9203;4781;impassable;0;0;
9203;4800;impassable;0;0;
9203;4808;impassable;0;0;
9203;4849;impassable;0;0;
9203;4850;impassable;0;0;
9203;4851;impassable;0;0;
9203;4852;impassable;0;0;
9203;4853;impassable;0;0;
9203;4857;impassable;0;0;
9203;4858;impassable;0;0;
9203;4859;impassable;0;0;
9203;4860;impassable;0;0;
9203;4861;impassable;0;0;
9203;4862;impassable;0;0;
9203;4863;impassable;0;0;
9203;4864;impassable;0;0;
9203;4865;impassable;0;0;
9203;4866;impassable;0;0;
9203;4867;impassable;0;0;
9203;4868;impassable;0;0;
9203;4869;impassable;0;0;
9203;4870;impassable;0;0;
9203;4873;impassable;0;0;
9203;4874;impassable;0;0;
9203;4875;impassable;0;0;
9203;4876;impassable;0;0;
9203;4877;impassable;0;0;
9203;4878;impassable;0;0;
9203;4879;impassable;0;0;
9203;4880;impassable;0;0;
9203;4881;impassable;0;0;
9203;4883;impassable;0;0;
9203;4884;impassable;0;0;
9203;4886;impassable;0;0;
9203;4887;impassable;0;0;
9203;4888;impassable;0;0;
9203;4890;impassable;0;0;
9203;4912;impassable;0;0;
9203;4914;impassable;0;0;
9203;4917;impassable;0;0;
9203;4923;impassable;0;0;
9203;4924;impassable;0;0;
9203;4925;impassable;0;0;
9203;4933;impassable;0;0;
9203;4934;impassable;0;0;
9203;4939;impassable;0;0;
9203;4940;impassable;0;0;
9203;4943;impassable;0;0;
9203;4944;impassable;0;0;
9203;4945;impassable;0;0;
9203;4952;impassable;0;0;
9203;4961;impassable;0;0;
9203;4962;impassable;0;0;
9203;4963;impassable;0;0;
9203;4964;impassable;0;0;
9203;4968;impassable;0;0;
9203;4977;impassable;0;0;
9203;4978;impassable;0;0;
9203;4979;impassable;0;0;
9203;4995;impassable;0;0;
9203;4996;impassable;0;0;
9203;4997;impassable;0;0;
9203;4999;impassable;0;0;
9203;5082;impassable;0;0;
9203;5084;impassable;0;0;
9203;5097;impassable;0;0;
9203;5098;impassable;0;0;
9203;5099;impassable;0;0;
9203;5101;impassable;0;0;
9203;5102;impassable;0;0;
9203;5109;impassable;0;0;
9203;5111;impassable;0;0;
9203;5112;impassable;0;0;
9203;5140;impassable;0;0;
9203;5141;impassable;0;0;
9203;5142;impassable;0;0;
9203;5143;impassable;0;0;
9203;5144;impassable;0;0;
9203;5192;impassable;0;0;
9203;5198;impassable;0;0;
9203;5199;impassable;0;0;
9203;5227;impassable;0;0;
9203;5230;impassable;0;0;
9203;5231;impassable;0;0;
9203;5232;impassable;0;0;
9203;5233;impassable;0;0;
9203;5234;impassable;0;0;
9203;5237;impassable;0;0;
9203;5238;impassable;0;0;
9203;5239;impassable;0;0;
9203;5240;impassable;0;0;
9203;5241;impassable;0;0;
9203;5244;impassable;0;0;
9203;5246;impassable;0;0;
9203;5255;impassable;0;0;
9203;5273;impassable;0;0;
9204;99;impassable;0;0;
9204;100;impassable;0;0;
9204;101;impassable;0;0;
9204;102;impassable;0;0;
9204;103;impassable;0;0;
9204;104;impassable;0;0;
9204;105;impassable;0;0;
9205;3123;impassable;0;0;
9205;3222;impassable;0;0;
9205;3597;impassable;0;0;
9205;3598;impassable;0;0;
9205;3603;impassable;0;0;
9205;3605;impassable;0;0;
9205;3606;impassable;0;0;
9205;8564;impassable;0;0;
9205;9369;impassable;0;0;
9206;3144;impassable;0;0;
9206;3652;impassable;0;0;
9206;3653;impassable;0;0;
9206;3654;impassable;0;0;
9206;3655;impassable;0;0;
9206;3656;impassable;0;0;
9206;3662;impassable;0;0;
9206;3665;impassable;0;0;
9206;3666;impassable;0;0;
9206;3667;impassable;0;0;
9207;4540;impassable;0;0;
9207;4543;impassable;0;0;
9207;4603;impassable;0;0;
9207;4769;impassable;0;0;
9207;4770;impassable;0;0;
9207;5166;impassable;0;0;
9208;5878;impassable;0;0;
9208;5943;impassable;0;0;
9208;5944;impassable;0;0;
9208;5945;impassable;0;0;
9208;5946;impassable;0;0;
9208;6063;impassable;0;0;
9208;6144;impassable;0;0;
9208;6145;impassable;0;0;
9208;6146;impassable;0;0;
9208;6147;impassable;0;0;
9208;6149;impassable;0;0;
9209;1938;impassable;0;0;
9209;1939;impassable;0;0;
9209;1942;impassable;0;0;
9209;1944;impassable;0;0;
9209;1945;impassable;0;0;
9209;1946;impassable;0;0;
9209;1947;impassable;0;0;
9209;1948;impassable;0;0;
9209;1949;impassable;0;0;
9209;1950;impassable;0;0;
9209;1952;impassable;0;0;
9209;1954;impassable;0;0;
9209;1955;impassable;0;0;
9209;1957;impassable;0;0;
9209;1959;impassable;0;0;
9209;7339;impassable;0;0;
9210;341;impassable;0;0;
9210;342;impassable;0;0;
9210;417;impassable;0;0;
9211;2814;impassable;0;0;
9211;2910;impassable;0;0;
9211;2911;impassable;0;0;
9211;2964;impassable;0;0;
9211;2965;impassable;0;0;
9211;2967;impassable;0;0;
9211;3009;impassable;0;0;
9211;3010;impassable;0;0;
9211;3011;impassable;0;0;
9211;3012;impassable;0;0;
9211;3023;impassable;0;0;
9211;3061;impassable;0;0;
9211;3063;impassable;0;0;
9211;4643;impassable;0;0;
9211;4645;impassable;0;0;
9211;5096;impassable;0;0;
9211;5098;impassable;0;0;
9211;5099;impassable;0;0;
9211;5102;impassable;0;0;
9211;7351;impassable;0;0;
9211;9220;impassable;0;0;
9212;2094;impassable;0;0;
9212;2098;impassable;0;0;
9212;2100;impassable;0;0;
9212;7837;impassable;0;0;
9213;1715;impassable;0;0;
9213;1721;impassable;0;0;
9213;1722;impassable;0;0;
9213;1723;impassable;0;0;
9213;1724;impassable;0;0;
9213;1728;impassable;0;0;
9213;1733;impassable;0;0;
9214;400;impassable;0;0;
9214;410;impassable;0;0;
9214;412;impassable;0;0;
9214;413;impassable;0;0;
9215;4541;impassable;0;0;
9215;5062;impassable;0;0;
9215;5063;impassable;0;0;
9215;5065;impassable;0;0;
9215;5066;impassable;0;0;
9216;4834;impassable;0;0;
9216;4835;impassable;0;0;
9216;4836;impassable;0;0;
9216;4960;impassable;0;0;
9216;4967;impassable;0;0;
9216;4975;impassable;0;0;
9216;4976;impassable;0;0;
9216;4977;impassable;0;0;
9216;4979;impassable;0;0;
9216;4980;impassable;0;0;
9216;4982;impassable;0;0;
9216;4984;impassable;0;0;
9217;6797;impassable;0;0;
9217;6798;impassable;0;0;
9217;6800;impassable;0;0;
9217;6801;impassable;0;0;
9217;6806;impassable;0;0;
9218;199;impassable;0;0;
9218;201;impassable;0;0;
9218;207;impassable;0;0;
9218;209;impassable;0;0;
9218;210;impassable;0;0;
9218;271;impassable;0;0;
9218;310;impassable;0;0;
9218;494;impassable;0;0;
9218;495;impassable;0;0;
9218;497;impassable;0;0;
9218;498;impassable;0;0;
9218;499;impassable;0;0;
9218;502;impassable;0;0;
9218;504;impassable;0;0;
9218;505;impassable;0;0;
9218;506;impassable;0;0;
9218;587;impassable;0;0;
9219;1041;impassable;0;0;
9219;9557;impassable;0;0;
9220;2812;impassable;0;0;
9220;2813;impassable;0;0;
9220;2814;impassable;0;0;
9220;2906;impassable;0;0;
9220;2907;impassable;0;0;
9220;2924;impassable;0;0;
9220;2926;impassable;0;0;
9220;2938;impassable;0;0;
9220;2940;impassable;0;0;
9220;2942;impassable;0;0;
9220;2967;impassable;0;0;
9220;2975;impassable;0;0;
9220;2976;impassable;0;0;
9220;2984;impassable;0;0;
9220;2986;impassable;0;0;
9221;5885;impassable;0;0;
9221;5886;impassable;0;0;
9221;5960;impassable;0;0;
9221;6087;impassable;0;0;
9221;6090;impassable;0;0;
9221;6092;impassable;0;0;
9222;198;impassable;0;0;
9222;199;impassable;0;0;
9222;200;impassable;0;0;
9222;201;impassable;0;0;
9222;202;impassable;0;0;
9222;204;impassable;0;0;
9222;207;impassable;0;0;
9222;208;impassable;0;0;
9222;209;impassable;0;0;
9222;210;impassable;0;0;
9222;211;impassable;0;0;
9222;212;impassable;0;0;
9222;213;impassable;0;0;
9222;221;impassable;0;0;
9222;222;impassable;0;0;
9222;223;impassable;0;0;
9222;235;impassable;0;0;
9222;236;impassable;0;0;
9222;237;impassable;0;0;
9222;239;impassable;0;0;
9222;240;impassable;0;0;
9222;241;impassable;0;0;
9222;242;impassable;0;0;
9222;243;impassable;0;0;
9222;244;impassable;0;0;
9222;246;impassable;0;0;
9222;252;impassable;0;0;
9222;253;impassable;0;0;
9222;254;impassable;0;0;
9222;260;impassable;0;0;
9222;261;impassable;0;0;
9222;262;impassable;0;0;
9222;263;impassable;0;0;
9222;264;impassable;0;0;
9222;266;impassable;0;0;
9222;267;impassable;0;0;
9222;268;impassable;0;0;
9222;269;impassable;0;0;
9222;270;impassable;0;0;
9222;271;impassable;0;0;
9222;272;impassable;0;0;
9222;273;impassable;0;0;
9222;274;impassable;0;0;
9222;275;impassable;0;0;
9222;276;impassable;0;0;
9222;277;impassable;0;0;
9222;278;impassable;0;0;
9222;284;impassable;0;0;
9222;285;impassable;0;0;
9222;286;impassable;0;0;
9222;287;impassable;0;0;
9222;288;impassable;0;0;
9222;289;impassable;0;0;
9222;290;impassable;0;0;
9222;291;impassable;0;0;
9222;292;impassable;0;0;
9222;298;impassable;0;0;
9222;299;impassable;0;0;
9222;300;impassable;0;0;
9222;301;impassable;0;0;
9222;305;impassable;0;0;
9222;306;impassable;0;0;
9222;307;impassable;0;0;
9222;308;impassable;0;0;
9222;309;impassable;0;0;
9222;318;impassable;0;0;
9222;319;impassable;0;0;
9222;320;impassable;0;0;
9222;323;impassable;0;0;
9222;325;impassable;0;0;
9222;349;impassable;0;0;
9222;350;impassable;0;0;
9222;351;impassable;0;0;
9222;352;impassable;0;0;
9222;353;impassable;0;0;
9222;354;impassable;0;0;
9222;355;impassable;0;0;
9222;356;impassable;0;0;
9222;357;impassable;0;0;
9222;359;impassable;0;0;
9222;360;impassable;0;0;
9222;366;impassable;0;0;
9222;367;impassable;0;0;
9222;368;impassable;0;0;
9222;369;impassable;0;0;
9222;371;impassable;0;0;
9222;373;impassable;0;0;
9222;374;impassable;0;0;
9222;375;impassable;0;0;
9222;376;impassable;0;0;
9222;377;impassable;0;0;
9222;378;impassable;0;0;
9222;379;impassable;0;0;
9222;380;impassable;0;0;
9222;381;impassable;0;0;
9222;382;impassable;0;0;
9222;383;impassable;0;0;
9222;385;impassable;0;0;
9222;386;impassable;0;0;
9222;387;impassable;0;0;
9222;388;impassable;0;0;
9222;389;impassable;0;0;
9222;396;impassable;0;0;
9222;397;impassable;0;0;
9222;398;impassable;0;0;
9222;406;impassable;0;0;
9222;407;impassable;0;0;
9222;413;impassable;0;0;
9222;416;impassable;0;0;
9222;421;impassable;0;0;
9222;423;impassable;0;0;
9222;424;impassable;0;0;
9222;425;impassable;0;0;
9222;426;impassable;0;0;
9222;427;impassable;0;0;
9222;428;impassable;0;0;
9222;429;impassable;0;0;
9222;430;impassable;0;0;
9222;431;impassable;0;0;
9222;438;impassable;0;0;
9222;439;impassable;0;0;
9222;440;impassable;0;0;
9222;450;impassable;0;0;
9222;456;impassable;0;0;
9222;457;impassable;0;0;
9222;461;impassable;0;0;
9222;462;impassable;0;0;
9222;463;impassable;0;0;
9222;475;impassable;0;0;
9222;476;impassable;0;0;
9222;477;impassable;0;0;
9222;478;impassable;0;0;
9222;480;impassable;0;0;
9222;482;impassable;0;0;
9222;483;impassable;0;0;
9222;485;impassable;0;0;
9222;486;impassable;0;0;
9222;487;impassable;0;0;
9222;488;impassable;0;0;
9222;494;impassable;0;0;
9222;495;impassable;0;0;
9222;496;impassable;0;0;
9222;498;impassable;0;0;
9222;499;impassable;0;0;
9222;500;impassable;0;0;
9222;501;impassable;0;0;
9222;502;impassable;0;0;
9222;507;impassable;0;0;
9222;508;impassable;0;0;
9222;514;impassable;0;0;
9222;516;impassable;0;0;
9222;519;impassable;0;0;
9222;520;impassable;0;0;
9222;521;impassable;0;0;
9222;523;impassable;0;0;
9222;525;impassable;0;0;
9222;526;impassable;0;0;
9222;530;impassable;0;0;
9222;532;impassable;0;0;
9222;533;impassable;0;0;
9222;534;impassable;0;0;
9222;535;impassable;0;0;
9222;536;impassable;0;0;
9222;537;impassable;0;0;
9222;542;impassable;0;0;
9222;543;impassable;0;0;
9222;545;impassable;0;0;
9222;546;impassable;0;0;
9222;547;impassable;0;0;
9222;548;impassable;0;0;
9222;549;impassable;0;0;
9222;550;impassable;0;0;
9222;552;impassable;0;0;
9222;553;impassable;0;0;
9222;554;impassable;0;0;
9222;558;impassable;0;0;
9222;560;impassable;0;0;
9222;561;impassable;0;0;
9222;575;impassable;0;0;
9222;577;impassable;0;0;
9222;578;impassable;0;0;
9222;580;impassable;0;0;
9222;582;impassable;0;0;
9222;584;impassable;0;0;
9222;585;impassable;0;0;
9222;586;impassable;0;0;
9223;1774;impassable;0;0;
9223;1775;impassable;0;0;
9223;1776;impassable;0;0;
9223;1777;impassable;0;0;
9223;2037;impassable;0;0;
9223;2038;impassable;0;0;
9223;2045;impassable;0;0;
9223;2051;impassable;0;0;
9223;2052;impassable;0;0;
9223;2054;impassable;0;0;
9223;2061;impassable;0;0;
9223;2062;impassable;0;0;
9224;1777;impassable;0;0;
9224;1778;impassable;0;0;
9224;1934;impassable;0;0;
9224;1941;impassable;0;0;
9224;1943;impassable;0;0;
9224;1945;impassable;0;0;
9224;1946;impassable;0;0;
9224;2062;impassable;0;0;
9224;2063;impassable;0;0;
9224;2064;impassable;0;0;
9224;2065;impassable;0;0;
9225;2603;impassable;0;0;
9225;2606;impassable;0;0;
9225;2607;impassable;0;0;
9225;2655;impassable;0;0;
9225;2656;impassable;0;0;
9225;2758;impassable;0;0;
9225;2759;impassable;0;0;
9225;2763;impassable;0;0;
9225;2767;impassable;0;0;
9226;4586;impassable;0;0;
9226;4587;impassable;0;0;
9226;4589;impassable;0;0;
9226;4724;impassable;0;0;
9226;4725;impassable;0;0;
9226;4726;impassable;0;0;
9226;4865;impassable;0;0;
9226;4937;impassable;0;0;
9226;4945;impassable;0;0;
9226;9335;impassable;0;0;
9227;302;impassable;0;0;
9227;381;impassable;0;0;
9227;382;impassable;0;0;
9228;4570;impassable;0;0;
9228;4571;impassable;0;0;
9228;4802;impassable;0;0;
9228;5018;impassable;0;0;
9228;5019;impassable;0;0;
9228;5020;impassable;0;0;
9228;5021;impassable;0;0;
9229;585;impassable;0;0;
9229;586;impassable;0;0;
9229;587;impassable;0;0;
9230;4704;impassable;0;0;
9230;4706;impassable;0;0;
9230;4707;impassable;0;0;
9230;4770;impassable;0;0;
9230;5162;impassable;0;0;
9231;385;impassable;0;0;
9231;416;impassable;0;0;
9231;417;impassable;0;0;
9231;418;impassable;0;0;
9231;426;impassable;0;0;
9231;427;impassable;0;0;
9231;428;impassable;0;0;
9232;202;impassable;0;0;
9232;204;impassable;0;0;
9232;470;impassable;0;0;
9232;471;impassable;0;0;
9232;472;impassable;0;0;
9232;473;impassable;0;0;
9232;481;impassable;0;0;
9232;482;impassable;0;0;
9232;483;impassable;0;0;
9232;488;impassable;0;0;
9233;5527;impassable;0;0;
9233;5528;impassable;0;0;
9233;5529;impassable;0;0;
9233;5530;impassable;0;0;
9234;3450;impassable;0;0;
9234;3451;impassable;0;0;
9234;3452;impassable;0;0;
9234;3974;impassable;0;0;
9234;3975;impassable;0;0;
9234;3976;impassable;0;0;
9235;602;impassable;0;0;
9235;603;impassable;0;0;
9235;681;impassable;0;0;
9235;741;impassable;0;0;
9235;743;impassable;0;0;
9235;744;impassable;0;0;
9235;745;impassable;0;0;
9235;763;impassable;0;0;
9235;764;impassable;0;0;
9235;765;impassable;0;0;
9235;766;impassable;0;0;
9235;767;impassable;0;0;
9236;7131;impassable;0;0;
9236;7138;impassable;0;0;
9236;7140;impassable;0;0;
9236;7142;impassable;0;0;
9236;7144;impassable;0;0;
9236;7146;impassable;0;0;
9236;7258;impassable;0;0;
9236;7259;impassable;0;0;
9236;7260;impassable;0;0;
9236;8752;impassable;0;0;
9236;8754;impassable;0;0;
9236;8842;impassable;0;0;
9236;8843;impassable;0;0;
9237;4776;impassable;0;0;
9237;4915;impassable;0;0;
9237;4916;impassable;0;0;
9237;4932;impassable;0;0;
9237;4933;impassable;0;0;
9237;9392;impassable;0;0;
9238;5060;impassable;0;0;
9238;5061;impassable;0;0;
9238;5063;impassable;0;0;
9238;5067;impassable;0;0;
9239;311;impassable;0;0;
9239;312;impassable;0;0;
9240;5659;impassable;0;0;
9240;5660;impassable;0;0;
9240;5694;impassable;0;0;
9240;5695;impassable;0;0;
9240;5706;impassable;0;0;
9241;2237;impassable;0;0;
9241;2249;impassable;0;0;
9241;2250;impassable;0;0;
9241;2251;impassable;0;0;
9241;2252;impassable;0;0;
9241;2253;impassable;0;0;
9241;2254;impassable;0;0;
9241;2255;impassable;0;0;
9241;2256;impassable;0;0;
9242;6927;impassable;0;0;
9242;6929;impassable;0;0;
9242;7097;impassable;0;0;
9242;7098;impassable;0;0;
9242;7099;impassable;0;0;
9242;7100;impassable;0;0;
9242;7120;impassable;0;0;
9242;7123;impassable;0;0;
9242;7174;impassable;0;0;
9242;7176;impassable;0;0;
9242;7177;impassable;0;0;
9242;7178;impassable;0;0;
9242;7179;impassable;0;0;
9242;7180;impassable;0;0;
9242;8142;impassable;0;0;
9242;8143;impassable;0;0;
9242;8144;impassable;0;0;
9242;8154;impassable;0;0;
9242;8155;impassable;0;0;
9242;8156;impassable;0;0;
9242;8157;impassable;0;0;
9242;8159;impassable;0;0;
9242;8161;impassable;0;0;
9242;8532;impassable;0;0;
9242;8533;impassable;0;0;
9242;9361;impassable;0;0;
9242;9564;impassable;0;0;
9243;4579;impassable;0;0;
9243;4580;impassable;0;0;
9243;4581;impassable;0;0;
9243;4582;impassable;0;0;
9243;4641;impassable;0;0;
9243;4669;impassable;0;0;
9243;4670;impassable;0;0;
9243;4882;impassable;0;0;
9243;4918;impassable;0;0;
9243;4919;impassable;0;0;
9243;4922;impassable;0;0;
9243;5276;impassable;0;0;
9243;5277;impassable;0;0;
9243;5278;impassable;0;0;
9243;7355;impassable;0;0;
9243;9392;impassable;0;0;
9244;334;impassable;0;0;
9244;335;impassable;0;0;
9244;336;impassable;0;0;
9244;532;impassable;0;0;
9244;533;impassable;0;0;
9245;5309;impassable;0;0;
9245;5512;impassable;0;0;
9245;5514;impassable;0;0;
9245;5636;impassable;0;0;
9245;5652;impassable;0;0;
9246;1946;impassable;0;0;
9246;1949;impassable;0;0;
9246;1950;impassable;0;0;
9246;1951;impassable;0;0;
9246;1988;impassable;0;0;
9246;1989;impassable;0;0;
9246;2070;impassable;0;0;
9246;2071;impassable;0;0;
9246;2073;impassable;0;0;
9247;5445;impassable;0;0;
9247;5448;impassable;0;0;
9247;5738;impassable;0;0;
9248;216;impassable;0;0;
9248;218;impassable;0;0;
9248;337;impassable;0;0;
9248;443;impassable;0;0;
9248;448;impassable;0;0;
9248;449;impassable;0;0;
9248;450;impassable;0;0;
9248;466;impassable;0;0;
9248;7644;impassable;0;0;
9249;3960;impassable;0;0;
9249;3962;impassable;0;0;
9249;3963;impassable;0;0;
9249;3964;impassable;0;0;
9249;3965;impassable;0;0;
9250;2437;impassable;0;0;
9250;2447;impassable;0;0;
9250;2721;impassable;0;0;
9250;2729;impassable;0;0;
9250;2730;impassable;0;0;
9250;2731;impassable;0;0;
9250;2771;impassable;0;0;
9250;2774;impassable;0;0;
9250;2780;impassable;0;0;
9250;2781;impassable;0;0;
9250;7427;impassable;0;0;
9250;7428;impassable;0;0;
9250;9269;impassable;0;0;
9250;9541;impassable;0;0;
9251;1910;impassable;0;0;
9251;1920;impassable;0;0;
9251;1921;impassable;0;0;
9251;1922;impassable;0;0;
9251;2036;impassable;0;0;
9251;2039;impassable;0;0;
9251;2040;impassable;0;0;
9251;7334;impassable;0;0;
9252;456;impassable;0;0;
9252;457;impassable;0;0;
9252;458;impassable;0;0;
9252;459;impassable;0;0;
9253;1108;impassable;0;0;
9253;1109;impassable;0;0;
9253;1110;impassable;0;0;
9253;1111;impassable;0;0;
9253;1117;impassable;0;0;
9253;1118;impassable;0;0;
9253;1119;impassable;0;0;
9253;1120;impassable;0;0;
9253;1219;impassable;0;0;
9253;1221;impassable;0;0;
9253;1222;impassable;0;0;
9253;1224;impassable;0;0;
9253;1225;impassable;0;0;
9253;1226;impassable;0;0;
9253;1228;impassable;0;0;
9253;1230;impassable;0;0;
9253;1235;impassable;0;0;
9253;1236;impassable;0;0;
9253;1237;impassable;0;0;
9253;1238;impassable;0;0;
9253;1239;impassable;0;0;
9253;1240;impassable;0;0;
9253;1241;impassable;0;0;
9253;1242;impassable;0;0;
9253;1243;impassable;0;0;
9253;1246;impassable;0;0;
9253;1247;impassable;0;0;
9253;1248;impassable;0;0;
9253;1254;impassable;0;0;
9253;1255;impassable;0;0;
9253;1256;impassable;0;0;
9253;1257;impassable;0;0;
9253;1294;impassable;0;0;
9254;6858;impassable;0;0;
9254;6859;impassable;0;0;
9254;6860;impassable;0;0;
9254;6875;impassable;0;0;
9254;6876;impassable;0;0;
9254;6878;impassable;0;0;
9254;6879;impassable;0;0;
9254;6880;impassable;0;0;
9254;6882;impassable;0;0;
9254;6883;impassable;0;0;
9254;6884;impassable;0;0;
9254;6885;impassable;0;0;
9254;6886;impassable;0;0;
9254;6887;impassable;0;0;
9254;6893;impassable;0;0;
9254;6894;impassable;0;0;
9254;6896;impassable;0;0;
9254;6897;impassable;0;0;
9254;6898;impassable;0;0;
9254;9381;impassable;0;0;
9254;9564;impassable;0;0;
9255;2323;impassable;0;0;
9255;2326;impassable;0;0;
9255;2327;impassable;0;0;
9255;2328;impassable;0;0;
9255;2329;impassable;0;0;
9255;2331;impassable;0;0;
9255;2333;impassable;0;0;
9255;2339;impassable;0;0;
9255;2340;impassable;0;0;
9256;36;impassable;0;0;
9256;37;impassable;0;0;
9256;40;impassable;0;0;
9256;41;impassable;0;0;
9256;42;impassable;0;0;
9256;43;impassable;0;0;
9256;45;impassable;0;0;
9256;46;impassable;0;0;
9256;48;impassable;0;0;
9256;49;impassable;0;0;
9256;52;impassable;0;0;
9256;54;impassable;0;0;
9256;56;impassable;0;0;
9257;780;impassable;0;0;
9257;784;impassable;0;0;
9257;790;impassable;0;0;
9257;791;impassable;0;0;
9257;792;impassable;0;0;
9258;3127;impassable;0;0;
9258;3129;impassable;0;0;
9258;3130;impassable;0;0;
9259;6154;impassable;0;0;
9259;6174;impassable;0;0;
9259;6199;impassable;0;0;
9259;6200;impassable;0;0;
9259;6201;impassable;0;0;
9259;6202;impassable;0;0;
9259;6205;impassable;0;0;
9259;6206;impassable;0;0;
9259;6207;impassable;0;0;
9259;6212;impassable;0;0;
9259;6213;impassable;0;0;
9259;6214;impassable;0;0;
9259;6221;impassable;0;0;
9259;6222;impassable;0;0;
9259;6223;impassable;0;0;
9259;6224;impassable;0;0;
9259;6225;impassable;0;0;
9259;6226;impassable;0;0;
9259;6227;impassable;0;0;
9259;6228;impassable;0;0;
9259;6229;impassable;0;0;
9259;6232;impassable;0;0;
9259;6255;impassable;0;0;
9259;6256;impassable;0;0;
9259;6257;impassable;0;0;
9259;6258;impassable;0;0;
9259;6269;impassable;0;0;
9259;6270;impassable;0;0;
9259;6273;impassable;0;0;
9259;6274;impassable;0;0;
9259;6276;impassable;0;0;
9259;6284;impassable;0;0;
9259;6285;impassable;0;0;
9259;6286;impassable;0;0;
9259;6292;impassable;0;0;
9259;6293;impassable;0;0;
9259;6295;impassable;0;0;
9259;6310;impassable;0;0;
9259;6311;impassable;0;0;
9259;6312;impassable;0;0;
9259;6313;impassable;0;0;
9259;6314;impassable;0;0;
9259;6315;impassable;0;0;
9259;6317;impassable;0;0;
9259;6318;impassable;0;0;
9259;6350;impassable;0;0;
9259;6351;impassable;0;0;
9259;6352;impassable;0;0;
9259;6368;impassable;0;0;
9259;6369;impassable;0;0;
9259;6370;impassable;0;0;
9259;6371;impassable;0;0;
9259;6373;impassable;0;0;
9259;6374;impassable;0;0;
9259;6375;impassable;0;0;
9259;6376;impassable;0;0;
9259;6377;impassable;0;0;
9259;6378;impassable;0;0;
9259;6379;impassable;0;0;
9259;6380;impassable;0;0;
9259;6381;impassable;0;0;
9259;6389;impassable;0;0;
9259;6390;impassable;0;0;
9259;6391;impassable;0;0;
9259;6392;impassable;0;0;
9259;6394;impassable;0;0;
9259;6395;impassable;0;0;
9259;6396;impassable;0;0;
9259;6397;impassable;0;0;
9259;6398;impassable;0;0;
9259;6418;impassable;0;0;
9259;6419;impassable;0;0;
9259;6420;impassable;0;0;
9259;6421;impassable;0;0;
9259;6422;impassable;0;0;
9259;6424;impassable;0;0;
9259;6425;impassable;0;0;
9259;6426;impassable;0;0;
9259;6427;impassable;0;0;
9259;6428;impassable;0;0;
9259;6429;impassable;0;0;
9259;6430;impassable;0;0;
9259;6431;impassable;0;0;
9259;6432;impassable;0;0;
9259;6433;impassable;0;0;
9259;6434;impassable;0;0;
9259;6442;impassable;0;0;
9259;6443;impassable;0;0;
9259;6444;impassable;0;0;
9259;6445;impassable;0;0;
9259;6472;impassable;0;0;
9259;6474;impassable;0;0;
9259;6478;impassable;0;0;
9259;6487;impassable;0;0;
9259;6488;impassable;0;0;
9259;6493;impassable;0;0;
9259;6494;impassable;0;0;
9259;6498;impassable;0;0;
9259;6499;impassable;0;0;
9259;6500;impassable;0;0;
9259;6501;impassable;0;0;
9259;6503;impassable;0;0;
9259;6504;impassable;0;0;
9259;6505;impassable;0;0;
9259;6506;impassable;0;0;
9259;6507;impassable;0;0;
9259;6508;impassable;0;0;
9259;6509;impassable;0;0;
9259;6510;impassable;0;0;
9259;6511;impassable;0;0;
9259;6512;impassable;0;0;
9259;6513;impassable;0;0;
9259;6514;impassable;0;0;
9259;6515;impassable;0;0;
9259;6525;impassable;0;0;
9259;6531;impassable;0;0;
9259;6577;impassable;0;0;
9259;6580;impassable;0;0;
9259;6583;impassable;0;0;
9259;6585;impassable;0;0;
9259;6608;impassable;0;0;
9259;6609;impassable;0;0;
9259;6642;impassable;0;0;
9259;6643;impassable;0;0;
9259;6644;impassable;0;0;
9259;6650;impassable;0;0;
9259;6656;impassable;0;0;
9259;6657;impassable;0;0;
9259;6658;impassable;0;0;
9259;6664;impassable;0;0;
9260;3212;impassable;0;0;
9260;3214;impassable;0;0;
9260;3216;impassable;0;0;
9260;3217;impassable;0;0;
9260;3495;impassable;0;0;
9260;3496;impassable;0;0;
9260;3497;impassable;0;0;
9260;3516;impassable;0;0;
9260;3982;impassable;0;0;
9260;3983;impassable;0;0;
9260;3993;impassable;0;0;
9260;3995;impassable;0;0;
9260;3997;impassable;0;0;
9260;4000;impassable;0;0;
9261;2322;impassable;0;0;
9261;2336;impassable;0;0;
9261;2338;impassable;0;0;
9261;2339;impassable;0;0;
9261;2340;impassable;0;0;
9261;7227;impassable;0;0;
9262;6400;impassable;0;0;
9262;6555;impassable;0;0;
9262;6556;impassable;0;0;
9262;6557;impassable;0;0;
9263;2896;impassable;0;0;
9263;2897;impassable;0;0;
9263;2898;impassable;0;0;
9263;2899;impassable;0;0;
9263;2956;impassable;0;0;
9264;259;impassable;0;0;
9264;260;impassable;0;0;
9264;550;impassable;0;0;
9264;551;impassable;0;0;
9264;552;impassable;0;0;
9265;1946;impassable;0;0;
9265;2053;impassable;0;0;
9265;2056;impassable;0;0;
9265;2057;impassable;0;0;
9265;2058;impassable;0;0;
9265;2059;impassable;0;0;
9265;2063;impassable;0;0;
9265;2064;impassable;0;0;
9265;2065;impassable;0;0;
9265;2066;impassable;0;0;
9265;2067;impassable;0;0;
9265;2068;impassable;0;0;
9265;2069;impassable;0;0;
9265;2070;impassable;0;0;
9265;2078;impassable;0;0;
9265;2080;impassable;0;0;
9266;2151;impassable;0;0;
9266;2152;impassable;0;0;
9266;2153;impassable;0;0;
9266;2154;impassable;0;0;
9266;2158;impassable;0;0;
9266;2162;impassable;0;0;
9266;2202;impassable;0;0;
9266;2204;impassable;0;0;
9266;2206;impassable;0;0;
9266;2207;impassable;0;0;
9267;3246;impassable;0;0;
9267;3247;impassable;0;0;
9267;3586;impassable;0;0;
9267;3637;impassable;0;0;
9267;3640;impassable;0;0;
9267;3647;impassable;0;0;
9267;3648;impassable;0;0;
9267;3650;impassable;0;0;
9268;9477;impassable;0;0;
9268;9604;impassable;0;0;
9269;2447;impassable;0;0;
9269;2451;impassable;0;0;
9269;2538;impassable;0;0;
9269;2539;impassable;0;0;
9269;2565;impassable;0;0;
9269;2769;impassable;0;0;
9269;2770;impassable;0;0;
9269;2771;impassable;0;0;
9269;2774;impassable;0;0;
9269;2782;impassable;0;0;
9269;2783;impassable;0;0;
9269;9450;impassable;0;0;
9269;9480;impassable;0;0;
9270;1033;impassable;0;0;
9270;1034;impassable;0;0;
9270;1035;impassable;0;0;
9270;1042;impassable;0;0;
9270;1043;impassable;0;0;
9270;1044;impassable;0;0;
9270;9399;impassable;0;0;
9270;9557;impassable;0;0;
9271;31;impassable;0;0;
9271;32;impassable;0;0;
9271;33;impassable;0;0;
9271;34;impassable;0;0;
9271;113;impassable;0;0;
9271;114;impassable;0;0;
9271;115;impassable;0;0;
9271;118;impassable;0;0;
9271;119;impassable;0;0;
9271;123;impassable;0;0;
9272;5507;impassable;0;0;
9272;5508;impassable;0;0;
9272;5660;impassable;0;0;
9272;5684;impassable;0;0;
9272;5689;impassable;0;0;
9272;5692;impassable;0;0;
9272;5693;impassable;0;0;
9273;7904;impassable;0;0;
9273;7908;impassable;0;0;
9273;7912;impassable;0;0;
9273;7970;impassable;0;0;
9273;8015;impassable;0;0;
9273;8016;impassable;0;0;
9273;8017;impassable;0;0;
9273;8018;impassable;0;0;
9273;8019;impassable;0;0;
9273;8020;impassable;0;0;
9273;8021;impassable;0;0;
9273;8022;impassable;0;0;
9273;8023;impassable;0;0;
9273;8024;impassable;0;0;
9273;8025;impassable;0;0;
9273;8041;impassable;0;0;
9273;8042;impassable;0;0;
9273;8101;impassable;0;0;
9273;8103;impassable;0;0;
9273;8104;impassable;0;0;
9273;8107;impassable;0;0;
9273;8108;impassable;0;0;
9273;8110;impassable;0;0;
9273;8112;impassable;0;0;
9273;8113;impassable;0;0;
9273;8116;impassable;0;0;
9273;8117;impassable;0;0;
9273;8783;impassable;0;0;
9273;8786;impassable;0;0;
9273;8819;impassable;0;0;
9273;8821;impassable;0;0;
9273;8822;impassable;0;0;
9273;8979;impassable;0;0;
9273;8981;impassable;0;0;
9274;5854;impassable;0;0;
9274;5910;impassable;0;0;
9274;5911;impassable;0;0;
9274;5999;impassable;0;0;
9274;6006;impassable;0;0;
9274;6021;impassable;0;0;
9274;9336;impassable;0;0;
9274;9531;impassable;0;0;
9275;2447;impassable;0;0;
9275;2449;impassable;0;0;
9275;2727;impassable;0;0;
9275;2728;impassable;0;0;
9275;2731;impassable;0;0;
9276;5301;impassable;0;0;
9276;5302;impassable;0;0;
9276;5322;impassable;0;0;
9276;5535;impassable;0;0;
9276;5536;impassable;0;0;
9276;5581;impassable;0;0;
9276;5619;impassable;0;0;
9276;9303;impassable;0;0;
9276;9547;impassable;0;0;
9277;1314;impassable;0;0;
9277;1315;impassable;0;0;
9277;1325;impassable;0;0;
9277;1326;impassable;0;0;
9277;1332;impassable;0;0;
9277;1334;impassable;0;0;
9278;4488;impassable;0;0;
9278;4490;impassable;0;0;
9278;4491;impassable;0;0;
9278;4580;impassable;0;0;
9278;4614;impassable;0;0;
9278;4615;impassable;0;0;
9278;4616;impassable;0;0;
9278;4617;impassable;0;0;
9278;4621;impassable;0;0;
9278;4891;impassable;0;0;
9278;5271;impassable;0;0;
9278;5272;impassable;0;0;
9278;5278;impassable;0;0;
9279;3592;impassable;0;0;
9279;3594;impassable;0;0;
9279;3613;impassable;0;0;
9279;3616;impassable;0;0;
9280;246;impassable;0;0;
9280;536;impassable;0;0;
9280;542;impassable;0;0;
9280;543;impassable;0;0;
9280;544;impassable;0;0;
9280;7430;impassable;0;0;
9280;9679;impassable;0;0;
9281;3397;impassable;0;0;
9281;3453;impassable;0;0;
9281;3454;impassable;0;0;
9281;3507;impassable;0;0;
9281;3508;impassable;0;0;
9281;3971;impassable;0;0;
9281;3972;impassable;0;0;
9282;564;impassable;0;0;
9282;565;impassable;0;0;
9282;566;impassable;0;0;
9282;567;impassable;0;0;
9283;310;impassable;0;0;
9283;311;impassable;0;0;
9283;312;impassable;0;0;
9283;313;impassable;0;0;
9283;584;impassable;0;0;
9283;585;impassable;0;0;
9283;587;impassable;0;0;
9284;4678;impassable;0;0;
9284;4679;impassable;0;0;
9284;5249;impassable;0;0;
9284;9655;impassable;0;0;
9285;2379;impassable;0;0;
9285;2380;impassable;0;0;
9285;2381;impassable;0;0;
9285;2410;impassable;0;0;
9285;2411;impassable;0;0;
9285;2412;impassable;0;0;
9285;2413;impassable;0;0;
9285;2419;impassable;0;0;
9285;2420;impassable;0;0;
9285;2421;impassable;0;0;
9285;2427;impassable;0;0;
9285;2428;impassable;0;0;
9286;2505;impassable;0;0;
9286;2508;impassable;0;0;
9286;2524;impassable;0;0;
9286;2525;impassable;0;0;
9286;2526;impassable;0;0;
9286;2527;impassable;0;0;
9286;2726;impassable;0;0;
9287;253;impassable;0;0;
9287;254;impassable;0;0;
9287;530;impassable;0;0;
9287;534;impassable;0;0;
9287;535;impassable;0;0;
9287;537;impassable;0;0;
9287;538;impassable;0;0;
9288;9371;impassable;0;0;
9288;9608;impassable;0;0;
9289;2613;impassable;0;0;
9289;2618;impassable;0;0;
9289;2620;impassable;0;0;
9289;2922;impassable;0;0;
9289;4505;impassable;0;0;
9289;4506;impassable;0;0;
9289;4507;impassable;0;0;
9289;4509;impassable;0;0;
9289;4690;impassable;0;0;
9289;4692;impassable;0;0;
9289;4693;impassable;0;0;
9289;4694;impassable;0;0;
9289;5135;impassable;0;0;
9289;5136;impassable;0;0;
9289;5137;impassable;0;0;
9289;5138;impassable;0;0;
9289;5140;impassable;0;0;
9289;5141;impassable;0;0;
9289;5143;impassable;0;0;
9289;5155;impassable;0;0;
9289;5157;impassable;0;0;
9289;5168;impassable;0;0;
9289;5169;impassable;0;0;
9289;5180;impassable;0;0;
9289;5181;impassable;0;0;
9289;5182;impassable;0;0;
9289;5183;impassable;0;0;
9289;5185;impassable;0;0;
9289;5187;impassable;0;0;
9289;5188;impassable;0;0;
9289;5190;impassable;0;0;
9289;7426;impassable;0;0;
9290;274;impassable;0;0;
9290;275;impassable;0;0;
9290;590;impassable;0;0;
9290;591;impassable;0;0;
9291;1551;impassable;0;0;
9291;1552;impassable;0;0;
9291;1571;impassable;0;0;
9291;1572;impassable;0;0;
9291;1573;impassable;0;0;
9291;1597;impassable;0;0;
9291;1598;impassable;0;0;
9291;1599;impassable;0;0;
9291;1600;impassable;0;0;
9292;2585;impassable;0;0;
9292;2587;impassable;0;0;
9292;2588;impassable;0;0;
9292;2643;impassable;0;0;
9292;2652;impassable;0;0;
9293;3131;impassable;0;0;
9293;3132;impassable;0;0;
9293;3134;impassable;0;0;
9293;3228;impassable;0;0;
9293;3563;impassable;0;0;
9293;3578;impassable;0;0;
9293;3579;impassable;0;0;
9293;3581;impassable;0;0;
9293;3649;impassable;0;0;
9294;1013;impassable;0;0;
9294;1014;impassable;0;0;
9294;1015;impassable;0;0;
9294;1021;impassable;0;0;
9294;1022;impassable;0;0;
9294;1024;impassable;0;0;
9294;1025;impassable;0;0;
9294;1027;impassable;0;0;
9295;2354;impassable;0;0;
9295;2357;impassable;0;0;
9295;2358;impassable;0;0;
9295;2381;impassable;0;0;
9295;2388;impassable;0;0;
9295;2389;impassable;0;0;
9295;2390;impassable;0;0;
9295;2392;impassable;0;0;
9295;2403;impassable;0;0;
9295;2404;impassable;0;0;
9295;2405;impassable;0;0;
9295;2406;impassable;0;0;
9295;2407;impassable;0;0;
9295;2408;impassable;0;0;
9295;2409;impassable;0;0;
9295;2410;impassable;0;0;
9295;2411;impassable;0;0;
9295;2415;impassable;0;0;
9295;2416;impassable;0;0;
9295;2417;impassable;0;0;
9295;2418;impassable;0;0;
9295;7792;impassable;0;0;
9296;7073;impassable;0;0;
9296;7089;impassable;0;0;
9296;7090;impassable;0;0;
9296;7184;impassable;0;0;
9296;7190;impassable;0;0;
9296;7191;impassable;0;0;
9296;7193;impassable;0;0;
9296;7220;impassable;0;0;
9296;7221;impassable;0;0;
9296;7863;impassable;0;0;
9296;7864;impassable;0;0;
9296;7870;impassable;0;0;
9296;7873;impassable;0;0;
9296;7874;impassable;0;0;
9296;7875;impassable;0;0;
9296;7900;impassable;0;0;
9296;7903;impassable;0;0;
9296;8058;impassable;0;0;
9296;8059;impassable;0;0;
9296;8060;impassable;0;0;
9296;8119;impassable;0;0;
9296;8121;impassable;0;0;
9296;8129;impassable;0;0;
9296;8131;impassable;0;0;
9296;8132;impassable;0;0;
9296;8135;impassable;0;0;
9296;8138;impassable;0;0;
9296;8140;impassable;0;0;
9296;8449;impassable;0;0;
9296;8451;impassable;0;0;
9296;8765;impassable;0;0;
9296;8768;impassable;0;0;
9296;8770;impassable;0;0;
9296;8771;impassable;0;0;
9296;8773;impassable;0;0;
9296;8774;impassable;0;0;
9296;8777;impassable;0;0;
9296;8796;impassable;0;0;
9296;8798;impassable;0;0;
9297;1010;impassable;0;0;
9297;1011;impassable;0;0;
9298;2046;impassable;0;0;
9298;2047;impassable;0;0;
9298;2048;impassable;0;0;
9298;2051;impassable;0;0;
9298;2052;impassable;0;0;
9298;2053;impassable;0;0;
9298;2054;impassable;0;0;
9298;2055;impassable;0;0;
9298;2057;impassable;0;0;
9298;2058;impassable;0;0;
9298;2059;impassable;0;0;
9298;2060;impassable;0;0;
9299;3431;impassable;0;0;
9299;3432;impassable;0;0;
9299;3508;impassable;0;0;
9299;3935;impassable;0;0;
9299;3937;impassable;0;0;
9299;3958;impassable;0;0;
9299;3959;impassable;0;0;
9299;3961;impassable;0;0;
9300;2845;impassable;0;0;
9300;2847;impassable;0;0;
9300;2848;impassable;0;0;
9300;2849;impassable;0;0;
9301;6759;impassable;0;0;
9301;6760;impassable;0;0;
9301;6764;impassable;0;0;
9301;6767;impassable;0;0;
9302;4807;impassable;0;0;
9302;4808;impassable;0;0;
9302;4809;impassable;0;0;
9302;4979;impassable;0;0;
9303;5297;impassable;0;0;
9303;5299;impassable;0;0;
9303;5302;impassable;0;0;
9303;5303;impassable;0;0;
9303;5304;impassable;0;0;
9303;5305;impassable;0;0;
9303;5322;impassable;0;0;
9303;5324;impassable;0;0;
9303;5581;impassable;0;0;
9304;2308;impassable;0;0;
9304;2309;impassable;0;0;
9304;2311;impassable;0;0;
9304;2412;impassable;0;0;
9304;2413;impassable;0;0;
9304;2414;impassable;0;0;
9304;2416;impassable;0;0;
9304;2417;impassable;0;0;
9304;2424;impassable;0;0;
9304;2427;impassable;0;0;
9304;7793;impassable;0;0;
9305;6918;impassable;0;0;
9305;6919;impassable;0;0;
9305;6920;impassable;0;0;
9305;6931;impassable;0;0;
9305;6933;impassable;0;0;
9305;7082;impassable;0;0;
9305;7210;impassable;0;0;
9305;7211;impassable;0;0;
9305;7212;impassable;0;0;
9305;7213;impassable;0;0;
9305;7270;impassable;0;0;
9305;7271;impassable;0;0;
9305;7272;impassable;0;0;
9305;7273;impassable;0;0;
9305;7277;impassable;0;0;
9305;7278;impassable;0;0;
9305;7301;impassable;0;0;
9305;7302;impassable;0;0;
9305;7303;impassable;0;0;
9305;7304;impassable;0;0;
9305;7305;impassable;0;0;
9305;7987;impassable;0;0;
9305;7988;impassable;0;0;
9305;7989;impassable;0;0;
9305;7991;impassable;0;0;
9305;8052;impassable;0;0;
9305;8053;impassable;0;0;
9305;8054;impassable;0;0;
9305;8055;impassable;0;0;
9305;8124;impassable;0;0;
9305;8126;impassable;0;0;
9305;8491;impassable;0;0;
9305;8715;impassable;0;0;
9305;8716;impassable;0;0;
9305;8760;impassable;0;0;
9305;8761;impassable;0;0;
9305;8764;impassable;0;0;
9305;8779;impassable;0;0;
9305;8780;impassable;0;0;
9306;5957;impassable;0;0;
9306;5959;impassable;0;0;
9306;5960;impassable;0;0;
9306;6085;impassable;0;0;
9306;8940;impassable;0;0;
9306;9538;impassable;0;0;
9307;349;impassable;0;0;
9307;350;impassable;0;0;
9307;353;impassable;0;0;
9307;354;impassable;0;0;
9307;388;impassable;0;0;
9307;389;impassable;0;0;
9307;390;impassable;0;0;
9307;411;impassable;0;0;
9307;412;impassable;0;0;
9307;413;impassable;0;0;
9308;2443;impassable;0;0;
9308;2444;impassable;0;0;
9308;2445;impassable;0;0;
9308;2446;impassable;0;0;
9308;2551;impassable;0;0;
9308;2552;impassable;0;0;
9308;2750;impassable;0;0;
9308;2752;impassable;0;0;
9308;2754;impassable;0;0;
9308;2756;impassable;0;0;
9308;2757;impassable;0;0;
9308;9394;impassable;0;0;
9309;4741;impassable;0;0;
9309;4961;impassable;0;0;
9309;4962;impassable;0;0;
9309;4995;impassable;0;0;
9309;4996;impassable;0;0;
9309;5006;impassable;0;0;
9309;5007;impassable;0;0;
9310;3270;impassable;0;0;
9310;3271;impassable;0;0;
9310;3470;impassable;0;0;
9310;3471;impassable;0;0;
9310;3472;impassable;0;0;
9310;3517;impassable;0;0;
9310;3518;impassable;0;0;
9310;3519;impassable;0;0;
9310;3710;impassable;0;0;
9310;3995;impassable;0;0;
9311;5306;impassable;0;0;
9311;5307;impassable;0;0;
9311;5509;impassable;0;0;
9311;5510;impassable;0;0;
9311;5513;impassable;0;0;
9312;3250;impassable;0;0;
9312;3251;impassable;0;0;
9312;3587;impassable;0;0;
9312;3589;impassable;0;0;
9312;3591;impassable;0;0;
9312;3594;impassable;0;0;
9312;3607;impassable;0;0;
9312;3608;impassable;0;0;
9312;3609;impassable;0;0;
9312;3610;impassable;0;0;
9312;3611;impassable;0;0;
9312;3625;impassable;0;0;
9312;3626;impassable;0;0;
9313;9630;impassable;0;0;
9314;5804;impassable;0;0;
9314;5833;impassable;0;0;
9314;5834;impassable;0;0;
9314;5839;impassable;0;0;
9315;6265;impassable;0;0;
9315;6266;impassable;0;0;
9315;6283;impassable;0;0;
9315;6284;impassable;0;0;
9315;6285;impassable;0;0;
9315;6286;impassable;0;0;
9315;6354;impassable;0;0;
9315;6631;impassable;0;0;
9315;6632;impassable;0;0;
9315;9485;impassable;0;0;
9316;5431;impassable;0;0;
9316;5432;impassable;0;0;
9316;5434;impassable;0;0;
9316;5500;impassable;0;0;
9316;5684;impassable;0;0;
9316;5685;impassable;0;0;
9316;5688;impassable;0;0;
9316;5689;impassable;0;0;
9316;5690;impassable;0;0;
9317;6913;impassable;0;0;
9317;6914;impassable;0;0;
9317;6915;impassable;0;0;
9317;6916;impassable;0;0;
9317;6917;impassable;0;0;
9317;7032;impassable;0;0;
9317;7037;impassable;0;0;
9317;7039;impassable;0;0;
9317;7040;impassable;0;0;
9317;9327;impassable;0;0;
9317;9544;impassable;0;0;
9318;3444;impassable;0;0;
9318;3950;impassable;0;0;
9318;3951;impassable;0;0;
9319;3226;impassable;0;0;
9319;3227;impassable;0;0;
9319;3249;impassable;0;0;
9319;3560;impassable;0;0;
9319;3561;impassable;0;0;
9319;3562;impassable;0;0;
9319;3563;impassable;0;0;
9319;3578;impassable;0;0;
9319;3580;impassable;0;0;
9319;3582;impassable;0;0;
9319;3592;impassable;0;0;
9319;3596;impassable;0;0;
9319;3612;impassable;0;0;
9319;3613;impassable;0;0;
9319;5286;impassable;0;0;
9319;5463;impassable;0;0;
9319;5465;impassable;0;0;
9319;5466;impassable;0;0;
9319;5467;impassable;0;0;
9319;5468;impassable;0;0;
9319;5469;impassable;0;0;
9319;5470;impassable;0;0;
9319;5549;impassable;0;0;
9319;5550;impassable;0;0;
9319;5552;impassable;0;0;
9319;5560;impassable;0;0;
9319;5561;impassable;0;0;
9319;5562;impassable;0;0;
9319;5572;impassable;0;0;
9319;5573;impassable;0;0;
9319;5574;impassable;0;0;
9319;5590;impassable;0;0;
9319;5591;impassable;0;0;
9319;5592;impassable;0;0;
9319;5593;impassable;0;0;
9319;5594;impassable;0;0;
9319;5648;impassable;0;0;
9319;5650;impassable;0;0;
9319;5651;impassable;0;0;
9320;210;impassable;0;0;
9320;373;impassable;0;0;
9320;374;impassable;0;0;
9320;419;impassable;0;0;
9320;422;impassable;0;0;
9320;470;impassable;0;0;
9320;471;impassable;0;0;
9320;472;impassable;0;0;
9320;473;impassable;0;0;
9320;487;impassable;0;0;
9320;488;impassable;0;0;
9320;494;impassable;0;0;
9320;496;impassable;0;0;
9320;497;impassable;0;0;
9320;7661;impassable;0;0;
9321;850;impassable;0;0;
9321;851;impassable;0;0;
9321;855;impassable;0;0;
9321;856;impassable;0;0;
9321;886;impassable;0;0;
9321;887;impassable;0;0;
9321;888;impassable;0;0;
9321;893;impassable;0;0;
9321;894;impassable;0;0;
9321;895;impassable;0;0;
9321;896;impassable;0;0;
9321;899;impassable;0;0;
9321;900;impassable;0;0;
9321;901;impassable;0;0;
9321;902;impassable;0;0;
9322;6187;impassable;0;0;
9322;6188;impassable;0;0;
9322;6264;impassable;0;0;
9322;6534;impassable;0;0;
9322;6535;impassable;0;0;
9322;9626;impassable;0;0;
9323;1059;impassable;0;0;
9323;1060;impassable;0;0;
9323;1061;impassable;0;0;
9323;1064;impassable;0;0;
9323;1066;impassable;0;0;
9323;1067;impassable;0;0;
9323;1096;impassable;0;0;
9323;1097;impassable;0;0;
9323;1098;impassable;0;0;
9323;1099;impassable;0;0;
9323;1104;impassable;0;0;
9323;1105;impassable;0;0;
9323;1107;impassable;0;0;
9323;1108;impassable;0;0;
9323;1110;impassable;0;0;
9323;1111;impassable;0;0;
9323;1112;impassable;0;0;
9323;1114;impassable;0;0;
9323;1115;impassable;0;0;
9323;1116;impassable;0;0;
9323;1117;impassable;0;0;
9323;1118;impassable;0;0;
9323;1120;impassable;0;0;
9323;1121;impassable;0;0;
9323;1122;impassable;0;0;
9323;1123;impassable;0;0;
9323;1124;impassable;0;0;
9323;1126;impassable;0;0;
9323;1127;impassable;0;0;
9323;1129;impassable;0;0;
9323;1130;impassable;0;0;
9323;1136;impassable;0;0;
9323;1137;impassable;0;0;
9323;1138;impassable;0;0;
9323;1139;impassable;0;0;
9323;1144;impassable;0;0;
9323;1146;impassable;0;0;
9323;1147;impassable;0;0;
9323;1286;impassable;0;0;
9323;1287;impassable;0;0;
9323;1288;impassable;0;0;
9323;1289;impassable;0;0;
9323;1290;impassable;0;0;
9323;8141;impassable;0;0;
9323;8653;impassable;0;0;
9324;6693;impassable;0;0;
9324;6696;impassable;0;0;
9324;6746;impassable;0;0;
9324;6748;impassable;0;0;
9324;6755;impassable;0;0;
9325;5355;impassable;0;0;
9325;5356;impassable;0;0;
9325;5357;impassable;0;0;
9325;5358;impassable;0;0;
9325;5362;impassable;0;0;
9325;5364;impassable;0;0;
9325;5679;impassable;0;0;
9325;5681;impassable;0;0;
9325;5683;impassable;0;0;
9326;3146;impassable;0;0;
9326;3147;impassable;0;0;
9326;3286;impassable;0;0;
9326;3288;impassable;0;0;
9326;8549;impassable;0;0;
9327;7036;impassable;0;0;
9327;7037;impassable;0;0;
9327;7038;impassable;0;0;
9327;7041;impassable;0;0;
9327;7066;impassable;0;0;
9327;7067;impassable;0;0;
9327;7068;impassable;0;0;
9327;7076;impassable;0;0;
9327;7080;impassable;0;0;
9327;7081;impassable;0;0;
9327;7274;impassable;0;0;
9327;7275;impassable;0;0;
9327;7288;impassable;0;0;
9327;7289;impassable;0;0;
9327;7291;impassable;0;0;
9327;7392;impassable;0;0;
9327;7393;impassable;0;0;
9327;7394;impassable;0;0;
9327;7395;impassable;0;0;
9327;7396;impassable;0;0;
9327;8250;impassable;0;0;
9327;8251;impassable;0;0;
9327;8252;impassable;0;0;
9327;8253;impassable;0;0;
9327;8456;impassable;0;0;
9327;8457;impassable;0;0;
9327;8460;impassable;0;0;
9327;8466;impassable;0;0;
9327;8467;impassable;0;0;
9327;8468;impassable;0;0;
9327;8697;impassable;0;0;
9327;8698;impassable;0;0;
9327;8699;impassable;0;0;
9327;8700;impassable;0;0;
9327;8712;impassable;0;0;
9327;8713;impassable;0;0;
9327;8714;impassable;0;0;
9327;9544;impassable;0;0;
9328;6296;impassable;0;0;
9328;6297;impassable;0;0;
9328;6298;impassable;0;0;
9328;6314;impassable;0;0;
9328;6318;impassable;0;0;
9328;6319;impassable;0;0;
9328;6321;impassable;0;0;
9328;6323;impassable;0;0;
9328;6446;impassable;0;0;
9328;6447;impassable;0;0;
9328;6448;impassable;0;0;
9328;6450;impassable;0;0;
9328;6476;impassable;0;0;
9328;6652;impassable;0;0;
9328;6654;impassable;0;0;
9329;6230;impassable;0;0;
9329;6231;impassable;0;0;
9329;6232;impassable;0;0;
9329;6393;impassable;0;0;
9329;6394;impassable;0;0;
9329;6395;impassable;0;0;
9329;6397;impassable;0;0;
9329;6398;impassable;0;0;
9329;6420;impassable;0;0;
9329;6421;impassable;0;0;
9329;6483;impassable;0;0;
9329;6484;impassable;0;0;
9329;6491;impassable;0;0;
9330;5329;impassable;0;0;
9330;5494;impassable;0;0;
9330;5496;impassable;0;0;
9330;5497;impassable;0;0;
9330;5554;impassable;0;0;
9330;5831;impassable;0;0;
9331;7070;impassable;0;0;
9331;7071;impassable;0;0;
9331;7072;impassable;0;0;
9331;7100;impassable;0;0;
9331;7877;impassable;0;0;
9331;7888;impassable;0;0;
9331;7889;impassable;0;0;
9331;7890;impassable;0;0;
9331;7891;impassable;0;0;
9331;8128;impassable;0;0;
9331;8130;impassable;0;0;
9331;8133;impassable;0;0;
9331;8134;impassable;0;0;
9331;8136;impassable;0;0;
9331;8137;impassable;0;0;
9331;8139;impassable;0;0;
9331;8448;impassable;0;0;
9331;8450;impassable;0;0;
9331;8769;impassable;0;0;
9331;8772;impassable;0;0;
9331;8795;impassable;0;0;
9331;8797;impassable;0;0;
9331;9361;impassable;0;0;
9331;9397;impassable;0;0;
9332;2846;impassable;0;0;
9332;2847;impassable;0;0;
9332;2883;impassable;0;0;
9332;2884;impassable;0;0;
9332;2934;impassable;0;0;
9332;2937;impassable;0;0;
9332;3047;impassable;0;0;
9332;3073;impassable;0;0;
9332;3074;impassable;0;0;
9332;3075;impassable;0;0;
9333;592;impassable;0;0;
9333;593;impassable;0;0;
9333;594;impassable;0;0;
9333;596;impassable;0;0;
9333;612;impassable;0;0;
9333;613;impassable;0;0;
9333;614;impassable;0;0;
9333;615;impassable;0;0;
9333;616;impassable;0;0;
9333;617;impassable;0;0;
9333;619;impassable;0;0;
9333;622;impassable;0;0;
9333;628;impassable;0;0;
9334;5893;impassable;0;0;
9334;5956;impassable;0;0;
9334;6127;impassable;0;0;
9334;6130;impassable;0;0;
9334;6132;impassable;0;0;
9334;6134;impassable;0;0;
9334;6135;impassable;0;0;
9334;7493;impassable;0;0;
9335;4493;impassable;0;0;
9335;4494;impassable;0;0;
9335;4723;impassable;0;0;
9335;4724;impassable;0;0;
9335;4827;impassable;0;0;
9335;4830;impassable;0;0;
9335;4831;impassable;0;0;
9335;4867;impassable;0;0;
9335;4921;impassable;0;0;
9335;4943;impassable;0;0;
9335;4944;impassable;0;0;
9335;4945;impassable;0;0;
9336;6003;impassable;0;0;
9336;6006;impassable;0;0;
9336;6021;impassable;0;0;
9336;6022;impassable;0;0;
9336;7478;impassable;0;0;
9337;4540;impassable;0;0;
9337;4542;impassable;0;0;
9337;4543;impassable;0;0;
9337;4769;impassable;0;0;
9337;4772;impassable;0;0;
9337;4773;impassable;0;0;
9337;4927;impassable;0;0;
9338;6176;impassable;0;0;
9338;6362;impassable;0;0;
9338;6544;impassable;0;0;
9338;6545;impassable;0;0;
9339;1305;impassable;0;0;
9339;1306;impassable;0;0;
9339;1322;impassable;0;0;
9339;1329;impassable;0;0;
9340;6750;impassable;0;0;
9340;6761;impassable;0;0;
9340;6763;impassable;0;0;
9340;6815;impassable;0;0;
9340;6818;impassable;0;0;
9341;156;impassable;0;0;
9341;157;impassable;0;0;
9341;158;impassable;0;0;
9341;160;impassable;0;0;
9341;162;impassable;0;0;
9341;163;impassable;0;0;
9341;164;impassable;0;0;
9341;168;impassable;0;0;
9342;5890;impassable;0;0;
9342;6104;impassable;0;0;
9342;6120;impassable;0;0;
9342;6121;impassable;0;0;
9342;6958;impassable;0;0;
9343;1864;impassable;0;0;
9343;1867;impassable;0;0;
9343;1868;impassable;0;0;
9343;1869;impassable;0;0;
9343;1884;impassable;0;0;
9343;1885;impassable;0;0;
9343;1886;impassable;0;0;
9343;1903;impassable;0;0;
9343;1908;impassable;0;0;
9343;1909;impassable;0;0;
9343;2016;impassable;0;0;
9344;6678;impassable;0;0;
9344;6679;impassable;0;0;
9344;6777;impassable;0;0;
9344;6811;impassable;0;0;
9344;6814;impassable;0;0;
9345;2457;impassable;0;0;
9345;2459;impassable;0;0;
9345;2460;impassable;0;0;
9345;2479;impassable;0;0;
9345;2480;impassable;0;0;
9345;2529;impassable;0;0;
9345;2646;impassable;0;0;
9345;2647;impassable;0;0;
9346;3235;impassable;0;0;
9346;3295;impassable;0;0;
9346;3296;impassable;0;0;
9346;3297;impassable;0;0;
9346;3301;impassable;0;0;
9346;3305;impassable;0;0;
9346;3306;impassable;0;0;
9346;3307;impassable;0;0;
9346;3308;impassable;0;0;
9347;4771;impassable;0;0;
9347;4773;impassable;0;0;
9347;5055;impassable;0;0;
9347;5056;impassable;0;0;
9347;5058;impassable;0;0;
9347;5059;impassable;0;0;
9348;976;impassable;0;0;
9348;986;impassable;0;0;
9349;3208;impassable;0;0;
9349;3210;impassable;0;0;
9349;3450;impassable;0;0;
9349;3454;impassable;0;0;
9349;3498;impassable;0;0;
9349;3500;impassable;0;0;
9349;3501;impassable;0;0;
9349;3503;impassable;0;0;
9349;3970;impassable;0;0;
9349;3976;impassable;0;0;
9349;3996;impassable;0;0;
9349;9494;impassable;0;0;
9350;602;impassable;0;0;
9350;604;impassable;0;0;
9350;605;impassable;0;0;
9350;711;impassable;0;0;
9350;767;impassable;0;0;
9351;6404;impassable;0;0;
9351;6405;impassable;0;0;
9351;6407;impassable;0;0;
9351;6413;impassable;0;0;
9351;6563;impassable;0;0;
9351;6566;impassable;0;0;
9351;6567;impassable;0;0;
9352;4785;impassable;0;0;
9352;4787;impassable;0;0;
9352;5045;impassable;0;0;
9352;5046;impassable;0;0;
9352;5047;impassable;0;0;
9352;5060;impassable;0;0;
9352;5067;impassable;0;0;
9353;979;impassable;0;0;
9353;980;impassable;0;0;
9353;1006;impassable;0;0;
9353;1016;impassable;0;0;
9353;1017;impassable;0;0;
9353;1018;impassable;0;0;
9353;1019;impassable;0;0;
9353;1020;impassable;0;0;
9353;1021;impassable;0;0;
9353;9432;impassable;0;0;
9353;9634;impassable;0;0;
9354;5404;impassable;0;0;
9354;5405;impassable;0;0;
9354;5406;impassable;0;0;
9354;5778;impassable;0;0;
9354;5783;impassable;0;0;
9354;5784;impassable;0;0;
9355;2450;impassable;0;0;
9355;2546;impassable;0;0;
9355;2547;impassable;0;0;
9355;2783;impassable;0;0;
9355;2784;impassable;0;0;
9356;9436;impassable;0;0;
9356;9483;impassable;0;0;
9356;9612;impassable;0;0;
9357;7116;impassable;0;0;
9357;7117;impassable;0;0;
9357;7118;impassable;0;0;
9357;7119;impassable;0;0;
9357;7121;impassable;0;0;
9357;7122;impassable;0;0;
9357;7126;impassable;0;0;
9357;7129;impassable;0;0;
9357;7152;impassable;0;0;
9357;7153;impassable;0;0;
9357;7154;impassable;0;0;
9357;7578;impassable;0;0;
9357;8419;impassable;0;0;
9357;8420;impassable;0;0;
9358;3274;impassable;0;0;
9358;3471;impassable;0;0;
9358;3472;impassable;0;0;
9358;3473;impassable;0;0;
9358;3474;impassable;0;0;
9358;3546;impassable;0;0;
9358;3547;impassable;0;0;
9358;3967;impassable;0;0;
9359;2872;impassable;0;0;
9359;2873;impassable;0;0;
9359;2945;impassable;0;0;
9359;2946;impassable;0;0;
9359;3027;impassable;0;0;
9359;3030;impassable;0;0;
9360;202;impassable;0;0;
9360;203;impassable;0;0;
9360;307;impassable;0;0;
9360;308;impassable;0;0;
9360;475;impassable;0;0;
9360;478;impassable;0;0;
9360;479;impassable;0;0;
9360;480;impassable;0;0;
9360;484;impassable;0;0;
9361;7100;impassable;0;0;
9361;9397;impassable;0;0;
9361;9564;impassable;0;0;
9362;746;impassable;0;0;
9362;747;impassable;0;0;
9362;748;impassable;0;0;
9362;750;impassable;0;0;
9362;752;impassable;0;0;
9362;755;impassable;0;0;
9362;756;impassable;0;0;
9362;758;impassable;0;0;
9363;4766;impassable;0;0;
9363;4768;impassable;0;0;
9363;4769;impassable;0;0;
9364;1042;impassable;0;0;
9364;1044;impassable;0;0;
9364;1045;impassable;0;0;
9364;1046;impassable;0;0;
9364;9557;impassable;0;0;
9365;770;impassable;0;0;
9365;772;impassable;0;0;
9365;773;impassable;0;0;
9365;775;impassable;0;0;
9365;779;impassable;0;0;
9365;782;impassable;0;0;
9365;789;impassable;0;0;
9365;793;impassable;0;0;
9365;795;impassable;0;0;
9365;796;impassable;0;0;
9366;6854;impassable;0;0;
9366;6858;impassable;0;0;
9366;6861;impassable;0;0;
9366;6874;impassable;0;0;
9366;6875;impassable;0;0;
9366;6876;impassable;0;0;
9366;6877;impassable;0;0;
9366;6879;impassable;0;0;
9366;6880;impassable;0;0;
9366;6881;impassable;0;0;
9366;6888;impassable;0;0;
9366;6889;impassable;0;0;
9366;6890;impassable;0;0;
9366;6891;impassable;0;0;
9366;9381;impassable;0;0;
9367;5445;impassable;0;0;
9367;5446;impassable;0;0;
9367;5447;impassable;0;0;
9367;5449;impassable;0;0;
9367;5457;impassable;0;0;
9367;5458;impassable;0;0;
9367;5459;impassable;0;0;
9367;5460;impassable;0;0;
9367;5495;impassable;0;0;
9367;5496;impassable;0;0;
9367;5497;impassable;0;0;
9367;5714;impassable;0;0;
9367;5731;impassable;0;0;
9367;5735;impassable;0;0;
9367;5740;impassable;0;0;
9367;5741;impassable;0;0;
9367;5742;impassable;0;0;
9367;5817;impassable;0;0;
9368;2438;impassable;0;0;
9368;2439;impassable;0;0;
9368;2496;impassable;0;0;
9368;2497;impassable;0;0;
9368;2744;impassable;0;0;
9368;2747;impassable;0;0;
9368;2778;impassable;0;0;
9368;7425;impassable;0;0;
9369;3222;impassable;0;0;
9369;3223;impassable;0;0;
9369;3597;impassable;0;0;
9369;9549;impassable;0;0;
9370;4553;impassable;0;0;
9370;4554;impassable;0;0;
9370;4556;impassable;0;0;
9370;4595;impassable;0;0;
9370;4662;impassable;0;0;
9370;4663;impassable;0;0;
9370;4788;impassable;0;0;
9370;4789;impassable;0;0;
9370;4791;impassable;0;0;
9370;5044;impassable;0;0;
9370;5046;impassable;0;0;
9370;5047;impassable;0;0;
9371;9436;impassable;0;0;
9371;9518;impassable;0;0;
9371;9612;impassable;0;0;
9372;3208;impassable;0;0;
9372;3209;impassable;0;0;
9372;3504;impassable;0;0;
9372;3988;impassable;0;0;
9372;3989;impassable;0;0;
9372;3990;impassable;0;0;
9373;365;impassable;0;0;
9373;525;impassable;0;0;
9373;526;impassable;0;0;
9373;576;impassable;0;0;
9373;577;impassable;0;0;
9373;578;impassable;0;0;
9373;588;impassable;0;0;
9373;589;impassable;0;0;
9373;590;impassable;0;0;
9374;2507;impassable;0;0;
9374;2508;impassable;0;0;
9374;2527;impassable;0;0;
9374;2546;impassable;0;0;
9374;2547;impassable;0;0;
9374;2548;impassable;0;0;
9374;2784;impassable;0;0;
9374;2785;impassable;0;0;
9375;2553;impassable;0;0;
9375;2570;impassable;0;0;
9375;2572;impassable;0;0;
9375;2621;impassable;0;0;
9375;2624;impassable;0;0;
9375;2687;impassable;0;0;
9376;2566;impassable;0;0;
9376;2567;impassable;0;0;
9376;2605;impassable;0;0;
9376;2606;impassable;0;0;
9376;2763;impassable;0;0;
9376;2764;impassable;0;0;
9376;2765;impassable;0;0;
9377;354;impassable;0;0;
9377;390;impassable;0;0;
9377;391;impassable;0;0;
9378;226;impassable;0;0;
9378;228;impassable;0;0;
9378;341;impassable;0;0;
9378;343;impassable;0;0;
9378;345;impassable;0;0;
9378;346;impassable;0;0;
9378;347;impassable;0;0;
9378;348;impassable;0;0;
9378;349;impassable;0;0;
9378;351;impassable;0;0;
9378;388;impassable;0;0;
9378;403;impassable;0;0;
9378;405;impassable;0;0;
9378;415;impassable;0;0;
9378;417;impassable;0;0;
9378;7637;impassable;0;0;
9379;5499;impassable;0;0;
9379;5500;impassable;0;0;
9379;5689;impassable;0;0;
9379;5690;impassable;0;0;
9379;5691;impassable;0;0;
9379;5692;impassable;0;0;
9380;7018;impassable;0;0;
9380;7019;impassable;0;0;
9380;7021;impassable;0;0;
9380;7022;impassable;0;0;
9380;7042;impassable;0;0;
9380;7044;impassable;0;0;
9380;7045;impassable;0;0;
9380;7051;impassable;0;0;
9380;7052;impassable;0;0;
9380;7053;impassable;0;0;
9380;7054;impassable;0;0;
9380;7055;impassable;0;0;
9380;7781;impassable;0;0;
9380;7782;impassable;0;0;
9380;7783;impassable;0;0;
9380;7784;impassable;0;0;
9380;7785;impassable;0;0;
9380;8458;impassable;0;0;
9380;8459;impassable;0;0;
9381;6854;impassable;0;0;
9381;6856;impassable;0;0;
9381;6857;impassable;0;0;
9381;6873;impassable;0;0;
9381;6874;impassable;0;0;
9381;6875;impassable;0;0;
9381;6892;impassable;0;0;
9381;6894;impassable;0;0;
9381;9564;impassable;0;0;
9382;1035;impassable;0;0;
9382;1037;impassable;0;0;
9382;1038;impassable;0;0;
9382;1039;impassable;0;0;
9382;1040;impassable;0;0;
9382;1042;impassable;0;0;
9382;1045;impassable;0;0;
9382;1047;impassable;0;0;
9382;9557;impassable;0;0;
9383;2487;impassable;0;0;
9383;2488;impassable;0;0;
9383;2490;impassable;0;0;
9383;2514;impassable;0;0;
9383;2518;impassable;0;0;
9383;2556;impassable;0;0;
9383;2557;impassable;0;0;
9383;2691;impassable;0;0;
9383;2698;impassable;0;0;
9383;2699;impassable;0;0;
9383;2706;impassable;0;0;
9383;2711;impassable;0;0;
9383;2714;impassable;0;0;
9384;5875;impassable;0;0;
9384;5876;impassable;0;0;
9384;5878;impassable;0;0;
9384;5939;impassable;0;0;
9384;5940;impassable;0;0;
9384;5943;impassable;0;0;
9384;5944;impassable;0;0;
9384;6014;impassable;0;0;
9384;6062;impassable;0;0;
9384;6064;impassable;0;0;
9384;6065;impassable;0;0;
9384;6067;impassable;0;0;
9384;6111;impassable;0;0;
9384;6113;impassable;0;0;
9385;207;impassable;0;0;
9385;208;impassable;0;0;
9385;272;impassable;0;0;
9385;274;impassable;0;0;
9385;490;impassable;0;0;
9385;491;impassable;0;0;
9385;493;impassable;0;0;
9385;576;impassable;0;0;
9386;234;impassable;0;0;
9386;248;impassable;0;0;
9386;251;impassable;0;0;
9387;5340;impassable;0;0;
9387;5341;impassable;0;0;
9387;5342;impassable;0;0;
9387;5343;impassable;0;0;
9387;9435;impassable;0;0;
9388;4832;impassable;0;0;
9388;4833;impassable;0;0;
9388;4834;impassable;0;0;
9388;4835;impassable;0;0;
9388;4970;impassable;0;0;
9388;4971;impassable;0;0;
9388;4972;impassable;0;0;
9388;4973;impassable;0;0;
9388;4974;impassable;0;0;
9388;4975;impassable;0;0;
9388;4976;impassable;0;0;
9389;3393;impassable;0;0;
9389;3395;impassable;0;0;
9389;3396;impassable;0;0;
9389;3397;impassable;0;0;
9389;3505;impassable;0;0;
9389;3506;impassable;0;0;
9389;3507;impassable;0;0;
9390;1074;impassable;0;0;
9390;1216;impassable;0;0;
9390;1218;impassable;0;0;
9390;1227;impassable;0;0;
9390;1229;impassable;0;0;
9390;1230;impassable;0;0;
9390;1231;impassable;0;0;
9391;256;impassable;0;0;
9391;257;impassable;0;0;
9391;258;impassable;0;0;
9391;259;impassable;0;0;
9391;284;impassable;0;0;
9391;285;impassable;0;0;
9391;286;impassable;0;0;
9391;566;impassable;0;0;
9392;4582;impassable;0;0;
9392;4583;impassable;0;0;
9392;4584;impassable;0;0;
9392;4625;impassable;0;0;
9392;4627;impassable;0;0;
9392;4669;impassable;0;0;
9392;4671;impassable;0;0;
9392;4672;impassable;0;0;
9392;4897;impassable;0;0;
9392;4898;impassable;0;0;
9392;4914;impassable;0;0;
9392;4916;impassable;0;0;
9392;4931;impassable;0;0;
9392;4932;impassable;0;0;
9392;5268;impassable;0;0;
9392;9605;impassable;0;0;
9393;5348;impassable;0;0;
9393;5349;impassable;0;0;
9393;5350;impassable;0;0;
9393;5351;impassable;0;0;
9393;5373;impassable;0;0;
9393;5375;impassable;0;0;
9393;5770;impassable;0;0;
9393;5772;impassable;0;0;
9394;2569;impassable;0;0;
9394;2741;impassable;0;0;
9394;2752;impassable;0;0;
9394;2755;impassable;0;0;
9394;2756;impassable;0;0;
9394;2757;impassable;0;0;
9394;2827;impassable;0;0;
9394;2828;impassable;0;0;
9394;2829;impassable;0;0;
9394;2979;impassable;0;0;
9394;2980;impassable;0;0;
9394;2981;impassable;0;0;
9395;2522;impassable;0;0;
9395;2523;impassable;0;0;
9395;2638;impassable;0;0;
9395;2640;impassable;0;0;
9395;2641;impassable;0;0;
9395;2644;impassable;0;0;
9396;2589;impassable;0;0;
9396;2590;impassable;0;0;
9396;2591;impassable;0;0;
9396;2650;impassable;0;0;
9396;2653;impassable;0;0;
9396;2654;impassable;0;0;
9396;9463;impassable;0;0;
9397;7891;impassable;0;0;
9397;7892;impassable;0;0;
9397;7893;impassable;0;0;
9397;7898;impassable;0;0;
9397;8111;impassable;0;0;
9397;8114;impassable;0;0;
9397;8115;impassable;0;0;
9397;8118;impassable;0;0;
9397;8602;impassable;0;0;
9397;8604;impassable;0;0;
9397;8606;impassable;0;0;
9397;8784;impassable;0;0;
9397;8785;impassable;0;0;
9397;8818;impassable;0;0;
9397;8820;impassable;0;0;
9397;8868;impassable;0;0;
9397;8978;impassable;0;0;
9397;8980;impassable;0;0;
9398;2922;impassable;0;0;
9398;2923;impassable;0;0;
9398;5138;impassable;0;0;
9398;5139;impassable;0;0;
9399;65;impassable;0;0;
9399;66;impassable;0;0;
9399;67;impassable;0;0;
9399;68;impassable;0;0;
9399;69;impassable;0;0;
9399;600;impassable;0;0;
9399;606;impassable;0;0;
9399;608;impassable;0;0;
9399;609;impassable;0;0;
9399;610;impassable;0;0;
9399;611;impassable;0;0;
9399;621;impassable;0;0;
9399;622;impassable;0;0;
9399;626;impassable;0;0;
9399;627;impassable;0;0;
9399;652;impassable;0;0;
9399;653;impassable;0;0;
9399;654;impassable;0;0;
9399;678;impassable;0;0;
9399;680;impassable;0;0;
9399;684;impassable;0;0;
9399;692;impassable;0;0;
9399;694;impassable;0;0;
9399;695;impassable;0;0;
9399;696;impassable;0;0;
9399;697;impassable;0;0;
9399;704;impassable;0;0;
9399;705;impassable;0;0;
9399;706;impassable;0;0;
9399;708;impassable;0;0;
9399;710;impassable;0;0;
9399;711;impassable;0;0;
9399;737;impassable;0;0;
9399;738;impassable;0;0;
9399;739;impassable;0;0;
9399;740;impassable;0;0;
9399;743;impassable;0;0;
9399;744;impassable;0;0;
9399;752;impassable;0;0;
9399;753;impassable;0;0;
9399;754;impassable;0;0;
9399;755;impassable;0;0;
9399;765;impassable;0;0;
9399;979;impassable;0;0;
9399;980;impassable;0;0;
9399;981;impassable;0;0;
9399;1000;impassable;0;0;
9399;1001;impassable;0;0;
9399;1002;impassable;0;0;
9399;1003;impassable;0;0;
9399;1004;impassable;0;0;
9399;1005;impassable;0;0;
9399;1010;impassable;0;0;
9399;1011;impassable;0;0;
9399;1018;impassable;0;0;
9399;1022;impassable;0;0;
9399;1029;impassable;0;0;
9399;1034;impassable;0;0;
9399;1035;impassable;0;0;
9399;3122;impassable;0;0;
9399;3124;impassable;0;0;
9399;3125;impassable;0;0;
9399;3204;impassable;0;0;
9399;3205;impassable;0;0;
9399;4006;impassable;0;0;
9399;4007;impassable;0;0;
9399;4008;impassable;0;0;
9399;4009;impassable;0;0;
9399;4010;impassable;0;0;
9399;4011;impassable;0;0;
9399;4012;impassable;0;0;
9399;4013;impassable;0;0;
9399;4014;impassable;0;0;
9399;4015;impassable;0;0;
9399;4016;impassable;0;0;
9399;4017;impassable;0;0;
9399;4018;impassable;0;0;
9399;4019;impassable;0;0;
9399;4020;impassable;0;0;
9399;4021;impassable;0;0;
9399;4023;impassable;0;0;
9399;4024;impassable;0;0;
9399;4025;impassable;0;0;
9399;4026;impassable;0;0;
9399;4027;impassable;0;0;
9399;4028;impassable;0;0;
9399;4030;impassable;0;0;
9399;4031;impassable;0;0;
9399;4032;impassable;0;0;
9399;4033;impassable;0;0;
9399;4034;impassable;0;0;
9399;4035;impassable;0;0;
9399;4036;impassable;0;0;
9399;4037;impassable;0;0;
9399;4038;impassable;0;0;
9399;4044;impassable;0;0;
9399;4045;impassable;0;0;
9399;4046;impassable;0;0;
9399;4047;impassable;0;0;
9399;4048;impassable;0;0;
9399;4049;impassable;0;0;
9399;4050;impassable;0;0;
9399;4051;impassable;0;0;
9399;4052;impassable;0;0;
9399;4053;impassable;0;0;
9399;4054;impassable;0;0;
9399;4055;impassable;0;0;
9399;4056;impassable;0;0;
9399;4057;impassable;0;0;
9399;4059;impassable;0;0;
9399;4060;impassable;0;0;
9399;4061;impassable;0;0;
9399;4062;impassable;0;0;
9399;4064;impassable;0;0;
9399;4065;impassable;0;0;
9399;4067;impassable;0;0;
9399;4068;impassable;0;0;
9399;4069;impassable;0;0;
9399;4071;impassable;0;0;
9399;4072;impassable;0;0;
9399;4076;impassable;0;0;
9399;4077;impassable;0;0;
9399;4078;impassable;0;0;
9399;4079;impassable;0;0;
9399;4080;impassable;0;0;
9399;4081;impassable;0;0;
9399;4082;impassable;0;0;
9399;4083;impassable;0;0;
9399;4084;impassable;0;0;
9399;4085;impassable;0;0;
9399;4087;impassable;0;0;
9399;4088;impassable;0;0;
9399;4101;impassable;0;0;
9399;4102;impassable;0;0;
9399;4103;impassable;0;0;
9399;4104;impassable;0;0;
9399;4105;impassable;0;0;
9399;4109;impassable;0;0;
9399;4110;impassable;0;0;
9399;4111;impassable;0;0;
9399;4113;impassable;0;0;
9399;4114;impassable;0;0;
9399;4115;impassable;0;0;
9399;4116;impassable;0;0;
9399;4117;impassable;0;0;
9399;4118;impassable;0;0;
9399;4119;impassable;0;0;
9399;4120;impassable;0;0;
9399;4121;impassable;0;0;
9399;4122;impassable;0;0;
9399;4126;impassable;0;0;
9399;4127;impassable;0;0;
9399;4128;impassable;0;0;
9399;4129;impassable;0;0;
9399;4130;impassable;0;0;
9399;4131;impassable;0;0;
9399;4132;impassable;0;0;
9399;4133;impassable;0;0;
9399;4134;impassable;0;0;
9399;4135;impassable;0;0;
9399;4136;impassable;0;0;
9399;4137;impassable;0;0;
9399;4138;impassable;0;0;
9399;4139;impassable;0;0;
9399;4143;impassable;0;0;
9399;4150;impassable;0;0;
9399;4151;impassable;0;0;
9399;4152;impassable;0;0;
9399;4154;impassable;0;0;
9399;4155;impassable;0;0;
9399;4156;impassable;0;0;
9399;4157;impassable;0;0;
9399;4163;impassable;0;0;
9399;4164;impassable;0;0;
9399;4165;impassable;0;0;
9399;4166;impassable;0;0;
9399;4167;impassable;0;0;
9399;4168;impassable;0;0;
9399;4169;impassable;0;0;
9399;4170;impassable;0;0;
9399;4171;impassable;0;0;
9399;4172;impassable;0;0;
9399;4178;impassable;0;0;
9399;4179;impassable;0;0;
9399;4180;impassable;0;0;
9399;4187;impassable;0;0;
9399;4188;impassable;0;0;
9399;4189;impassable;0;0;
9399;4190;impassable;0;0;
9399;4191;impassable;0;0;
9399;4192;impassable;0;0;
9399;4193;impassable;0;0;
9399;4194;impassable;0;0;
9399;4195;impassable;0;0;
9399;4196;impassable;0;0;
9399;4197;impassable;0;0;
9399;4199;impassable;0;0;
9399;4200;impassable;0;0;
9399;4201;impassable;0;0;
9399;4202;impassable;0;0;
9399;4203;impassable;0;0;
9399;4204;impassable;0;0;
9399;4205;impassable;0;0;
9399;4206;impassable;0;0;
9399;4207;impassable;0;0;
9399;4208;impassable;0;0;
9399;4210;impassable;0;0;
9399;4212;impassable;0;0;
9399;4213;impassable;0;0;
9399;4214;impassable;0;0;
9399;4219;impassable;0;0;
9399;4221;impassable;0;0;
9399;4222;impassable;0;0;
9399;4223;impassable;0;0;
9399;4227;impassable;0;0;
9399;4228;impassable;0;0;
9399;4229;impassable;0;0;
9399;4230;impassable;0;0;
9399;4231;impassable;0;0;
9399;4232;impassable;0;0;
9399;4233;impassable;0;0;
9399;4234;impassable;0;0;
9399;4235;impassable;0;0;
9399;4236;impassable;0;0;
9399;4237;impassable;0;0;
9399;4238;impassable;0;0;
9399;4239;impassable;0;0;
9399;4240;impassable;0;0;
9399;4241;impassable;0;0;
9399;4242;impassable;0;0;
9399;4243;impassable;0;0;
9399;4244;impassable;0;0;
9399;4245;impassable;0;0;
9399;4246;impassable;0;0;
9399;4247;impassable;0;0;
9399;4248;impassable;0;0;
9399;4249;impassable;0;0;
9399;4250;impassable;0;0;
9399;4251;impassable;0;0;
9399;4257;impassable;0;0;
9399;4258;impassable;0;0;
9399;4259;impassable;0;0;
9399;4261;impassable;0;0;
9399;4262;impassable;0;0;
9399;4268;impassable;0;0;
9399;4269;impassable;0;0;
9399;4270;impassable;0;0;
9399;4271;impassable;0;0;
9399;4272;impassable;0;0;
9399;4273;impassable;0;0;
9399;4274;impassable;0;0;
9399;4275;impassable;0;0;
9399;4276;impassable;0;0;
9399;4280;impassable;0;0;
9399;4281;impassable;0;0;
9399;4282;impassable;0;0;
9399;4283;impassable;0;0;
9399;4284;impassable;0;0;
9399;4285;impassable;0;0;
9399;4286;impassable;0;0;
9399;4288;impassable;0;0;
9399;4289;impassable;0;0;
9399;4290;impassable;0;0;
9399;4291;impassable;0;0;
9399;4292;impassable;0;0;
9399;4293;impassable;0;0;
9399;4294;impassable;0;0;
9399;4295;impassable;0;0;
9399;4296;impassable;0;0;
9399;4297;impassable;0;0;
9399;4303;impassable;0;0;
9399;4305;impassable;0;0;
9399;4306;impassable;0;0;
9399;4307;impassable;0;0;
9399;4308;impassable;0;0;
9399;4309;impassable;0;0;
9399;4310;impassable;0;0;
9399;4311;impassable;0;0;
9399;4320;impassable;0;0;
9399;4321;impassable;0;0;
9399;4322;impassable;0;0;
9399;4323;impassable;0;0;
9399;4324;impassable;0;0;
9399;4325;impassable;0;0;
9399;4326;impassable;0;0;
9399;4327;impassable;0;0;
9399;4328;impassable;0;0;
9399;4329;impassable;0;0;
9399;4330;impassable;0;0;
9399;4332;impassable;0;0;
9399;4333;impassable;0;0;
9399;4334;impassable;0;0;
9399;4335;impassable;0;0;
9399;4336;impassable;0;0;
9399;4337;impassable;0;0;
9399;4338;impassable;0;0;
9399;4339;impassable;0;0;
9399;4340;impassable;0;0;
9399;4341;impassable;0;0;
9399;4342;impassable;0;0;
9399;4343;impassable;0;0;
9399;4347;impassable;0;0;
9399;4348;impassable;0;0;
9399;4349;impassable;0;0;
9399;4350;impassable;0;0;
9399;4351;impassable;0;0;
9399;4352;impassable;0;0;
9399;4353;impassable;0;0;
9399;4358;impassable;0;0;
9399;4359;impassable;0;0;
9399;4360;impassable;0;0;
9399;4361;impassable;0;0;
9399;4363;impassable;0;0;
9399;4364;impassable;0;0;
9399;4365;impassable;0;0;
9399;4366;impassable;0;0;
9399;4367;impassable;0;0;
9399;4368;impassable;0;0;
9399;4369;impassable;0;0;
9399;4370;impassable;0;0;
9399;4374;impassable;0;0;
9399;4376;impassable;0;0;
9399;4377;impassable;0;0;
9399;4378;impassable;0;0;
9399;4379;impassable;0;0;
9399;4380;impassable;0;0;
9399;4386;impassable;0;0;
9399;4387;impassable;0;0;
9399;4388;impassable;0;0;
9399;4389;impassable;0;0;
9399;4390;impassable;0;0;
9399;4391;impassable;0;0;
9399;4392;impassable;0;0;
9399;4393;impassable;0;0;
9399;4394;impassable;0;0;
9399;4395;impassable;0;0;
9399;4399;impassable;0;0;
9399;4400;impassable;0;0;
9399;4401;impassable;0;0;
9399;4402;impassable;0;0;
9399;4403;impassable;0;0;
9399;4404;impassable;0;0;
9399;4405;impassable;0;0;
9399;4408;impassable;0;0;
9399;4409;impassable;0;0;
9399;4410;impassable;0;0;
9399;4413;impassable;0;0;
9399;4414;impassable;0;0;
9399;4415;impassable;0;0;
9399;4416;impassable;0;0;
9399;4417;impassable;0;0;
9399;4418;impassable;0;0;
9399;4419;impassable;0;0;
9399;4421;impassable;0;0;
9399;4424;impassable;0;0;
9399;4425;impassable;0;0;
9399;4426;impassable;0;0;
9399;4431;impassable;0;0;
9399;4432;impassable;0;0;
9399;4433;impassable;0;0;
9399;4437;impassable;0;0;
9399;4438;impassable;0;0;
9399;4439;impassable;0;0;
9399;4440;impassable;0;0;
9399;4443;impassable;0;0;
9399;4445;impassable;0;0;
9399;4446;impassable;0;0;
9399;4447;impassable;0;0;
9399;4448;impassable;0;0;
9399;4455;impassable;0;0;
9399;4456;impassable;0;0;
9399;4457;impassable;0;0;
9399;4470;impassable;0;0;
9399;4471;impassable;0;0;
9399;4472;impassable;0;0;
9399;4473;impassable;0;0;
9399;8567;impassable;0;0;
9399;9432;impassable;0;0;
9399;9526;impassable;0;0;
9399;9634;impassable;0;0;
9400;3128;impassable;0;0;
9400;3129;impassable;0;0;
9400;3130;impassable;0;0;
9400;3270;impassable;0;0;
9400;3271;impassable;0;0;
9400;3273;impassable;0;0;
9400;3274;impassable;0;0;
9400;3569;impassable;0;0;
9400;3570;impassable;0;0;
9400;3571;impassable;0;0;
9400;3966;impassable;0;0;
9400;3967;impassable;0;0;
9400;7562;impassable;0;0;
9400;7564;impassable;0;0;
9400;9452;impassable;0;0;
9401;211;impassable;0;0;
9401;212;impassable;0;0;
9401;213;impassable;0;0;
9401;215;impassable;0;0;
9401;447;impassable;0;0;
9401;449;impassable;0;0;
9401;450;impassable;0;0;
9401;457;impassable;0;0;
9401;458;impassable;0;0;
9401;462;impassable;0;0;
9402;3520;impassable;0;0;
9402;3523;impassable;0;0;
9402;3524;impassable;0;0;
9402;3543;impassable;0;0;
9402;3965;impassable;0;0;
9402;3966;impassable;0;0;
9402;3968;impassable;0;0;
9402;3969;impassable;0;0;
9402;9494;impassable;0;0;
9402;9658;impassable;0;0;
9403;6233;impassable;0;0;
9403;6234;impassable;0;0;
9403;6237;impassable;0;0;
9403;6246;impassable;0;0;
9403;6247;impassable;0;0;
9403;6248;impassable;0;0;
9403;6253;impassable;0;0;
9403;6584;impassable;0;0;
9403;6587;impassable;0;0;
9403;6615;impassable;0;0;
9403;6616;impassable;0;0;
9403;9583;impassable;0;0;
9404;9604;impassable;0;0;
9404;9608;impassable;0;0;
9404;9652;impassable;0;0;
9405;6365;impassable;0;0;
9405;6366;impassable;0;0;
9405;6367;impassable;0;0;
9405;6539;impassable;0;0;
9405;6540;impassable;0;0;
9405;6541;impassable;0;0;
9405;6542;impassable;0;0;
9405;6543;impassable;0;0;
9406;281;impassable;0;0;
9406;282;impassable;0;0;
9406;293;impassable;0;0;
9406;294;impassable;0;0;
9406;295;impassable;0;0;
9406;297;impassable;0;0;
9406;356;impassable;0;0;
9406;357;impassable;0;0;
9406;392;impassable;0;0;
9406;393;impassable;0;0;
9406;394;impassable;0;0;
9407;6570;impassable;0;0;
9407;6571;impassable;0;0;
9407;6581;impassable;0;0;
9407;6582;impassable;0;0;
9407;6583;impassable;0;0;
9407;6601;impassable;0;0;
9407;6605;impassable;0;0;
9407;6606;impassable;0;0;
9407;6607;impassable;0;0;
9407;6609;impassable;0;0;
9408;4850;impassable;0;0;
9408;4851;impassable;0;0;
9408;4858;impassable;0;0;
9408;4864;impassable;0;0;
9409;5297;impassable;0;0;
9409;5298;impassable;0;0;
9409;5299;impassable;0;0;
9409;5300;impassable;0;0;
9409;5472;impassable;0;0;
9409;5473;impassable;0;0;
9409;5474;impassable;0;0;
9409;5475;impassable;0;0;
9409;5565;impassable;0;0;
9409;5566;impassable;0;0;
9409;5567;impassable;0;0;
9409;5568;impassable;0;0;
9409;5569;impassable;0;0;
9409;5570;impassable;0;0;
9409;5571;impassable;0;0;
9409;5580;impassable;0;0;
9409;5747;impassable;0;0;
9409;5749;impassable;0;0;
9410;2457;impassable;0;0;
9410;2541;impassable;0;0;
9410;2542;impassable;0;0;
9410;2543;impassable;0;0;
9410;2544;impassable;0;0;
9410;2645;impassable;0;0;
9410;2646;impassable;0;0;
9410;2670;impassable;0;0;
9410;2672;impassable;0;0;
9410;2673;impassable;0;0;
9410;2674;impassable;0;0;
9410;2677;impassable;0;0;
9410;2678;impassable;0;0;
9410;2679;impassable;0;0;
9410;9437;impassable;0;0;
9411;6549;impassable;0;0;
9411;6555;impassable;0;0;
9411;6556;impassable;0;0;
9411;6562;impassable;0;0;
9412;3406;impassable;0;0;
9412;3958;impassable;0;0;
9412;3959;impassable;0;0;
9412;3960;impassable;0;0;
9412;3961;impassable;0;0;
9412;3962;impassable;0;0;
9412;3963;impassable;0;0;
9413;3430;impassable;0;0;
9413;3431;impassable;0;0;
9413;3917;impassable;0;0;
9413;3937;impassable;0;0;
9413;3939;impassable;0;0;
9414;5120;impassable;0;0;
9414;5121;impassable;0;0;
9415;266;impassable;0;0;
9415;270;impassable;0;0;
9415;352;impassable;0;0;
9415;397;impassable;0;0;
9415;398;impassable;0;0;
9415;399;impassable;0;0;
9415;400;impassable;0;0;
9415;414;impassable;0;0;
9415;415;impassable;0;0;
9416;975;impassable;0;0;
9416;976;impassable;0;0;
9416;986;impassable;0;0;
9417;1392;impassable;0;0;
9417;1394;impassable;0;0;
9417;1556;impassable;0;0;
9417;1557;impassable;0;0;
9418;1039;impassable;0;0;
9418;9557;impassable;0;0;
9419;5887;impassable;0;0;
9419;5889;impassable;0;0;
9419;5890;impassable;0;0;
9419;6102;impassable;0;0;
9419;6103;impassable;0;0;
9419;6104;impassable;0;0;
9420;5462;impassable;0;0;
9420;5474;impassable;0;0;
9420;5475;impassable;0;0;
9420;5488;impassable;0;0;
9420;5563;impassable;0;0;
9420;5564;impassable;0;0;
9420;5565;impassable;0;0;
9420;5614;impassable;0;0;
9420;5747;impassable;0;0;
9420;5748;impassable;0;0;
9420;5749;impassable;0;0;
9420;7527;impassable;0;0;
9420;9447;impassable;0;0;
9420;9641;impassable;0;0;
9421;3126;impassable;0;0;
9421;3127;impassable;0;0;
9421;3130;impassable;0;0;
9421;3450;impassable;0;0;
9421;3451;impassable;0;0;
9421;3453;impassable;0;0;
9421;3454;impassable;0;0;
9421;3463;impassable;0;0;
9421;3496;impassable;0;0;
9421;3498;impassable;0;0;
9421;3499;impassable;0;0;
9421;3500;impassable;0;0;
9421;3505;impassable;0;0;
9421;3506;impassable;0;0;
9421;3507;impassable;0;0;
9421;3509;impassable;0;0;
9421;3518;impassable;0;0;
9421;3519;impassable;0;0;
9421;3520;impassable;0;0;
9421;3525;impassable;0;0;
9421;3536;impassable;0;0;
9421;3537;impassable;0;0;
9421;3555;impassable;0;0;
9421;3569;impassable;0;0;
9421;3572;impassable;0;0;
9421;3710;impassable;0;0;
9421;3711;impassable;0;0;
9421;3712;impassable;0;0;
9421;3935;impassable;0;0;
9421;3936;impassable;0;0;
9421;3938;impassable;0;0;
9421;3953;impassable;0;0;
9421;3971;impassable;0;0;
9421;3972;impassable;0;0;
9422;4951;impassable;0;0;
9422;4953;impassable;0;0;
9422;4954;impassable;0;0;
9422;4955;impassable;0;0;
9423;6680;impassable;0;0;
9423;6681;impassable;0;0;
9423;6682;impassable;0;0;
9423;6792;impassable;0;0;
9423;6793;impassable;0;0;
9423;6795;impassable;0;0;
9424;1010;impassable;0;0;
9425;5883;impassable;0;0;
9425;5884;impassable;0;0;
9425;5885;impassable;0;0;
9425;5960;impassable;0;0;
9425;5962;impassable;0;0;
9425;5964;impassable;0;0;
9425;6105;impassable;0;0;
9425;9538;impassable;0;0;
9426;5921;impassable;0;0;
9426;5922;impassable;0;0;
9426;5923;impassable;0;0;
9426;6060;impassable;0;0;
9426;6061;impassable;0;0;
9426;6062;impassable;0;0;
9426;6063;impassable;0;0;
9426;9601;impassable;0;0;
9427;324;impassable;0;0;
9427;325;impassable;0;0;
9427;326;impassable;0;0;
9427;327;impassable;0;0;
9427;567;impassable;0;0;
9428;5467;impassable;0;0;
9428;5468;impassable;0;0;
9428;5469;impassable;0;0;
9428;5471;impassable;0;0;
9428;5570;impassable;0;0;
9428;5571;impassable;0;0;
9428;5576;impassable;0;0;
9429;5873;impassable;0;0;
9429;5874;impassable;0;0;
9429;6132;impassable;0;0;
9429;6133;impassable;0;0;
9429;6136;impassable;0;0;
9429;6146;impassable;0;0;
9429;6147;impassable;0;0;
9429;6148;impassable;0;0;
9429;7492;impassable;0;0;
9430;3255;impassable;0;0;
9430;3256;impassable;0;0;
9430;3259;impassable;0;0;
9430;3609;impassable;0;0;
9430;3610;impassable;0;0;
9430;3615;impassable;0;0;
9430;3626;impassable;0;0;
9430;3630;impassable;0;0;
9430;9692;impassable;0;0;
9431;2858;impassable;0;0;
9431;2960;impassable;0;0;
9431;2961;impassable;0;0;
9432;976;impassable;0;0;
9432;977;impassable;0;0;
9432;978;impassable;0;0;
9432;983;impassable;0;0;
9432;984;impassable;0;0;
9432;985;impassable;0;0;
9432;986;impassable;0;0;
9432;990;impassable;0;0;
9432;991;impassable;0;0;
9432;992;impassable;0;0;
9432;994;impassable;0;0;
9432;995;impassable;0;0;
9432;996;impassable;0;0;
9432;997;impassable;0;0;
9432;1002;impassable;0;0;
9432;1003;impassable;0;0;
9432;1004;impassable;0;0;
9432;1005;impassable;0;0;
9432;1006;impassable;0;0;
9432;1016;impassable;0;0;
9432;1017;impassable;0;0;
9432;1021;impassable;0;0;
9432;1023;impassable;0;0;
9432;1024;impassable;0;0;
9432;1025;impassable;0;0;
9432;1026;impassable;0;0;
9432;1030;impassable;0;0;
9432;1031;impassable;0;0;
9432;1032;impassable;0;0;
9432;1036;impassable;0;0;
9432;1037;impassable;0;0;
9432;1039;impassable;0;0;
9432;1041;impassable;0;0;
9432;1048;impassable;0;0;
9432;1049;impassable;0;0;
9432;1050;impassable;0;0;
9432;1051;impassable;0;0;
9432;1052;impassable;0;0;
9432;1053;impassable;0;0;
9432;1054;impassable;0;0;
9432;1055;impassable;0;0;
9432;1056;impassable;0;0;
9432;1058;impassable;0;0;
9432;9557;impassable;0;0;
9432;9662;impassable;0;0;
9433;2555;impassable;0;0;
9433;2557;impassable;0;0;
9433;2559;impassable;0;0;
9433;2604;impassable;0;0;
9433;2607;impassable;0;0;
9433;2688;impassable;0;0;
9433;2689;impassable;0;0;
9433;2690;impassable;0;0;
9433;2707;impassable;0;0;
9433;2708;impassable;0;0;
9433;2709;impassable;0;0;
9433;2710;impassable;0;0;
9433;2732;impassable;0;0;
9434;4643;impassable;0;0;
9434;4644;impassable;0;0;
9434;4645;impassable;0;0;
9434;4646;impassable;0;0;
9435;5338;impassable;0;0;
9435;5339;impassable;0;0;
9435;5340;impassable;0;0;
9435;5343;impassable;0;0;
9435;5501;impassable;0;0;
9435;5699;impassable;0;0;
9435;5700;impassable;0;0;
9435;5702;impassable;0;0;
9435;5703;impassable;0;0;
9435;5785;impassable;0;0;
9435;5786;impassable;0;0;
9435;5795;impassable;0;0;
9435;5798;impassable;0;0;
9435;9534;impassable;0;0;
9435;9638;impassable;0;0;
9435;9678;impassable;0;0;
9437;2543;impassable;0;0;
9437;2586;impassable;0;0;
9437;2587;impassable;0;0;
9437;2588;impassable;0;0;
9437;2594;impassable;0;0;
9437;2595;impassable;0;0;
9437;2596;impassable;0;0;
9437;2645;impassable;0;0;
9437;2651;impassable;0;0;
9438;5368;impassable;0;0;
9438;5753;impassable;0;0;
9438;5754;impassable;0;0;
9438;5755;impassable;0;0;
9438;5756;impassable;0;0;
9438;5758;impassable;0;0;
9438;5759;impassable;0;0;
9438;5760;impassable;0;0;
9438;5936;impassable;0;0;
9438;5937;impassable;0;0;
9438;5938;impassable;0;0;
9438;6068;impassable;0;0;
9438;8932;impassable;0;0;
9439;76;impassable;0;0;
9439;77;impassable;0;0;
9439;78;impassable;0;0;
9439;79;impassable;0;0;
9439;80;impassable;0;0;
9439;81;impassable;0;0;
9439;82;impassable;0;0;
9439;83;impassable;0;0;
9439;86;impassable;0;0;
9439;95;impassable;0;0;
9439;97;impassable;0;0;
9439;98;impassable;0;0;
9440;1843;impassable;0;0;
9440;1846;impassable;0;0;
9440;1853;impassable;0;0;
9440;1854;impassable;0;0;
9440;1855;impassable;0;0;
9440;1857;impassable;0;0;
9440;1860;impassable;0;0;
9440;1861;impassable;0;0;
9441;208;impassable;0;0;
9441;209;impassable;0;0;
9441;210;impassable;0;0;
9441;298;impassable;0;0;
9441;299;impassable;0;0;
9441;301;impassable;0;0;
9441;420;impassable;0;0;
9441;421;impassable;0;0;
9441;490;impassable;0;0;
9441;7648;impassable;0;0;
9442;6724;impassable;0;0;
9442;6725;impassable;0;0;
9442;6726;impassable;0;0;
9443;7972;impassable;0;0;
9443;7973;impassable;0;0;
9443;8039;impassable;0;0;
9443;8040;impassable;0;0;
9443;8043;impassable;0;0;
9443;8102;impassable;0;0;
9443;8105;impassable;0;0;
9443;8106;impassable;0;0;
9443;8109;impassable;0;0;
9443;8603;impassable;0;0;
9443;8828;impassable;0;0;
9443;8829;impassable;0;0;
9443;8830;impassable;0;0;
9443;8831;impassable;0;0;
9443;9469;impassable;0;0;
9444;1477;impassable;0;0;
9444;1478;impassable;0;0;
9444;1479;impassable;0;0;
9444;1480;impassable;0;0;
9444;1481;impassable;0;0;
9444;1482;impassable;0;0;
9444;1483;impassable;0;0;
9444;1484;impassable;0;0;
9444;1485;impassable;0;0;
9444;1487;impassable;0;0;
9445;6170;impassable;0;0;
9445;6171;impassable;0;0;
9445;6172;impassable;0;0;
9445;6189;impassable;0;0;
9445;6271;impassable;0;0;
9445;6520;impassable;0;0;
9445;6521;impassable;0;0;
9445;9633;impassable;0;0;
9445;9659;impassable;0;0;
9446;3205;impassable;0;0;
9446;3206;impassable;0;0;
9446;3207;impassable;0;0;
9446;3604;impassable;0;0;
9446;3605;impassable;0;0;
9447;5485;impassable;0;0;
9447;5486;impassable;0;0;
9447;5487;impassable;0;0;
9447;5488;impassable;0;0;
9447;5614;impassable;0;0;
9447;5616;impassable;0;0;
9447;5617;impassable;0;0;
9448;2618;impassable;0;0;
9448;2619;impassable;0;0;
9448;2620;impassable;0;0;
9448;2790;impassable;0;0;
9448;2791;impassable;0;0;
9448;2792;impassable;0;0;
9448;2808;impassable;0;0;
9448;2809;impassable;0;0;
9448;2810;impassable;0;0;
9448;2811;impassable;0;0;
9448;2812;impassable;0;0;
9448;2813;impassable;0;0;
9448;2814;impassable;0;0;
9448;2815;impassable;0;0;
9448;2825;impassable;0;0;
9448;2827;impassable;0;0;
9448;2828;impassable;0;0;
9448;2830;impassable;0;0;
9448;2831;impassable;0;0;
9448;2832;impassable;0;0;
9448;2833;impassable;0;0;
9448;2835;impassable;0;0;
9448;2836;impassable;0;0;
9448;2837;impassable;0;0;
9448;2838;impassable;0;0;
9448;2839;impassable;0;0;
9448;2840;impassable;0;0;
9448;2841;impassable;0;0;
9448;2845;impassable;0;0;
9448;2846;impassable;0;0;
9448;2849;impassable;0;0;
9448;2851;impassable;0;0;
9448;2852;impassable;0;0;
9448;2853;impassable;0;0;
9448;2854;impassable;0;0;
9448;2855;impassable;0;0;
9448;2856;impassable;0;0;
9448;2857;impassable;0;0;
9448;2858;impassable;0;0;
9448;2859;impassable;0;0;
9448;2860;impassable;0;0;
9448;2861;impassable;0;0;
9448;2862;impassable;0;0;
9448;2868;impassable;0;0;
9448;2869;impassable;0;0;
9448;2870;impassable;0;0;
9448;2877;impassable;0;0;
9448;2880;impassable;0;0;
9448;2881;impassable;0;0;
9448;2882;impassable;0;0;
9448;2883;impassable;0;0;
9448;2884;impassable;0;0;
9448;2885;impassable;0;0;
9448;2886;impassable;0;0;
9448;2887;impassable;0;0;
9448;2889;impassable;0;0;
9448;2891;impassable;0;0;
9448;2892;impassable;0;0;
9448;2893;impassable;0;0;
9448;2905;impassable;0;0;
9448;2906;impassable;0;0;
9448;2908;impassable;0;0;
9448;2909;impassable;0;0;
9448;2914;impassable;0;0;
9448;2915;impassable;0;0;
9448;2916;impassable;0;0;
9448;2917;impassable;0;0;
9448;2919;impassable;0;0;
9448;2920;impassable;0;0;
9448;2921;impassable;0;0;
9448;2922;impassable;0;0;
9448;2923;impassable;0;0;
9448;2927;impassable;0;0;
9448;2928;impassable;0;0;
9448;2929;impassable;0;0;
9448;2930;impassable;0;0;
9448;2931;impassable;0;0;
9448;2933;impassable;0;0;
9448;2934;impassable;0;0;
9448;2937;impassable;0;0;
9448;2938;impassable;0;0;
9448;2939;impassable;0;0;
9448;2940;impassable;0;0;
9448;2943;impassable;0;0;
9448;2944;impassable;0;0;
9448;2947;impassable;0;0;
9448;2953;impassable;0;0;
9448;2954;impassable;0;0;
9448;2956;impassable;0;0;
9448;2957;impassable;0;0;
9448;2960;impassable;0;0;
9448;2961;impassable;0;0;
9448;2962;impassable;0;0;
9448;2964;impassable;0;0;
9448;2965;impassable;0;0;
9448;2966;impassable;0;0;
9448;2967;impassable;0;0;
9448;2968;impassable;0;0;
9448;2969;impassable;0;0;
9448;2977;impassable;0;0;
9448;2979;impassable;0;0;
9448;2980;impassable;0;0;
9448;2981;impassable;0;0;
9448;2982;impassable;0;0;
9448;2983;impassable;0;0;
9448;2984;impassable;0;0;
9448;2985;impassable;0;0;
9448;2986;impassable;0;0;
9448;2991;impassable;0;0;
9448;2992;impassable;0;0;
9448;2993;impassable;0;0;
9448;2994;impassable;0;0;
9448;2995;impassable;0;0;
9448;3003;impassable;0;0;
9448;3009;impassable;0;0;
9448;3010;impassable;0;0;
9448;3011;impassable;0;0;
9448;3012;impassable;0;0;
9448;3013;impassable;0;0;
9448;3014;impassable;0;0;
9448;3016;impassable;0;0;
9448;3019;impassable;0;0;
9448;3020;impassable;0;0;
9448;3021;impassable;0;0;
9448;3036;impassable;0;0;
9448;3038;impassable;0;0;
9448;3039;impassable;0;0;
9448;3040;impassable;0;0;
9448;3042;impassable;0;0;
9448;3043;impassable;0;0;
9448;3044;impassable;0;0;
9448;3056;impassable;0;0;
9448;3059;impassable;0;0;
9448;3061;impassable;0;0;
9448;3070;impassable;0;0;
9448;3071;impassable;0;0;
9448;3072;impassable;0;0;
9448;3078;impassable;0;0;
9448;3079;impassable;0;0;
9448;3091;impassable;0;0;
9448;3093;impassable;0;0;
9448;3094;impassable;0;0;
9448;3095;impassable;0;0;
9448;3097;impassable;0;0;
9448;3101;impassable;0;0;
9448;3102;impassable;0;0;
9448;3103;impassable;0;0;
9448;3104;impassable;0;0;
9448;3108;impassable;0;0;
9448;3109;impassable;0;0;
9448;3110;impassable;0;0;
9448;3111;impassable;0;0;
9448;3112;impassable;0;0;
9448;3113;impassable;0;0;
9448;3114;impassable;0;0;
9448;3115;impassable;0;0;
9448;3116;impassable;0;0;
9448;3117;impassable;0;0;
9448;3119;impassable;0;0;
9448;3120;impassable;0;0;
9448;3121;impassable;0;0;
9448;4645;impassable;0;0;
9448;4647;impassable;0;0;
9448;5080;impassable;0;0;
9448;5120;impassable;0;0;
9448;5121;impassable;0;0;
9449;4822;impassable;0;0;
9449;4823;impassable;0;0;
9449;4824;impassable;0;0;
9449;4825;impassable;0;0;
9449;4826;impassable;0;0;
9450;2447;impassable;0;0;
9450;2448;impassable;0;0;
9450;2449;impassable;0;0;
9450;2450;impassable;0;0;
9450;2451;impassable;0;0;
9451;2119;impassable;0;0;
9451;2120;impassable;0;0;
9451;2122;impassable;0;0;
9451;2123;impassable;0;0;
9451;2125;impassable;0;0;
9451;2126;impassable;0;0;
9451;2128;impassable;0;0;
9451;2130;impassable;0;0;
9451;2135;impassable;0;0;
9451;8721;impassable;0;0;
9452;3126;impassable;0;0;
9452;3128;impassable;0;0;
9452;3553;impassable;0;0;
9452;3554;impassable;0;0;
9452;3555;impassable;0;0;
9452;3965;impassable;0;0;
9452;3966;impassable;0;0;
9453;6390;impassable;0;0;
9453;6517;impassable;0;0;
9453;6519;impassable;0;0;
9453;6523;impassable;0;0;
9453;6524;impassable;0;0;
9453;6525;impassable;0;0;
9454;1383;impassable;0;0;
9454;1384;impassable;0;0;
9454;1398;impassable;0;0;
9454;1400;impassable;0;0;
9455;4744;impassable;0;0;
9455;4745;impassable;0;0;
9455;4746;impassable;0;0;
9455;4747;impassable;0;0;
9455;4748;impassable;0;0;
9455;4819;impassable;0;0;
9456;1302;impassable;0;0;
9456;1303;impassable;0;0;
9456;1304;impassable;0;0;
9456;1341;impassable;0;0;
9456;1342;impassable;0;0;
9456;1344;impassable;0;0;
9456;1345;impassable;0;0;
9457;5723;impassable;0;0;
9457;5801;impassable;0;0;
9457;5802;impassable;0;0;
9457;5806;impassable;0;0;
9457;5807;impassable;0;0;
9457;5821;impassable;0;0;
9457;5823;impassable;0;0;
9458;6793;impassable;0;0;
9458;6794;impassable;0;0;
9458;6795;impassable;0;0;
9458;6804;impassable;0;0;
9458;6805;impassable;0;0;
9458;6806;impassable;0;0;
9458;6821;impassable;0;0;
9459;3126;impassable;0;0;
9459;3127;impassable;0;0;
9459;3128;impassable;0;0;
9459;3129;impassable;0;0;
9460;1004;impassable;0;0;
9461;1792;impassable;0;0;
9461;1793;impassable;0;0;
9461;1803;impassable;0;0;
9461;1804;impassable;0;0;
9461;1805;impassable;0;0;
9461;1812;impassable;0;0;
9461;1813;impassable;0;0;
9461;1814;impassable;0;0;
9462;6815;impassable;0;0;
9462;6816;impassable;0;0;
9462;6817;impassable;0;0;
9462;6818;impassable;0;0;
9463;2591;impassable;0;0;
9463;2593;impassable;0;0;
9463;2622;impassable;0;0;
9463;2623;impassable;0;0;
9463;2653;impassable;0;0;
9464;9630;impassable;0;0;
9465;5351;impassable;0;0;
9465;5365;impassable;0;0;
9465;5368;impassable;0;0;
9465;5370;impassable;0;0;
9465;5373;impassable;0;0;
9465;5388;impassable;0;0;
9465;5391;impassable;0;0;
9465;5392;impassable;0;0;
9465;5760;impassable;0;0;
9465;5764;impassable;0;0;
9465;5765;impassable;0;0;
9465;5766;impassable;0;0;
9466;3662;impassable;0;0;
9466;3663;impassable;0;0;
9466;3664;impassable;0;0;
9466;3665;impassable;0;0;
9466;3667;impassable;0;0;
9466;3668;impassable;0;0;
9467;3402;impassable;0;0;
9467;3404;impassable;0;0;
9467;3406;impassable;0;0;
9467;3432;impassable;0;0;
9467;3958;impassable;0;0;
9468;379;impassable;0;0;
9468;380;impassable;0;0;
9468;381;impassable;0;0;
9468;424;impassable;0;0;
9468;425;impassable;0;0;
9468;427;impassable;0;0;
9468;459;impassable;0;0;
9468;460;impassable;0;0;
9469;7326;impassable;0;0;
9469;7857;impassable;0;0;
9469;7965;impassable;0;0;
9469;7966;impassable;0;0;
9469;7967;impassable;0;0;
9469;7968;impassable;0;0;
9469;7969;impassable;0;0;
9469;8066;impassable;0;0;
9469;8069;impassable;0;0;
9469;8080;impassable;0;0;
9469;8083;impassable;0;0;
9469;8729;impassable;0;0;
9469;8733;impassable;0;0;
9469;8734;impassable;0;0;
9469;8735;impassable;0;0;
9469;8736;impassable;0;0;
9469;8831;impassable;0;0;
9469;9544;impassable;0;0;
9470;6715;impassable;0;0;
9470;6716;impassable;0;0;
9470;6717;impassable;0;0;
9470;6718;impassable;0;0;
9471;198;impassable;0;0;
9471;311;impassable;0;0;
9471;312;impassable;0;0;
9471;313;impassable;0;0;
9471;358;impassable;0;0;
9471;370;impassable;0;0;
9471;371;impassable;0;0;
9472;6750;impassable;0;0;
9472;6818;impassable;0;0;
9472;6819;impassable;0;0;
9473;1319;impassable;0;0;
9473;1320;impassable;0;0;
9473;1321;impassable;0;0;
9473;1322;impassable;0;0;
9473;1323;impassable;0;0;
9473;1328;impassable;0;0;
9473;1329;impassable;0;0;
9473;1330;impassable;0;0;
9474;5534;impassable;0;0;
9474;5611;impassable;0;0;
9474;5612;impassable;0;0;
9474;5620;impassable;0;0;
9475;804;impassable;0;0;
9475;805;impassable;0;0;
9475;806;impassable;0;0;
9475;812;impassable;0;0;
9475;815;impassable;0;0;
9475;816;impassable;0;0;
9475;817;impassable;0;0;
9475;819;impassable;0;0;
9475;821;impassable;0;0;
9476;2466;impassable;0;0;
9476;2592;impassable;0;0;
9476;2593;impassable;0;0;
9476;2623;impassable;0;0;
9476;2631;impassable;0;0;
9476;2810;impassable;0;0;
9476;2999;impassable;0;0;
9476;3070;impassable;0;0;
9476;3071;impassable;0;0;
9476;9661;impassable;0;0;
9477;9502;impassable;0;0;
9478;6400;impassable;0;0;
9478;6401;impassable;0;0;
9478;6402;impassable;0;0;
9478;6549;impassable;0;0;
9478;6551;impassable;0;0;
9478;6552;impassable;0;0;
9478;6556;impassable;0;0;
9479;2905;impassable;0;0;
9479;2908;impassable;0;0;
9479;2909;impassable;0;0;
9479;2918;impassable;0;0;
9479;2985;impassable;0;0;
9479;2986;impassable;0;0;
9480;2538;impassable;0;0;
9480;2554;impassable;0;0;
9480;2783;impassable;0;0;
9480;2784;impassable;0;0;
9480;2785;impassable;0;0;
9481;434;impassable;0;0;
9481;435;impassable;0;0;
9481;442;impassable;0;0;
9481;445;impassable;0;0;
9482;1740;impassable;0;0;
9482;1741;impassable;0;0;
9482;1742;impassable;0;0;
9482;1743;impassable;0;0;
9482;1744;impassable;0;0;
9482;1745;impassable;0;0;
9482;1746;impassable;0;0;
9484;9630;impassable;0;0;
9485;6200;impassable;0;0;
9485;6201;impassable;0;0;
9485;6202;impassable;0;0;
9485;6214;impassable;0;0;
9485;6264;impassable;0;0;
9485;6265;impassable;0;0;
9485;6283;impassable;0;0;
9485;9626;impassable;0;0;
9486;206;impassable;0;0;
9486;266;impassable;0;0;
9486;267;impassable;0;0;
9486;268;impassable;0;0;
9486;269;impassable;0;0;
9486;383;impassable;0;0;
9486;385;impassable;0;0;
9486;414;impassable;0;0;
9486;416;impassable;0;0;
9486;485;impassable;0;0;
9486;489;impassable;0;0;
9486;6974;impassable;0;0;
9487;1747;impassable;0;0;
9487;1748;impassable;0;0;
9487;1749;impassable;0;0;
9487;1750;impassable;0;0;
9487;1752;impassable;0;0;
9487;1754;impassable;0;0;
9487;1755;impassable;0;0;
9487;1756;impassable;0;0;
9487;1757;impassable;0;0;
9487;1758;impassable;0;0;
9488;1625;impassable;0;0;
9488;1626;impassable;0;0;
9488;1627;impassable;0;0;
9488;1630;impassable;0;0;
9488;1631;impassable;0;0;
9488;1633;impassable;0;0;
9488;1634;impassable;0;0;
9488;1636;impassable;0;0;
9488;1637;impassable;0;0;
9488;1639;impassable;0;0;
9488;1641;impassable;0;0;
9489;1186;impassable;0;0;
9489;1188;impassable;0;0;
9489;1189;impassable;0;0;
9489;1193;impassable;0;0;
9489;1194;impassable;0;0;
9490;2316;impassable;0;0;
9490;2317;impassable;0;0;
9490;2323;impassable;0;0;
9490;2324;impassable;0;0;
9490;2326;impassable;0;0;
9490;2327;impassable;0;0;
9490;2349;impassable;0;0;
9490;2350;impassable;0;0;
9490;2352;impassable;0;0;
9490;2353;impassable;0;0;
9490;2355;impassable;0;0;
9490;2356;impassable;0;0;
9490;2357;impassable;0;0;
9490;9698;impassable;0;0;
9491;1767;impassable;0;0;
9491;1768;impassable;0;0;
9491;1769;impassable;0;0;
9491;1770;impassable;0;0;
9491;1771;impassable;0;0;
9491;1772;impassable;0;0;
9491;2033;impassable;0;0;
9491;2034;impassable;0;0;
9491;2035;impassable;0;0;
9491;2041;impassable;0;0;
9491;2042;impassable;0;0;
9492;1028;impassable;0;0;
9493;5445;impassable;0;0;
9493;5736;impassable;0;0;
9493;5737;impassable;0;0;
9493;5738;impassable;0;0;
9493;5739;impassable;0;0;
9493;5740;impassable;0;0;
9494;3543;impassable;0;0;
9494;3544;impassable;0;0;
9494;3968;impassable;0;0;
9494;3969;impassable;0;0;
9494;3970;impassable;0;0;
9494;3996;impassable;0;0;
9495;991;impassable;0;0;
9495;992;impassable;0;0;
9495;993;impassable;0;0;
9495;995;impassable;0;0;
9496;231;impassable;0;0;
9496;232;impassable;0;0;
9496;233;impassable;0;0;
9496;337;impassable;0;0;
9496;338;impassable;0;0;
9496;339;impassable;0;0;
9496;340;impassable;0;0;
9497;225;impassable;0;0;
9497;237;impassable;0;0;
9497;238;impassable;0;0;
9497;353;impassable;0;0;
9497;396;impassable;0;0;
9497;410;impassable;0;0;
9497;411;impassable;0;0;
9498;240;impassable;0;0;
9498;241;impassable;0;0;
9498;242;impassable;0;0;
9498;325;impassable;0;0;
9498;326;impassable;0;0;
9498;517;impassable;0;0;
9498;518;impassable;0;0;
9498;519;impassable;0;0;
9498;520;impassable;0;0;
9499;993;impassable;0;0;
9499;995;impassable;0;0;
9500;6553;impassable;0;0;
9500;6554;impassable;0;0;
9500;6558;impassable;0;0;
9500;6559;impassable;0;0;
9500;6562;impassable;0;0;
9501;4704;impassable;0;0;
9501;4705;impassable;0;0;
9501;4707;impassable;0;0;
9501;4737;impassable;0;0;
9501;4754;impassable;0;0;
9501;4755;impassable;0;0;
9501;4756;impassable;0;0;
9501;4768;impassable;0;0;
9501;4769;impassable;0;0;
9501;4770;impassable;0;0;
9502;9604;impassable;0;0;
9502;9652;impassable;0;0;
9503;3194;impassable;0;0;
9503;3388;impassable;0;0;
9503;3841;impassable;0;0;
9503;3842;impassable;0;0;
9503;3851;impassable;0;0;
9503;3852;impassable;0;0;
9503;3854;impassable;0;0;
9503;3856;impassable;0;0;
9503;3857;impassable;0;0;
9503;3858;impassable;0;0;
9503;3859;impassable;0;0;
9503;3861;impassable;0;0;
9504;2989;impassable;0;0;
9504;2990;impassable;0;0;
9504;2991;impassable;0;0;
9504;2992;impassable;0;0;
9505;3252;impassable;0;0;
9505;3253;impassable;0;0;
9505;3265;impassable;0;0;
9505;3266;impassable;0;0;
9505;3269;impassable;0;0;
9505;3622;impassable;0;0;
9505;3623;impassable;0;0;
9505;3624;impassable;0;0;
9505;3625;impassable;0;0;
9506;3489;impassable;0;0;
9506;3492;impassable;0;0;
9506;3854;impassable;0;0;
9506;3861;impassable;0;0;
9506;3862;impassable;0;0;
9506;3866;impassable;0;0;
9506;3869;impassable;0;0;
9506;3872;impassable;0;0;
9506;3873;impassable;0;0;
9506;3875;impassable;0;0;
9507;2476;impassable;0;0;
9507;2477;impassable;0;0;
9507;2478;impassable;0;0;
9507;2479;impassable;0;0;
9507;2480;impassable;0;0;
9508;712;impassable;0;0;
9508;713;impassable;0;0;
9508;717;impassable;0;0;
9508;719;impassable;0;0;
9508;720;impassable;0;0;
9509;5355;impassable;0;0;
9509;5358;impassable;0;0;
9509;5359;impassable;0;0;
9509;5396;impassable;0;0;
9509;5421;impassable;0;0;
9509;5422;impassable;0;0;
9509;5423;impassable;0;0;
9510;5924;impassable;0;0;
9510;5965;impassable;0;0;
9510;6045;impassable;0;0;
9510;6046;impassable;0;0;
9510;9709;impassable;0;0;
9511;5407;impassable;0;0;
9511;5410;impassable;0;0;
9511;5667;impassable;0;0;
9511;5668;impassable;0;0;
9511;5669;impassable;0;0;
9511;5670;impassable;0;0;
9512;5299;impassable;0;0;
9512;5573;impassable;0;0;
9512;5577;impassable;0;0;
9512;5578;impassable;0;0;
9512;5579;impassable;0;0;
9512;5586;impassable;0;0;
9512;5587;impassable;0;0;
9512;5588;impassable;0;0;
9512;5589;impassable;0;0;
9512;5590;impassable;0;0;
9512;5600;impassable;0;0;
9512;5603;impassable;0;0;
9513;6831;impassable;0;0;
9513;6832;impassable;0;0;
9513;6833;impassable;0;0;
9514;1984;impassable;0;0;
9514;1985;impassable;0;0;
9514;1986;impassable;0;0;
9514;1987;impassable;0;0;
9514;1988;impassable;0;0;
9514;1989;impassable;0;0;
9514;1990;impassable;0;0;
9514;1991;impassable;0;0;
9514;1992;impassable;0;0;
9514;8875;impassable;0;0;
9515;6372;impassable;0;0;
9515;6373;impassable;0;0;
9515;6375;impassable;0;0;
9515;6378;impassable;0;0;
9515;6379;impassable;0;0;
9515;6381;impassable;0;0;
9515;6510;impassable;0;0;
9516;1785;impassable;0;0;
9516;1786;impassable;0;0;
9516;1787;impassable;0;0;
9516;1788;impassable;0;0;
9516;1790;impassable;0;0;
9516;1794;impassable;0;0;
9516;1795;impassable;0;0;
9516;1796;impassable;0;0;
9516;1797;impassable;0;0;
9516;1798;impassable;0;0;
9517;2146;impassable;0;0;
9517;2150;impassable;0;0;
9517;2151;impassable;0;0;
9517;2230;impassable;0;0;
9517;2231;impassable;0;0;
9518;9604;impassable;0;0;
9518;9608;impassable;0;0;
9519;433;impassable;0;0;
9519;434;impassable;0;0;
9519;446;impassable;0;0;
9520;3440;impassable;0;0;
9520;3442;impassable;0;0;
9520;3509;impassable;0;0;
9520;3525;impassable;0;0;
9520;3527;impassable;0;0;
9520;3529;impassable;0;0;
9520;3949;impassable;0;0;
9520;3952;impassable;0;0;
9520;3953;impassable;0;0;
9521;4845;impassable;0;0;
9521;4847;impassable;0;0;
9521;5251;impassable;0;0;
9522;1812;impassable;0;0;
9522;1813;impassable;0;0;
9522;1815;impassable;0;0;
9522;1816;impassable;0;0;
9522;1817;impassable;0;0;
9522;1818;impassable;0;0;
9522;1819;impassable;0;0;
9522;1820;impassable;0;0;
9522;2108;impassable;0;0;
9522;2111;impassable;0;0;
9523;3261;impassable;0;0;
9523;3262;impassable;0;0;
9523;3663;impassable;0;0;
9523;3664;impassable;0;0;
9523;3668;impassable;0;0;
9523;3670;impassable;0;0;
9523;3671;impassable;0;0;
9523;3672;impassable;0;0;
9523;3673;impassable;0;0;
9523;3676;impassable;0;0;
9523;3677;impassable;0;0;
9523;3678;impassable;0;0;
9523;3679;impassable;0;0;
9524;6736;impassable;0;0;
9524;6737;impassable;0;0;
9524;6742;impassable;0;0;
9524;6743;impassable;0;0;
9525;4492;impassable;0;0;
9525;4837;impassable;0;0;
9525;4838;impassable;0;0;
9525;4839;impassable;0;0;
9525;4840;impassable;0;0;
9525;4863;impassable;0;0;
9525;4865;impassable;0;0;
9525;4866;impassable;0;0;
9525;4867;impassable;0;0;
9525;4911;impassable;0;0;
9525;4912;impassable;0;0;
9525;4913;impassable;0;0;
9526;1003;impassable;0;0;
9526;1004;impassable;0;0;
9526;1005;impassable;0;0;
9527;1789;impassable;0;0;
9527;1790;impassable;0;0;
9527;1792;impassable;0;0;
9527;1793;impassable;0;0;
9527;1794;impassable;0;0;
9527;1795;impassable;0;0;
9527;1814;impassable;0;0;
9527;1815;impassable;0;0;
9527;1837;impassable;0;0;
9527;1838;impassable;0;0;
9527;1839;impassable;0;0;
9527;1841;impassable;0;0;
9527;1844;impassable;0;0;
9527;1845;impassable;0;0;
9527;2108;impassable;0;0;
9527;2109;impassable;0;0;
9527;8076;impassable;0;0;
9528;1031;impassable;0;0;
9529;8158;impassable;0;0;
9529;8160;impassable;0;0;
9529;8162;impassable;0;0;
9529;8235;impassable;0;0;
9529;8236;impassable;0;0;
9529;8237;impassable;0;0;
9529;8238;impassable;0;0;
9529;8239;impassable;0;0;
9529;8240;impassable;0;0;
9529;8245;impassable;0;0;
9529;8246;impassable;0;0;
9529;8248;impassable;0;0;
9529;8664;impassable;0;0;
9529;8667;impassable;0;0;
9529;8668;impassable;0;0;
9529;8689;impassable;0;0;
9529;8690;impassable;0;0;
9529;8693;impassable;0;0;
9529;8844;impassable;0;0;
9529;8847;impassable;0;0;
9530;4603;impassable;0;0;
9530;5162;impassable;0;0;
9530;5165;impassable;0;0;
9530;5166;impassable;0;0;
9530;5171;impassable;0;0;
9531;5851;impassable;0;0;
9531;5854;impassable;0;0;
9531;6021;impassable;0;0;
9531;6022;impassable;0;0;
9531;6023;impassable;0;0;
9532;4770;impassable;0;0;
9532;5162;impassable;0;0;
9532;5166;impassable;0;0;
9533;389;impassable;0;0;
9533;390;impassable;0;0;
9533;391;impassable;0;0;
9533;406;impassable;0;0;
9534;5786;impassable;0;0;
9534;5787;impassable;0;0;
9534;5788;impassable;0;0;
9534;5798;impassable;0;0;
9535;3283;impassable;0;0;
9535;3294;impassable;0;0;
9535;3299;impassable;0;0;
9535;3726;impassable;0;0;
9536;230;impassable;0;0;
9536;315;impassable;0;0;
9536;316;impassable;0;0;
9536;433;impassable;0;0;
9536;434;impassable;0;0;
9537;2229;impassable;0;0;
9537;2232;impassable;0;0;
9537;2233;impassable;0;0;
9537;2234;impassable;0;0;
9537;2235;impassable;0;0;
9537;2239;impassable;0;0;
9537;2240;impassable;0;0;
9537;2252;impassable;0;0;
9537;2253;impassable;0;0;
9537;2254;impassable;0;0;
9537;2255;impassable;0;0;
9537;2256;impassable;0;0;
9537;2257;impassable;0;0;
9537;2258;impassable;0;0;
9537;2259;impassable;0;0;
9537;2272;impassable;0;0;
9537;2273;impassable;0;0;
9537;2274;impassable;0;0;
9537;2276;impassable;0;0;
9537;2277;impassable;0;0;
9537;7230;impassable;0;0;
9538;5960;impassable;0;0;
9538;5961;impassable;0;0;
9538;5962;impassable;0;0;
9538;5963;impassable;0;0;
9538;6084;impassable;0;0;
9538;6085;impassable;0;0;
9538;6106;impassable;0;0;
9538;8940;impassable;0;0;
9539;216;impassable;0;0;
9539;217;impassable;0;0;
9539;218;impassable;0;0;
9539;219;impassable;0;0;
9539;220;impassable;0;0;
9539;231;impassable;0;0;
9539;234;impassable;0;0;
9539;251;impassable;0;0;
9539;317;impassable;0;0;
9539;337;impassable;0;0;
9539;436;impassable;0;0;
9540;273;impassable;0;0;
9540;275;impassable;0;0;
9540;359;impassable;0;0;
9540;362;impassable;0;0;
9541;2437;impassable;0;0;
9541;2441;impassable;0;0;
9541;2444;impassable;0;0;
9541;2445;impassable;0;0;
9541;2446;impassable;0;0;
9541;2450;impassable;0;0;
9541;2451;impassable;0;0;
9541;2453;impassable;0;0;
9541;2454;impassable;0;0;
9541;2455;impassable;0;0;
9541;2456;impassable;0;0;
9541;2458;impassable;0;0;
9541;2461;impassable;0;0;
9541;2463;impassable;0;0;
9541;2464;impassable;0;0;
9541;2465;impassable;0;0;
9541;2466;impassable;0;0;
9541;2467;impassable;0;0;
9541;2468;impassable;0;0;
9541;2469;impassable;0;0;
9541;2470;impassable;0;0;
9541;2472;impassable;0;0;
9541;2476;impassable;0;0;
9541;2477;impassable;0;0;
9541;2481;impassable;0;0;
9541;2482;impassable;0;0;
9541;2484;impassable;0;0;
9541;2485;impassable;0;0;
9541;2489;impassable;0;0;
9541;2490;impassable;0;0;
9541;2491;impassable;0;0;
9541;2492;impassable;0;0;
9541;2493;impassable;0;0;
9541;2494;impassable;0;0;
9541;2497;impassable;0;0;
9541;2499;impassable;0;0;
9541;2500;impassable;0;0;
9541;2501;impassable;0;0;
9541;2502;impassable;0;0;
9541;2503;impassable;0;0;
9541;2504;impassable;0;0;
9541;2505;impassable;0;0;
9541;2506;impassable;0;0;
9541;2507;impassable;0;0;
9541;2508;impassable;0;0;
9541;2514;impassable;0;0;
9541;2515;impassable;0;0;
9541;2516;impassable;0;0;
9541;2517;impassable;0;0;
9541;2518;impassable;0;0;
9541;2519;impassable;0;0;
9541;2520;impassable;0;0;
9541;2523;impassable;0;0;
9541;2526;impassable;0;0;
9541;2528;impassable;0;0;
9541;2530;impassable;0;0;
9541;2531;impassable;0;0;
9541;2533;impassable;0;0;
9541;2535;impassable;0;0;
9541;2536;impassable;0;0;
9541;2537;impassable;0;0;
9541;2538;impassable;0;0;
9541;2539;impassable;0;0;
9541;2540;impassable;0;0;
9541;2541;impassable;0;0;
9541;2542;impassable;0;0;
9541;2543;impassable;0;0;
9541;2544;impassable;0;0;
9541;2545;impassable;0;0;
9541;2559;impassable;0;0;
9541;2560;impassable;0;0;
9541;2561;impassable;0;0;
9541;2562;impassable;0;0;
9541;2565;impassable;0;0;
9541;2567;impassable;0;0;
9541;2568;impassable;0;0;
9541;2569;impassable;0;0;
9541;2571;impassable;0;0;
9541;2573;impassable;0;0;
9541;2574;impassable;0;0;
9541;2575;impassable;0;0;
9541;2576;impassable;0;0;
9541;2582;impassable;0;0;
9541;2583;impassable;0;0;
9541;2584;impassable;0;0;
9541;2585;impassable;0;0;
9541;2588;impassable;0;0;
9541;2589;impassable;0;0;
9541;2590;impassable;0;0;
9541;2591;impassable;0;0;
9541;2592;impassable;0;0;
9541;2593;impassable;0;0;
9541;2595;impassable;0;0;
9541;2597;impassable;0;0;
9541;2598;impassable;0;0;
9541;2599;impassable;0;0;
9541;2600;impassable;0;0;
9541;2601;impassable;0;0;
9541;2602;impassable;0;0;
9541;2603;impassable;0;0;
9541;2604;impassable;0;0;
9541;2605;impassable;0;0;
9541;2606;impassable;0;0;
9541;2607;impassable;0;0;
9541;2609;impassable;0;0;
9541;2610;impassable;0;0;
9541;2612;impassable;0;0;
9541;2613;impassable;0;0;
9541;2614;impassable;0;0;
9541;2615;impassable;0;0;
9541;2616;impassable;0;0;
9541;2625;impassable;0;0;
9541;2626;impassable;0;0;
9541;2627;impassable;0;0;
9541;2628;impassable;0;0;
9541;2629;impassable;0;0;
9541;2630;impassable;0;0;
9541;2631;impassable;0;0;
9541;2632;impassable;0;0;
9541;2633;impassable;0;0;
9541;2634;impassable;0;0;
9541;2635;impassable;0;0;
9541;2636;impassable;0;0;
9541;2637;impassable;0;0;
9541;2638;impassable;0;0;
9541;2640;impassable;0;0;
9541;2641;impassable;0;0;
9541;2643;impassable;0;0;
9541;2644;impassable;0;0;
9541;2647;impassable;0;0;
9541;2648;impassable;0;0;
9541;2649;impassable;0;0;
9541;2651;impassable;0;0;
9541;2652;impassable;0;0;
9541;2655;impassable;0;0;
9541;2657;impassable;0;0;
9541;2658;impassable;0;0;
9541;2659;impassable;0;0;
9541;2661;impassable;0;0;
9541;2662;impassable;0;0;
9541;2664;impassable;0;0;
9541;2665;impassable;0;0;
9541;2666;impassable;0;0;
9541;2667;impassable;0;0;
9541;2668;impassable;0;0;
9541;2669;impassable;0;0;
9541;2671;impassable;0;0;
9541;2673;impassable;0;0;
9541;2675;impassable;0;0;
9541;2676;impassable;0;0;
9541;2677;impassable;0;0;
9541;2680;impassable;0;0;
9541;2681;impassable;0;0;
9541;2692;impassable;0;0;
9541;2693;impassable;0;0;
9541;2694;impassable;0;0;
9541;2696;impassable;0;0;
9541;2697;impassable;0;0;
9541;2698;impassable;0;0;
9541;2699;impassable;0;0;
9541;2700;impassable;0;0;
9541;2701;impassable;0;0;
9541;2702;impassable;0;0;
9541;2706;impassable;0;0;
9541;2707;impassable;0;0;
9541;2708;impassable;0;0;
9541;2709;impassable;0;0;
9541;2710;impassable;0;0;
9541;2711;impassable;0;0;
9541;2712;impassable;0;0;
9541;2716;impassable;0;0;
9541;2717;impassable;0;0;
9541;2718;impassable;0;0;
9541;2719;impassable;0;0;
9541;2720;impassable;0;0;
9541;2723;impassable;0;0;
9541;2724;impassable;0;0;
9541;2725;impassable;0;0;
9541;2726;impassable;0;0;
9541;2728;impassable;0;0;
9541;2730;impassable;0;0;
9541;2731;impassable;0;0;
9541;2732;impassable;0;0;
9541;2733;impassable;0;0;
9541;2734;impassable;0;0;
9541;2738;impassable;0;0;
9541;2739;impassable;0;0;
9541;2745;impassable;0;0;
9541;2746;impassable;0;0;
9541;2747;impassable;0;0;
9541;2748;impassable;0;0;
9541;2749;impassable;0;0;
9541;2750;impassable;0;0;
9541;2751;impassable;0;0;
9541;2752;impassable;0;0;
9541;2763;impassable;0;0;
9541;2764;impassable;0;0;
9541;2766;impassable;0;0;
9541;2767;impassable;0;0;
9541;2772;impassable;0;0;
9541;2773;impassable;0;0;
9541;2774;impassable;0;0;
9541;2775;impassable;0;0;
9541;2776;impassable;0;0;
9541;2777;impassable;0;0;
9541;2778;impassable;0;0;
9541;2779;impassable;0;0;
9541;2780;impassable;0;0;
9541;2781;impassable;0;0;
9541;2782;impassable;0;0;
9541;2783;impassable;0;0;
9541;2784;impassable;0;0;
9541;2785;impassable;0;0;
9541;2798;impassable;0;0;
9541;2979;impassable;0;0;
9542;3235;impassable;0;0;
9542;3300;impassable;0;0;
9542;3303;impassable;0;0;
9542;3669;impassable;0;0;
9542;3670;impassable;0;0;
9542;3671;impassable;0;0;
9542;3680;impassable;0;0;
9543;1034;impassable;0;0;
9543;1035;impassable;0;0;
9544;7307;impassable;0;0;
9544;7310;impassable;0;0;
9544;7312;impassable;0;0;
9544;7325;impassable;0;0;
9544;7326;impassable;0;0;
9544;8711;impassable;0;0;
9544;8712;impassable;0;0;
9544;8725;impassable;0;0;
9545;485;impassable;0;0;
9545;486;impassable;0;0;
9545;489;impassable;0;0;
9546;1764;impassable;0;0;
9546;1765;impassable;0;0;
9546;1767;impassable;0;0;
9546;1911;impassable;0;0;
9546;1912;impassable;0;0;
9546;1913;impassable;0;0;
9546;1914;impassable;0;0;
9546;2041;impassable;0;0;
9546;7331;impassable;0;0;
9547;5322;impassable;0;0;
9547;5325;impassable;0;0;
9547;5544;impassable;0;0;
9547;5582;impassable;0;0;
9547;5583;impassable;0;0;
9547;5619;impassable;0;0;
9547;5623;impassable;0;0;
9548;5453;impassable;0;0;
9548;5478;impassable;0;0;
9548;5479;impassable;0;0;
9548;5480;impassable;0;0;
9548;5714;impassable;0;0;
9548;5715;impassable;0;0;
9548;5716;impassable;0;0;
9548;5717;impassable;0;0;
9548;5742;impassable;0;0;
9548;5743;impassable;0;0;
9548;5824;impassable;0;0;
9548;5825;impassable;0;0;
9549;3223;impassable;0;0;
9549;3597;impassable;0;0;
9549;3602;impassable;0;0;
9549;9567;impassable;0;0;
9550;5866;impassable;0;0;
9550;5867;impassable;0;0;
9550;5868;impassable;0;0;
9550;6014;impassable;0;0;
9550;6015;impassable;0;0;
9550;6110;impassable;0;0;
9550;6111;impassable;0;0;
9551;5505;impassable;0;0;
9551;5515;impassable;0;0;
9551;5516;impassable;0;0;
9551;5631;impassable;0;0;
9551;5632;impassable;0;0;
9552;2538;impassable;0;0;
9552;2540;impassable;0;0;
9552;2566;impassable;0;0;
9552;2733;impassable;0;0;
9552;2734;impassable;0;0;
9552;2735;impassable;0;0;
9553;6171;impassable;0;0;
9553;6172;impassable;0;0;
9553;6173;impassable;0;0;
9553;6174;impassable;0;0;
9553;6518;impassable;0;0;
9554;5892;impassable;0;0;
9554;5893;impassable;0;0;
9554;5894;impassable;0;0;
9554;6107;impassable;0;0;
9554;6108;impassable;0;0;
9554;6114;impassable;0;0;
9554;6115;impassable;0;0;
9554;6117;impassable;0;0;
9554;6129;impassable;0;0;
9554;7493;impassable;0;0;
9555;5510;impassable;0;0;
9555;5511;impassable;0;0;
9555;5513;impassable;0;0;
9555;5639;impassable;0;0;
9555;5641;impassable;0;0;
9555;5644;impassable;0;0;
9555;5645;impassable;0;0;
9555;5646;impassable;0;0;
9556;5841;impassable;0;0;
9556;5842;impassable;0;0;
9556;5843;impassable;0;0;
9556;5844;impassable;0;0;
9556;8347;impassable;0;0;
9556;8350;impassable;0;0;
9557;1031;impassable;0;0;
9557;1032;impassable;0;0;
9557;1033;impassable;0;0;
9557;1039;impassable;0;0;
9557;1040;impassable;0;0;
9557;1041;impassable;0;0;
9557;1043;impassable;0;0;
9557;1044;impassable;0;0;
9557;1046;impassable;0;0;
9557;1047;impassable;0;0;
9557;1048;impassable;0;0;
9557;1049;impassable;0;0;
9557;1051;impassable;0;0;
9557;1052;impassable;0;0;
9557;1053;impassable;0;0;
9557;1054;impassable;0;0;
9557;1055;impassable;0;0;
9557;1057;impassable;0;0;
9557;1058;impassable;0;0;
9557;9631;impassable;0;0;
9557;9707;impassable;0;0;
9558;298;impassable;0;0;
9558;300;impassable;0;0;
9558;301;impassable;0;0;
9559;4264;impassable;0;0;
9559;4265;impassable;0;0;
9559;4266;impassable;0;0;
9559;4267;impassable;0;0;
9559;4270;impassable;0;0;
9559;4271;impassable;0;0;
9559;4274;impassable;0;0;
9559;4275;impassable;0;0;
9560;5778;impassable;0;0;
9560;5780;impassable;0;0;
9560;5781;impassable;0;0;
9560;5782;impassable;0;0;
9560;9613;impassable;0;0;
9561;207;impassable;0;0;
9561;271;impassable;0;0;
9561;272;impassable;0;0;
9562;6156;impassable;0;0;
9562;6157;impassable;0;0;
9562;6160;impassable;0;0;
9562;6162;impassable;0;0;
9562;6163;impassable;0;0;
9562;6164;impassable;0;0;
9562;6241;impassable;0;0;
9562;6549;impassable;0;0;
9562;6550;impassable;0;0;
9562;6558;impassable;0;0;
9562;6559;impassable;0;0;
9562;6560;impassable;0;0;
9562;6561;impassable;0;0;
9563;5326;impassable;0;0;
9563;5329;impassable;0;0;
9563;5330;impassable;0;0;
9563;5604;impassable;0;0;
9563;5605;impassable;0;0;
9563;5606;impassable;0;0;
9563;5608;impassable;0;0;
9563;5828;impassable;0;0;
9563;5829;impassable;0;0;
9563;5830;impassable;0;0;
9563;9641;impassable;0;0;
9564;6853;impassable;0;0;
9564;6854;impassable;0;0;
9564;6855;impassable;0;0;
9564;6856;impassable;0;0;
9564;6862;impassable;0;0;
9564;6863;impassable;0;0;
9564;6864;impassable;0;0;
9564;6865;impassable;0;0;
9564;6867;impassable;0;0;
9564;6868;impassable;0;0;
9564;6869;impassable;0;0;
9564;6870;impassable;0;0;
9564;6872;impassable;0;0;
9564;6873;impassable;0;0;
9564;6880;impassable;0;0;
9564;6884;impassable;0;0;
9564;6885;impassable;0;0;
9564;6886;impassable;0;0;
9564;6887;impassable;0;0;
9564;6893;impassable;0;0;
9564;6894;impassable;0;0;
9564;6895;impassable;0;0;
9564;6896;impassable;0;0;
9564;6900;impassable;0;0;
9564;6902;impassable;0;0;
9565;6692;impassable;0;0;
9565;6693;impassable;0;0;
9565;6694;impassable;0;0;
9565;6753;impassable;0;0;
9565;6754;impassable;0;0;
9565;6755;impassable;0;0;
9565;6756;impassable;0;0;
9565;6757;impassable;0;0;
9565;6839;impassable;0;0;
9566;5435;impassable;0;0;
9566;5438;impassable;0;0;
9566;5478;impassable;0;0;
9566;5743;impassable;0;0;
9567;3426;impassable;0;0;
9567;3597;impassable;0;0;
9567;3598;impassable;0;0;
9567;3599;impassable;0;0;
9567;3601;impassable;0;0;
9567;3602;impassable;0;0;
9567;7563;impassable;0;0;
9568;1324;impassable;0;0;
9568;1327;impassable;0;0;
9568;1328;impassable;0;0;
9568;1330;impassable;0;0;
9569;2806;impassable;0;0;
9569;2808;impassable;0;0;
9569;2810;impassable;0;0;
9569;2820;impassable;0;0;
9569;2821;impassable;0;0;
9569;2822;impassable;0;0;
9569;2823;impassable;0;0;
9569;2836;impassable;0;0;
9569;2837;impassable;0;0;
9569;2838;impassable;0;0;
9569;2905;impassable;0;0;
9569;2909;impassable;0;0;
9569;2912;impassable;0;0;
9569;2914;impassable;0;0;
9569;2915;impassable;0;0;
9569;2917;impassable;0;0;
9569;2918;impassable;0;0;
9569;2999;impassable;0;0;
9569;3000;impassable;0;0;
9569;3001;impassable;0;0;
9569;3005;impassable;0;0;
9569;3006;impassable;0;0;
9569;3007;impassable;0;0;
9569;3065;impassable;0;0;
9569;3066;impassable;0;0;
9569;3081;impassable;0;0;
9569;3082;impassable;0;0;
9569;3083;impassable;0;0;
9569;3084;impassable;0;0;
9570;5455;impassable;0;0;
9570;5456;impassable;0;0;
9570;5484;impassable;0;0;
9571;2471;impassable;0;0;
9571;2474;impassable;0;0;
9571;2475;impassable;0;0;
9571;2481;impassable;0;0;
9571;2607;impassable;0;0;
9571;2675;impassable;0;0;
9571;2676;impassable;0;0;
9571;2678;impassable;0;0;
9571;2688;impassable;0;0;
9571;2689;impassable;0;0;
9571;2690;impassable;0;0;
9571;2691;impassable;0;0;
9571;2692;impassable;0;0;
9571;2693;impassable;0;0;
9571;2694;impassable;0;0;
9571;2695;impassable;0;0;
9572;1189;impassable;0;0;
9572;1190;impassable;0;0;
9572;1191;impassable;0;0;
9572;1193;impassable;0;0;
9572;1199;impassable;0;0;
9572;1200;impassable;0;0;
9572;1236;impassable;0;0;
9572;1238;impassable;0;0;
9572;1254;impassable;0;0;
9572;1255;impassable;0;0;
9573;1261;impassable;0;0;
9573;1263;impassable;0;0;
9573;1271;impassable;0;0;
9573;1272;impassable;0;0;
9574;3559;impassable;0;0;
9574;3560;impassable;0;0;
9574;5558;impassable;0;0;
9574;5561;impassable;0;0;
9574;7529;impassable;0;0;
9575;6766;impassable;0;0;
9575;6774;impassable;0;0;
9575;6775;impassable;0;0;
9575;6781;impassable;0;0;
9575;6782;impassable;0;0;
9576;6208;impassable;0;0;
9576;6210;impassable;0;0;
9576;6665;impassable;0;0;
9576;6667;impassable;0;0;
9577;6174;impassable;0;0;
9577;6390;impassable;0;0;
9577;6506;impassable;0;0;
9577;6507;impassable;0;0;
9577;6508;impassable;0;0;
9577;6511;impassable;0;0;
9577;6512;impassable;0;0;
9577;6513;impassable;0;0;
9577;6515;impassable;0;0;
9577;6516;impassable;0;0;
9577;6517;impassable;0;0;
9577;6518;impassable;0;0;
9578;5857;impassable;0;0;
9578;5860;impassable;0;0;
9578;6144;impassable;0;0;
9578;6145;impassable;0;0;
9579;6785;impassable;0;0;
9579;6786;impassable;0;0;
9579;6787;impassable;0;0;
9579;6788;impassable;0;0;
9579;6789;impassable;0;0;
9579;6790;impassable;0;0;
9579;6791;impassable;0;0;
9579;6812;impassable;0;0;
9580;4572;impassable;0;0;
9580;4574;impassable;0;0;
9580;4597;impassable;0;0;
9580;4599;impassable;0;0;
9580;5020;impassable;0;0;
9580;5036;impassable;0;0;
9580;5037;impassable;0;0;
9580;5038;impassable;0;0;
9580;5039;impassable;0;0;
9580;5520;impassable;0;0;
9580;5521;impassable;0;0;
9580;5524;impassable;0;0;
9580;5532;impassable;0;0;
9580;5609;impassable;0;0;
9580;5610;impassable;0;0;
9580;5612;impassable;0;0;
9580;5613;impassable;0;0;
9580;5624;impassable;0;0;
9580;5625;impassable;0;0;
9580;5626;impassable;0;0;
9580;5627;impassable;0;0;
9580;5628;impassable;0;0;
9581;2155;impassable;0;0;
9581;2156;impassable;0;0;
9581;2157;impassable;0;0;
9581;2158;impassable;0;0;
9581;2163;impassable;0;0;
9581;2164;impassable;0;0;
9581;2165;impassable;0;0;
9581;2166;impassable;0;0;
9581;2167;impassable;0;0;
9581;2171;impassable;0;0;
9581;2172;impassable;0;0;
9581;2184;impassable;0;0;
9581;2193;impassable;0;0;
9581;2194;impassable;0;0;
9581;2196;impassable;0;0;
9581;2198;impassable;0;0;
9581;2199;impassable;0;0;
9581;2200;impassable;0;0;
9581;2201;impassable;0;0;
9581;2202;impassable;0;0;
9581;2434;impassable;0;0;
9581;8853;impassable;0;0;
9582;5926;impassable;0;0;
9582;5928;impassable;0;0;
9582;5929;impassable;0;0;
9582;5930;impassable;0;0;
9582;5931;impassable;0;0;
9582;8610;impassable;0;0;
9583;6253;impassable;0;0;
9583;6578;impassable;0;0;
9583;6580;impassable;0;0;
9583;6616;impassable;0;0;
9583;6620;impassable;0;0;
9583;6621;impassable;0;0;
9583;6622;impassable;0;0;
9583;8628;impassable;0;0;
9584;6732;impassable;0;0;
9584;6735;impassable;0;0;
9584;6836;impassable;0;0;
9584;6838;impassable;0;0;
9585;4766;impassable;0;0;
9585;4772;impassable;0;0;
9585;4773;impassable;0;0;
9585;5056;impassable;0;0;
9585;5057;impassable;0;0;
9586;5360;impassable;0;0;
9586;5361;impassable;0;0;
9586;5378;impassable;0;0;
9586;5379;impassable;0;0;
9586;5380;impassable;0;0;
9586;5381;impassable;0;0;
9586;5382;impassable;0;0;
9586;5383;impassable;0;0;
9586;5384;impassable;0;0;
9586;5385;impassable;0;0;
9586;5386;impassable;0;0;
9586;5387;impassable;0;0;
9586;5393;impassable;0;0;
9586;5394;impassable;0;0;
9586;5396;impassable;0;0;
9586;5400;impassable;0;0;
9586;5754;impassable;0;0;
9586;5755;impassable;0;0;
9586;5757;impassable;0;0;
9586;5883;impassable;0;0;
9586;5887;impassable;0;0;
9586;5974;impassable;0;0;
9586;5975;impassable;0;0;
9586;5976;impassable;0;0;
9586;6068;impassable;0;0;
9586;6069;impassable;0;0;
9586;6091;impassable;0;0;
9586;6094;impassable;0;0;
9586;6099;impassable;0;0;
9586;6102;impassable;0;0;
9586;6498;impassable;0;0;
9586;6499;impassable;0;0;
9586;6500;impassable;0;0;
9586;6501;impassable;0;0;
9586;9613;impassable;0;0;
9587;6568;impassable;0;0;
9587;6571;impassable;0;0;
9587;6572;impassable;0;0;
9587;6575;impassable;0;0;
9587;6604;impassable;0;0;
9587;6605;impassable;0;0;
9588;193;impassable;0;0;
9588;194;impassable;0;0;
9588;195;impassable;0;0;
9588;277;impassable;0;0;
9588;513;impassable;0;0;
9588;515;impassable;0;0;
9588;516;impassable;0;0;
9589;5900;impassable;0;0;
9589;5901;impassable;0;0;
9589;5902;impassable;0;0;
9589;6069;impassable;0;0;
9589;6087;impassable;0;0;
9589;6088;impassable;0;0;
9589;6091;impassable;0;0;
9589;6092;impassable;0;0;
9590;1034;impassable;0;0;
9590;1035;impassable;0;0;
9590;1038;impassable;0;0;
9591;6783;impassable;0;0;
9591;6784;impassable;0;0;
9591;6785;impassable;0;0;
9591;6787;impassable;0;0;
9591;6812;impassable;0;0;
9592;4821;impassable;0;0;
9592;5252;impassable;0;0;
9592;5253;impassable;0;0;
9593;4585;impassable;0;0;
9593;4607;impassable;0;0;
9593;4608;impassable;0;0;
9593;4941;impassable;0;0;
9593;4942;impassable;0;0;
9593;4943;impassable;0;0;
9594;6673;impassable;0;0;
9594;6674;impassable;0;0;
9594;6675;impassable;0;0;
9594;6681;impassable;0;0;
9594;6683;impassable;0;0;
9594;6684;impassable;0;0;
9594;6685;impassable;0;0;
9594;6686;impassable;0;0;
9594;6687;impassable;0;0;
9594;6697;impassable;0;0;
9594;6698;impassable;0;0;
9594;6700;impassable;0;0;
9594;6701;impassable;0;0;
9594;6702;impassable;0;0;
9594;6704;impassable;0;0;
9594;6705;impassable;0;0;
9594;6710;impassable;0;0;
9594;6714;impassable;0;0;
9594;6716;impassable;0;0;
9594;6717;impassable;0;0;
9594;6718;impassable;0;0;
9594;6719;impassable;0;0;
9594;6720;impassable;0;0;
9594;6724;impassable;0;0;
9594;6725;impassable;0;0;
9594;6728;impassable;0;0;
9594;6730;impassable;0;0;
9594;6751;impassable;0;0;
9594;6752;impassable;0;0;
9594;6753;impassable;0;0;
9594;6754;impassable;0;0;
9594;6764;impassable;0;0;
9594;6765;impassable;0;0;
9594;6767;impassable;0;0;
9594;6768;impassable;0;0;
9594;6769;impassable;0;0;
9594;6770;impassable;0;0;
9594;6771;impassable;0;0;
9594;6772;impassable;0;0;
9594;6773;impassable;0;0;
9594;6774;impassable;0;0;
9594;6775;impassable;0;0;
9594;6783;impassable;0;0;
9594;6784;impassable;0;0;
9594;6785;impassable;0;0;
9594;6786;impassable;0;0;
9594;6788;impassable;0;0;
9594;6789;impassable;0;0;
9594;6790;impassable;0;0;
9594;6791;impassable;0;0;
9594;6793;impassable;0;0;
9594;6802;impassable;0;0;
9594;6804;impassable;0;0;
9594;6809;impassable;0;0;
9594;6812;impassable;0;0;
9594;6813;impassable;0;0;
9594;6824;impassable;0;0;
9594;6825;impassable;0;0;
9594;6826;impassable;0;0;
9594;6827;impassable;0;0;
9594;6829;impassable;0;0;
9594;6830;impassable;0;0;
9594;6831;impassable;0;0;
9594;6834;impassable;0;0;
9594;6839;impassable;0;0;
9594;6840;impassable;0;0;
9594;6844;impassable;0;0;
9594;6845;impassable;0;0;
9594;6846;impassable;0;0;
9594;6847;impassable;0;0;
9594;9615;impassable;0;0;
9595;1022;impassable;0;0;
9596;2565;impassable;0;0;
9596;2568;impassable;0;0;
9596;2768;impassable;0;0;
9596;2769;impassable;0;0;
9596;2772;impassable;0;0;
9597;300;impassable;0;0;
9597;301;impassable;0;0;
9597;302;impassable;0;0;
9597;461;impassable;0;0;
9597;463;impassable;0;0;
9597;7648;impassable;0;0;
9598;2097;impassable;0;0;
9598;2099;impassable;0;0;
9598;2100;impassable;0;0;
9598;8862;impassable;0;0;
9599;6372;impassable;0;0;
9599;6373;impassable;0;0;
9599;6374;impassable;0;0;
9599;6391;impassable;0;0;
9599;6508;impassable;0;0;
9599;6509;impassable;0;0;
9599;6512;impassable;0;0;
9599;6514;impassable;0;0;
9600;3357;impassable;0;0;
9600;3773;impassable;0;0;
9600;3774;impassable;0;0;
9600;3775;impassable;0;0;
9600;3776;impassable;0;0;
9600;3777;impassable;0;0;
9600;3778;impassable;0;0;
9600;3779;impassable;0;0;
9600;3791;impassable;0;0;
9600;7606;impassable;0;0;
9601;5921;impassable;0;0;
9601;6051;impassable;0;0;
9601;6052;impassable;0;0;
9601;6053;impassable;0;0;
9601;6063;impassable;0;0;
9601;6138;impassable;0;0;
9601;6139;impassable;0;0;
9601;6142;impassable;0;0;
9601;6143;impassable;0;0;
9601;8337;impassable;0;0;
9601;9643;impassable;0;0;
9602;4145;impassable;0;0;
9602;4146;impassable;0;0;
9602;4147;impassable;0;0;
9602;4148;impassable;0;0;
9602;4149;impassable;0;0;
9602;4167;impassable;0;0;
9602;4369;impassable;0;0;
9602;4370;impassable;0;0;
9602;4371;impassable;0;0;
9602;4373;impassable;0;0;
9602;4381;impassable;0;0;
9603;3917;impassable;0;0;
9603;3918;impassable;0;0;
9603;3936;impassable;0;0;
9603;3938;impassable;0;0;
9603;3939;impassable;0;0;
9605;4396;impassable;0;0;
9605;4893;impassable;0;0;
9605;4894;impassable;0;0;
9605;4896;impassable;0;0;
9605;4897;impassable;0;0;
9605;5268;impassable;0;0;
9605;5269;impassable;0;0;
9606;4807;impassable;0;0;
9606;4810;impassable;0;0;
9606;5016;impassable;0;0;
9606;5017;impassable;0;0;
9607;448;impassable;0;0;
9607;466;impassable;0;0;
9607;467;impassable;0;0;
9609;6676;impassable;0;0;
9609;6677;impassable;0;0;
9609;6678;impassable;0;0;
9609;6679;impassable;0;0;
9609;6695;impassable;0;0;
9609;6697;impassable;0;0;
9609;6699;impassable;0;0;
9609;6700;impassable;0;0;
9609;6701;impassable;0;0;
9609;6719;impassable;0;0;
9609;6720;impassable;0;0;
9609;6721;impassable;0;0;
9609;6722;impassable;0;0;
9609;6732;impassable;0;0;
9609;6734;impassable;0;0;
9609;6735;impassable;0;0;
9609;6759;impassable;0;0;
9609;6760;impassable;0;0;
9609;6761;impassable;0;0;
9609;6762;impassable;0;0;
9609;6763;impassable;0;0;
9609;6766;impassable;0;0;
9609;6772;impassable;0;0;
9609;6776;impassable;0;0;
9609;6777;impassable;0;0;
9609;6778;impassable;0;0;
9609;6779;impassable;0;0;
9609;6780;impassable;0;0;
9609;6782;impassable;0;0;
9609;6796;impassable;0;0;
9609;6797;impassable;0;0;
9609;6798;impassable;0;0;
9609;6800;impassable;0;0;
9609;6801;impassable;0;0;
9609;6803;impassable;0;0;
9609;6804;impassable;0;0;
9609;6805;impassable;0;0;
9609;6806;impassable;0;0;
9609;6807;impassable;0;0;
9609;6808;impassable;0;0;
9609;6809;impassable;0;0;
9609;6810;impassable;0;0;
9609;6816;impassable;0;0;
9609;6817;impassable;0;0;
9609;6820;impassable;0;0;
9609;6822;impassable;0;0;
9609;6823;impassable;0;0;
9609;6824;impassable;0;0;
9609;6825;impassable;0;0;
9609;6826;impassable;0;0;
9609;6827;impassable;0;0;
9609;6828;impassable;0;0;
9609;6829;impassable;0;0;
9610;6674;impassable;0;0;
9610;6675;impassable;0;0;
9610;6703;impassable;0;0;
9610;6705;impassable;0;0;
9610;6847;impassable;0;0;
9611;6293;impassable;0;0;
9611;6295;impassable;0;0;
9611;6392;impassable;0;0;
9611;6394;impassable;0;0;
9613;5284;impassable;0;0;
9613;5287;impassable;0;0;
9613;5288;impassable;0;0;
9613;5292;impassable;0;0;
9613;5295;impassable;0;0;
9613;5296;impassable;0;0;
9613;5297;impassable;0;0;
9613;5298;impassable;0;0;
9613;5300;impassable;0;0;
9613;5306;impassable;0;0;
9613;5307;impassable;0;0;
9613;5308;impassable;0;0;
9613;5309;impassable;0;0;
9613;5311;impassable;0;0;
9613;5314;impassable;0;0;
9613;5322;impassable;0;0;
9613;5323;impassable;0;0;
9613;5325;impassable;0;0;
9613;5329;impassable;0;0;
9613;5338;impassable;0;0;
9613;5339;impassable;0;0;
9613;5340;impassable;0;0;
9613;5341;impassable;0;0;
9613;5342;impassable;0;0;
9613;5343;impassable;0;0;
9613;5358;impassable;0;0;
9613;5359;impassable;0;0;
9613;5360;impassable;0;0;
9613;5361;impassable;0;0;
9613;5362;impassable;0;0;
9613;5363;impassable;0;0;
9613;5365;impassable;0;0;
9613;5366;impassable;0;0;
9613;5367;impassable;0;0;
9613;5368;impassable;0;0;
9613;5369;impassable;0;0;
9613;5375;impassable;0;0;
9613;5376;impassable;0;0;
9613;5383;impassable;0;0;
9613;5384;impassable;0;0;
9613;5385;impassable;0;0;
9613;5386;impassable;0;0;
9613;5387;impassable;0;0;
9613;5389;impassable;0;0;
9613;5390;impassable;0;0;
9613;5393;impassable;0;0;
9613;5395;impassable;0;0;
9613;5396;impassable;0;0;
9613;5397;impassable;0;0;
9613;5398;impassable;0;0;
9613;5399;impassable;0;0;
9613;5400;impassable;0;0;
9613;5401;impassable;0;0;
9613;5406;impassable;0;0;
9613;5408;impassable;0;0;
9613;5409;impassable;0;0;
9613;5410;impassable;0;0;
9613;5411;impassable;0;0;
9613;5413;impassable;0;0;
9613;5414;impassable;0;0;
9613;5415;impassable;0;0;
9613;5416;impassable;0;0;
9613;5417;impassable;0;0;
9613;5418;impassable;0;0;
9613;5419;impassable;0;0;
9613;5422;impassable;0;0;
9613;5427;impassable;0;0;
9613;5428;impassable;0;0;
9613;5429;impassable;0;0;
9613;5431;impassable;0;0;
9613;5432;impassable;0;0;
9613;5433;impassable;0;0;
9613;5434;impassable;0;0;
9613;5435;impassable;0;0;
9613;5436;impassable;0;0;
9613;5438;impassable;0;0;
9613;5464;impassable;0;0;
9613;5472;impassable;0;0;
9613;5473;impassable;0;0;
9613;5474;impassable;0;0;
9613;5475;impassable;0;0;
9613;5477;impassable;0;0;
9613;5478;impassable;0;0;
9613;5486;impassable;0;0;
9613;5487;impassable;0;0;
9613;5491;impassable;0;0;
9613;5492;impassable;0;0;
9613;5497;impassable;0;0;
9613;5498;impassable;0;0;
9613;5499;impassable;0;0;
9613;5500;impassable;0;0;
9613;5501;impassable;0;0;
9613;5502;impassable;0;0;
9613;5503;impassable;0;0;
9613;5504;impassable;0;0;
9613;5505;impassable;0;0;
9613;5506;impassable;0;0;
9613;5512;impassable;0;0;
9613;5528;impassable;0;0;
9613;5529;impassable;0;0;
9613;5531;impassable;0;0;
9613;5533;impassable;0;0;
9613;5534;impassable;0;0;
9613;5535;impassable;0;0;
9613;5541;impassable;0;0;
9613;5542;impassable;0;0;
9613;5543;impassable;0;0;
9613;5544;impassable;0;0;
9613;5545;impassable;0;0;
9613;5551;impassable;0;0;
9613;5552;impassable;0;0;
9613;5556;impassable;0;0;
9613;5558;impassable;0;0;
9613;5559;impassable;0;0;
9613;5560;impassable;0;0;
9613;5561;impassable;0;0;
9613;5564;impassable;0;0;
9613;5565;impassable;0;0;
9613;5566;impassable;0;0;
9613;5567;impassable;0;0;
9613;5568;impassable;0;0;
9613;5569;impassable;0;0;
9613;5570;impassable;0;0;
9613;5572;impassable;0;0;
9613;5575;impassable;0;0;
9613;5576;impassable;0;0;
9613;5579;impassable;0;0;
9613;5582;impassable;0;0;
9613;5592;impassable;0;0;
9613;5593;impassable;0;0;
9613;5601;impassable;0;0;
9613;5602;impassable;0;0;
9613;5603;impassable;0;0;
9613;5615;impassable;0;0;
9613;5617;impassable;0;0;
9613;5618;impassable;0;0;
9613;5620;impassable;0;0;
9613;5621;impassable;0;0;
9613;5622;impassable;0;0;
9613;5623;impassable;0;0;
9613;5636;impassable;0;0;
9613;5637;impassable;0;0;
9613;5643;impassable;0;0;
9613;5648;impassable;0;0;
9613;5649;impassable;0;0;
9613;5650;impassable;0;0;
9613;5652;impassable;0;0;
9613;5657;impassable;0;0;
9613;5658;impassable;0;0;
9613;5662;impassable;0;0;
9613;5663;impassable;0;0;
9613;5664;impassable;0;0;
9613;5670;impassable;0;0;
9613;5671;impassable;0;0;
9613;5673;impassable;0;0;
9613;5679;impassable;0;0;
9613;5680;impassable;0;0;
9613;5681;impassable;0;0;
9613;5682;impassable;0;0;
9613;5685;impassable;0;0;
9613;5686;impassable;0;0;
9613;5687;impassable;0;0;
9613;5688;impassable;0;0;
9613;5691;impassable;0;0;
9613;5692;impassable;0;0;
9613;5693;impassable;0;0;
9613;5699;impassable;0;0;
9613;5700;impassable;0;0;
9613;5701;impassable;0;0;
9613;5702;impassable;0;0;
9613;5703;impassable;0;0;
9613;5705;impassable;0;0;
9613;5706;impassable;0;0;
9613;5707;impassable;0;0;
9613;5708;impassable;0;0;
9613;5709;impassable;0;0;
9613;5710;impassable;0;0;
9613;5711;impassable;0;0;
9613;5712;impassable;0;0;
9613;5713;impassable;0;0;
9613;5714;impassable;0;0;
9613;5719;impassable;0;0;
9613;5720;impassable;0;0;
9613;5722;impassable;0;0;
9613;5723;impassable;0;0;
9613;5727;impassable;0;0;
9613;5729;impassable;0;0;
9613;5730;impassable;0;0;
9613;5737;impassable;0;0;
9613;5741;impassable;0;0;
9613;5742;impassable;0;0;
9613;5743;impassable;0;0;
9613;5744;impassable;0;0;
9613;5745;impassable;0;0;
9613;5746;impassable;0;0;
9613;5747;impassable;0;0;
9613;5752;impassable;0;0;
9613;5753;impassable;0;0;
9613;5754;impassable;0;0;
9613;5757;impassable;0;0;
9613;5759;impassable;0;0;
9613;5760;impassable;0;0;
9613;5764;impassable;0;0;
9613;5765;impassable;0;0;
9613;5769;impassable;0;0;
9613;5770;impassable;0;0;
9613;5772;impassable;0;0;
9613;5778;impassable;0;0;
9613;5782;impassable;0;0;
9613;5783;impassable;0;0;
9613;5794;impassable;0;0;
9613;5795;impassable;0;0;
9613;5796;impassable;0;0;
9613;5800;impassable;0;0;
9613;5808;impassable;0;0;
9613;5809;impassable;0;0;
9613;5819;impassable;0;0;
9613;5820;impassable;0;0;
9613;5821;impassable;0;0;
9613;5822;impassable;0;0;
9613;5823;impassable;0;0;
9613;5832;impassable;0;0;
9613;5834;impassable;0;0;
9613;5837;impassable;0;0;
9614;4592;impassable;0;0;
9614;4593;impassable;0;0;
9614;4808;impassable;0;0;
9614;4977;impassable;0;0;
9614;4978;impassable;0;0;
9614;5014;impassable;0;0;
9615;6687;impassable;0;0;
9615;6690;impassable;0;0;
9615;6691;impassable;0;0;
9615;6824;impassable;0;0;
9615;6828;impassable;0;0;
9616;4529;impassable;0;0;
9616;4535;impassable;0;0;
9616;4539;impassable;0;0;
9616;5244;impassable;0;0;
9617;6377;impassable;0;0;
9617;6380;impassable;0;0;
9617;6486;impassable;0;0;
9617;9656;impassable;0;0;
9618;4585;impassable;0;0;
9618;4588;impassable;0;0;
9618;4607;impassable;0;0;
9619;2123;impassable;0;0;
9619;2126;impassable;0;0;
9619;2127;impassable;0;0;
9619;2131;impassable;0;0;
9619;2134;impassable;0;0;
9619;2138;impassable;0;0;
9619;2140;impassable;0;0;
9619;2141;impassable;0;0;
9619;2144;impassable;0;0;
9619;2146;impassable;0;0;
9619;2148;impassable;0;0;
9619;2149;impassable;0;0;
9619;2227;impassable;0;0;
9619;2236;impassable;0;0;
9620;4203;impassable;0;0;
9620;4276;impassable;0;0;
9620;4294;impassable;0;0;
9620;4295;impassable;0;0;
9620;4297;impassable;0;0;
9621;9630;impassable;0;0;
9622;4849;impassable;0;0;
9622;4850;impassable;0;0;
9622;4864;impassable;0;0;
9622;4952;impassable;0;0;
9622;4953;impassable;0;0;
9622;4954;impassable;0;0;
9622;4957;impassable;0;0;
9622;4958;impassable;0;0;
9622;4959;impassable;0;0;
9622;4960;impassable;0;0;
9622;4965;impassable;0;0;
9622;4967;impassable;0;0;
9622;4969;impassable;0;0;
9623;5403;impassable;0;0;
9623;5404;impassable;0;0;
9623;5420;impassable;0;0;
9623;5676;impassable;0;0;
9623;5677;impassable;0;0;
9624;779;impassable;0;0;
9624;780;impassable;0;0;
9624;789;impassable;0;0;
9624;790;impassable;0;0;
9625;1026;impassable;0;0;
9625;1028;impassable;0;0;
9626;6186;impassable;0;0;
9626;6187;impassable;0;0;
9626;6199;impassable;0;0;
9626;6200;impassable;0;0;
9626;6216;impassable;0;0;
9626;6264;impassable;0;0;
9626;6529;impassable;0;0;
9626;6959;impassable;0;0;
9627;3195;impassable;0;0;
9627;3210;impassable;0;0;
9627;3211;impassable;0;0;
9627;3975;impassable;0;0;
9627;3976;impassable;0;0;
9628;152;impassable;0;0;
9628;153;impassable;0;0;
9628;154;impassable;0;0;
9628;155;impassable;0;0;
9628;158;impassable;0;0;
9628;165;impassable;0;0;
9628;166;impassable;0;0;
9628;167;impassable;0;0;
9628;168;impassable;0;0;
9628;169;impassable;0;0;
9628;170;impassable;0;0;
9628;171;impassable;0;0;
9628;174;impassable;0;0;
9628;175;impassable;0;0;
9628;176;impassable;0;0;
9629;503;impassable;0;0;
9629;504;impassable;0;0;
9629;505;impassable;0;0;
9630;1382;impassable;0;0;
9630;1383;impassable;0;0;
9630;1390;impassable;0;0;
9630;1391;impassable;0;0;
9630;1394;impassable;0;0;
9630;1395;impassable;0;0;
9630;1396;impassable;0;0;
9630;1397;impassable;0;0;
9630;1398;impassable;0;0;
9630;1418;impassable;0;0;
9630;1422;impassable;0;0;
9630;1423;impassable;0;0;
9630;1424;impassable;0;0;
9630;1426;impassable;0;0;
9630;1428;impassable;0;0;
9630;1430;impassable;0;0;
9630;1455;impassable;0;0;
9630;1457;impassable;0;0;
9630;1458;impassable;0;0;
9630;1459;impassable;0;0;
9630;1460;impassable;0;0;
9630;1461;impassable;0;0;
9630;1462;impassable;0;0;
9630;1468;impassable;0;0;
9630;1470;impassable;0;0;
9630;1472;impassable;0;0;
9630;1474;impassable;0;0;
9630;1483;impassable;0;0;
9630;1484;impassable;0;0;
9630;1485;impassable;0;0;
9630;1486;impassable;0;0;
9630;1489;impassable;0;0;
9630;1491;impassable;0;0;
9630;1492;impassable;0;0;
9630;1493;impassable;0;0;
9630;1494;impassable;0;0;
9630;1495;impassable;0;0;
9630;1496;impassable;0;0;
9630;1497;impassable;0;0;
9630;1498;impassable;0;0;
9630;1501;impassable;0;0;
9630;1503;impassable;0;0;
9630;1514;impassable;0;0;
9630;1515;impassable;0;0;
9630;1517;impassable;0;0;
9630;1519;impassable;0;0;
9630;1521;impassable;0;0;
9630;1522;impassable;0;0;
9630;1523;impassable;0;0;
9630;1524;impassable;0;0;
9630;1525;impassable;0;0;
9630;1526;impassable;0;0;
9630;1527;impassable;0;0;
9630;1530;impassable;0;0;
9630;1531;impassable;0;0;
9630;1532;impassable;0;0;
9630;1533;impassable;0;0;
9630;1534;impassable;0;0;
9630;1535;impassable;0;0;
9630;1558;impassable;0;0;
9630;1559;impassable;0;0;
9630;1648;impassable;0;0;
9630;9657;impassable;0;0;
9630;9664;impassable;0;0;
9631;1033;impassable;0;0;
9632;5506;impassable;0;0;
9632;5507;impassable;0;0;
9632;5508;impassable;0;0;
9632;5509;impassable;0;0;
9632;5510;impassable;0;0;
9632;5646;impassable;0;0;
9632;5684;impassable;0;0;
9632;5686;impassable;0;0;
9632;9644;impassable;0;0;
9633;6170;impassable;0;0;
9633;6173;impassable;0;0;
9633;6174;impassable;0;0;
9633;6269;impassable;0;0;
9633;6270;impassable;0;0;
9633;6271;impassable;0;0;
9633;6368;impassable;0;0;
9633;6369;impassable;0;0;
9633;6370;impassable;0;0;
9633;6498;impassable;0;0;
9633;6955;impassable;0;0;
9634;979;impassable;0;0;
9634;981;impassable;0;0;
9634;982;impassable;0;0;
9634;998;impassable;0;0;
9634;999;impassable;0;0;
9634;1000;impassable;0;0;
9634;1001;impassable;0;0;
9634;1005;impassable;0;0;
9634;1006;impassable;0;0;
9634;1007;impassable;0;0;
9634;1008;impassable;0;0;
9634;1009;impassable;0;0;
9634;1010;impassable;0;0;
9634;1011;impassable;0;0;
9634;1012;impassable;0;0;
9634;1013;impassable;0;0;
9634;1014;impassable;0;0;
9634;1015;impassable;0;0;
9635;2289;impassable;0;0;
9635;2290;impassable;0;0;
9635;2292;impassable;0;0;
9635;2293;impassable;0;0;
9635;2294;impassable;0;0;
9635;2295;impassable;0;0;
9635;2297;impassable;0;0;
9635;2299;impassable;0;0;
9635;2300;impassable;0;0;
9635;2302;impassable;0;0;
9635;2303;impassable;0;0;
9635;2305;impassable;0;0;
9635;2384;impassable;0;0;
9635;2385;impassable;0;0;
9635;2386;impassable;0;0;
9635;2389;impassable;0;0;
9635;2390;impassable;0;0;
9635;2391;impassable;0;0;
9635;2392;impassable;0;0;
9635;2393;impassable;0;0;
9636;30;impassable;0;0;
9636;31;impassable;0;0;
9636;35;impassable;0;0;
9636;38;impassable;0;0;
9636;39;impassable;0;0;
9636;50;impassable;0;0;
9636;51;impassable;0;0;
9636;53;impassable;0;0;
9636;87;impassable;0;0;
9636;88;impassable;0;0;
9636;89;impassable;0;0;
9636;90;impassable;0;0;
9636;91;impassable;0;0;
9636;92;impassable;0;0;
9636;93;impassable;0;0;
9636;94;impassable;0;0;
9636;95;impassable;0;0;
9636;96;impassable;0;0;
9636;97;impassable;0;0;
9636;123;impassable;0;0;
9636;125;impassable;0;0;
9636;127;impassable;0;0;
9636;7005;impassable;0;0;
9637;1535;impassable;0;0;
9637;1538;impassable;0;0;
9637;1541;impassable;0;0;
9637;1544;impassable;0;0;
9637;1545;impassable;0;0;
9637;1548;impassable;0;0;
9637;1549;impassable;0;0;
9637;1559;impassable;0;0;
9637;1560;impassable;0;0;
9637;1561;impassable;0;0;
9637;1565;impassable;0;0;
9637;1567;impassable;0;0;
9637;1568;impassable;0;0;
9637;1575;impassable;0;0;
9638;5406;impassable;0;0;
9638;5428;impassable;0;0;
9638;5699;impassable;0;0;
9638;5781;impassable;0;0;
9638;5782;impassable;0;0;
9638;5783;impassable;0;0;
9638;5784;impassable;0;0;
9638;5785;impassable;0;0;
9638;5790;impassable;0;0;
9638;5791;impassable;0;0;
9638;5794;impassable;0;0;
9638;7516;impassable;0;0;
9638;9678;impassable;0;0;
9639;1026;impassable;0;0;
9640;354;impassable;0;0;
9640;357;impassable;0;0;
9640;391;impassable;0;0;
9640;392;impassable;0;0;
9640;393;impassable;0;0;
9640;394;impassable;0;0;
9640;395;impassable;0;0;
9640;406;impassable;0;0;
9640;407;impassable;0;0;
9640;408;impassable;0;0;
9641;5331;impassable;0;0;
9641;5332;impassable;0;0;
9641;5334;impassable;0;0;
9641;5430;impassable;0;0;
9641;5431;impassable;0;0;
9641;5488;impassable;0;0;
9641;5489;impassable;0;0;
9641;5502;impassable;0;0;
9641;5503;impassable;0;0;
9641;5527;impassable;0;0;
9641;5528;impassable;0;0;
9641;5605;impassable;0;0;
9641;5606;impassable;0;0;
9641;5607;impassable;0;0;
9641;5709;impassable;0;0;
9641;5828;impassable;0;0;
9641;9644;impassable;0;0;
9642;5879;impassable;0;0;
9642;5880;impassable;0;0;
9642;6038;impassable;0;0;
9642;6095;impassable;0;0;
9642;6096;impassable;0;0;
9642;6097;impassable;0;0;
9642;6098;impassable;0;0;
9642;7488;impassable;0;0;
9642;9709;impassable;0;0;
9643;6063;impassable;0;0;
9643;6143;impassable;0;0;
9643;6144;impassable;0;0;
9644;5430;impassable;0;0;
9644;5433;impassable;0;0;
9644;5434;impassable;0;0;
9644;5503;impassable;0;0;
9644;5504;impassable;0;0;
9644;5645;impassable;0;0;
9644;5646;impassable;0;0;
9644;5647;impassable;0;0;
9644;5686;impassable;0;0;
9644;5687;impassable;0;0;
9645;2680;impassable;0;0;
9645;2681;impassable;0;0;
9645;2683;impassable;0;0;
9645;2723;impassable;0;0;
9645;2724;impassable;0;0;
9645;2798;impassable;0;0;
9646;1069;impassable;0;0;
9646;1070;impassable;0;0;
9646;1178;impassable;0;0;
9646;1181;impassable;0;0;
9646;1191;impassable;0;0;
9646;1192;impassable;0;0;
9646;1193;impassable;0;0;
9646;1194;impassable;0;0;
9646;1195;impassable;0;0;
9647;6727;impassable;0;0;
9647;6728;impassable;0;0;
9647;6729;impassable;0;0;
9647;6730;impassable;0;0;
9648;1911;impassable;0;0;
9648;1913;impassable;0;0;
9648;1914;impassable;0;0;
9648;2036;impassable;0;0;
9648;2037;impassable;0;0;
9648;2039;impassable;0;0;
9648;2040;impassable;0;0;
9648;2041;impassable;0;0;
9648;2042;impassable;0;0;
9648;2043;impassable;0;0;
9648;2044;impassable;0;0;
9648;2045;impassable;0;0;
9649;316;impassable;0;0;
9649;434;impassable;0;0;
9649;435;impassable;0;0;
9649;436;impassable;0;0;
9650;5931;impassable;0;0;
9650;5933;impassable;0;0;
9650;5952;impassable;0;0;
9650;5956;impassable;0;0;
9650;6126;impassable;0;0;
9650;6131;impassable;0;0;
9651;2863;impassable;0;0;
9651;2864;impassable;0;0;
9651;2867;impassable;0;0;
9651;2904;impassable;0;0;
9651;2934;impassable;0;0;
9651;2935;impassable;0;0;
9651;2946;impassable;0;0;
9651;2989;impassable;0;0;
9651;2992;impassable;0;0;
9651;2993;impassable;0;0;
9651;3030;impassable;0;0;
9651;3031;impassable;0;0;
9651;3037;impassable;0;0;
9651;3047;impassable;0;0;
9651;3048;impassable;0;0;
9651;3050;impassable;0;0;
9651;3051;impassable;0;0;
9651;3052;impassable;0;0;
9651;3054;impassable;0;0;
9651;3055;impassable;0;0;
9653;231;impassable;0;0;
9653;232;impassable;0;0;
9653;233;impassable;0;0;
9653;234;impassable;0;0;
9653;248;impassable;0;0;
9653;249;impassable;0;0;
9653;250;impassable;0;0;
9653;340;impassable;0;0;
9654;4499;impassable;0;0;
9654;5117;impassable;0;0;
9654;5260;impassable;0;0;
9655;4511;impassable;0;0;
9655;4513;impassable;0;0;
9655;4677;impassable;0;0;
9655;4678;impassable;0;0;
9655;4679;impassable;0;0;
9655;4680;impassable;0;0;
9655;4711;impassable;0;0;
9655;4712;impassable;0;0;
9655;5205;impassable;0;0;
9655;5213;impassable;0;0;
9655;5214;impassable;0;0;
9655;5216;impassable;0;0;
9655;5217;impassable;0;0;
9655;5219;impassable;0;0;
9655;5249;impassable;0;0;
9656;6294;impassable;0;0;
9656;6377;impassable;0;0;
9656;6486;impassable;0;0;
9656;6493;impassable;0;0;
9656;9667;impassable;0;0;
9658;3508;impassable;0;0;
9658;3521;impassable;0;0;
9658;3522;impassable;0;0;
9658;3523;impassable;0;0;
9658;3524;impassable;0;0;
9658;3961;impassable;0;0;
9658;3962;impassable;0;0;
9658;3965;impassable;0;0;
9658;3972;impassable;0;0;
9659;6188;impassable;0;0;
9659;6189;impassable;0;0;
9659;6521;impassable;0;0;
9659;6534;impassable;0;0;
9660;4558;impassable;0;0;
9660;4559;impassable;0;0;
9660;4560;impassable;0;0;
9660;4596;impassable;0;0;
9660;4652;impassable;0;0;
9660;4653;impassable;0;0;
9660;4790;impassable;0;0;
9660;4792;impassable;0;0;
9660;4793;impassable;0;0;
9660;4795;impassable;0;0;
9661;2570;impassable;0;0;
9661;2571;impassable;0;0;
9661;2621;impassable;0;0;
9661;2623;impassable;0;0;
9661;2979;impassable;0;0;
9661;2983;impassable;0;0;
9661;2999;impassable;0;0;
9661;3001;impassable;0;0;
9661;3002;impassable;0;0;
9662;1055;impassable;0;0;
9662;1056;impassable;0;0;
9662;1057;impassable;0;0;
9662;1058;impassable;0;0;
9663;198;impassable;0;0;
9663;200;impassable;0;0;
9663;313;impassable;0;0;
9663;584;impassable;0;0;
9665;1474;impassable;0;0;
9665;1485;impassable;0;0;
9665;1486;impassable;0;0;
9665;1487;impassable;0;0;
9666;2807;impassable;0;0;
9666;2808;impassable;0;0;
9666;2809;impassable;0;0;
9666;2820;impassable;0;0;
9666;2821;impassable;0;0;
9666;2822;impassable;0;0;
9666;2824;impassable;0;0;
9666;2911;impassable;0;0;
9666;2912;impassable;0;0;
9666;2948;impassable;0;0;
9666;2949;impassable;0;0;
9666;2950;impassable;0;0;
9666;2952;impassable;0;0;
9666;2954;impassable;0;0;
9666;2955;impassable;0;0;
9666;3004;impassable;0;0;
9666;3008;impassable;0;0;
9666;3014;impassable;0;0;
9666;3017;impassable;0;0;
9666;3018;impassable;0;0;
9666;3042;impassable;0;0;
9666;3043;impassable;0;0;
9666;3045;impassable;0;0;
9666;3046;impassable;0;0;
9666;3060;impassable;0;0;
9666;3061;impassable;0;0;
9666;3062;impassable;0;0;
9666;3063;impassable;0;0;
9667;6292;impassable;0;0;
9667;6293;impassable;0;0;
9667;6294;impassable;0;0;
9667;6489;impassable;0;0;
9667;6490;impassable;0;0;
9667;6492;impassable;0;0;
9667;6493;impassable;0;0;
9667;6494;impassable;0;0;
9667;6495;impassable;0;0;
9667;6497;impassable;0;0;
9667;9673;impassable;0;0;
9668;244;impassable;0;0;
9668;333;impassable;0;0;
9668;335;impassable;0;0;
9668;530;impassable;0;0;
9668;531;impassable;0;0;
9668;532;impassable;0;0;
9668;534;impassable;0;0;
9668;535;impassable;0;0;
9668;536;impassable;0;0;
9668;8401;impassable;0;0;
9669;4838;impassable;0;0;
9669;4839;impassable;0;0;
9669;4906;impassable;0;0;
9669;4908;impassable;0;0;
9669;4909;impassable;0;0;
9669;4913;impassable;0;0;
9670;2555;impassable;0;0;
9670;2557;impassable;0;0;
9671;5851;impassable;0;0;
9671;5861;impassable;0;0;
9671;5862;impassable;0;0;
9671;5863;impassable;0;0;
9671;5864;impassable;0;0;
9671;5865;impassable;0;0;
9671;5966;impassable;0;0;
9671;6023;impassable;0;0;
9671;6024;impassable;0;0;
9671;6027;impassable;0;0;
9671;6029;impassable;0;0;
9671;6030;impassable;0;0;
9671;6031;impassable;0;0;
9671;6032;impassable;0;0;
9671;6042;impassable;0;0;
9671;6043;impassable;0;0;
9672;1360;impassable;0;0;
9672;1361;impassable;0;0;
9672;1362;impassable;0;0;
9672;1380;impassable;0;0;
9672;1381;impassable;0;0;
9672;1382;impassable;0;0;
9672;1383;impassable;0;0;
9672;1384;impassable;0;0;
9672;1385;impassable;0;0;
9672;1386;impassable;0;0;
9672;1387;impassable;0;0;
9672;1388;impassable;0;0;
9672;1389;impassable;0;0;
9672;1390;impassable;0;0;
9672;1392;impassable;0;0;
9672;1393;impassable;0;0;
9672;1395;impassable;0;0;
9672;1400;impassable;0;0;
9672;1553;impassable;0;0;
9672;1554;impassable;0;0;
9672;1555;impassable;0;0;
9672;1556;impassable;0;0;
9672;7845;impassable;0;0;
9673;6164;impassable;0;0;
9673;6490;impassable;0;0;
9673;6497;impassable;0;0;
9673;6551;impassable;0;0;
9673;6552;impassable;0;0;
9674;431;impassable;0;0;
9674;432;impassable;0;0;
9674;433;impassable;0;0;
9674;446;impassable;0;0;
9675;6196;impassable;0;0;
9675;6197;impassable;0;0;
9675;6208;impassable;0;0;
9675;6221;impassable;0;0;
9675;6222;impassable;0;0;
9675;6223;impassable;0;0;
9675;6227;impassable;0;0;
9675;6228;impassable;0;0;
9675;6229;impassable;0;0;
9675;6242;impassable;0;0;
9675;6670;impassable;0;0;
9675;6672;impassable;0;0;
9676;5417;impassable;0;0;
9676;5419;impassable;0;0;
9676;5666;impassable;0;0;
9676;5667;impassable;0;0;
9676;5668;impassable;0;0;
9676;5669;impassable;0;0;
9676;5696;impassable;0;0;
9676;5698;impassable;0;0;
9676;9686;impassable;0;0;
9677;3218;impassable;0;0;
9677;3219;impassable;0;0;
9677;3416;impassable;0;0;
9677;3417;impassable;0;0;
9677;3877;impassable;0;0;
9677;3880;impassable;0;0;
9678;5426;impassable;0;0;
9678;5785;impassable;0;0;
9678;5786;impassable;0;0;
9678;5787;impassable;0;0;
9678;5789;impassable;0;0;
9678;5791;impassable;0;0;
9678;5793;impassable;0;0;
9678;7518;impassable;0;0;
9679;535;impassable;0;0;
9679;536;impassable;0;0;
9679;537;impassable;0;0;
9679;542;impassable;0;0;
9679;547;impassable;0;0;
9679;548;impassable;0;0;
9679;549;impassable;0;0;
9679;550;impassable;0;0;
9679;551;impassable;0;0;
9679;552;impassable;0;0;
9679;7663;impassable;0;0;
9680;3019;impassable;0;0;
9681;113;impassable;0;0;
9681;114;impassable;0;0;
9681;115;impassable;0;0;
9681;116;impassable;0;0;
9681;117;impassable;0;0;
9681;118;impassable;0;0;
9681;119;impassable;0;0;
9681;120;impassable;0;0;
9681;121;impassable;0;0;
9681;122;impassable;0;0;
9681;128;impassable;0;0;
9681;129;impassable;0;0;
9681;130;impassable;0;0;
9681;131;impassable;0;0;
9681;132;impassable;0;0;
9681;149;impassable;0;0;
9681;150;impassable;0;0;
9681;154;impassable;0;0;
9681;155;impassable;0;0;
9681;156;impassable;0;0;
9681;157;impassable;0;0;
9681;159;impassable;0;0;
9681;7004;impassable;0;0;
9682;4651;impassable;0;0;
9682;4653;impassable;0;0;
9682;4654;impassable;0;0;
9682;4805;impassable;0;0;
9682;4806;impassable;0;0;
9682;4810;impassable;0;0;
9682;4811;impassable;0;0;
9682;5023;impassable;0;0;
9682;5024;impassable;0;0;
9682;5026;impassable;0;0;
9682;5032;impassable;0;0;
9682;5035;impassable;0;0;
9683;227;impassable;0;0;
9683;230;impassable;0;0;
9683;341;impassable;0;0;
9683;342;impassable;0;0;
9683;343;impassable;0;0;
9683;344;impassable;0;0;
9683;345;impassable;0;0;
9683;429;impassable;0;0;
9683;431;impassable;0;0;
9683;432;impassable;0;0;
9684;4703;impassable;0;0;
9684;4708;impassable;0;0;
9684;4710;impassable;0;0;
9684;4717;impassable;0;0;
9684;5143;impassable;0;0;
9684;5157;impassable;0;0;
9684;5200;impassable;0;0;
9684;5201;impassable;0;0;
9684;5202;impassable;0;0;
9684;5203;impassable;0;0;
9684;5214;impassable;0;0;
9684;5254;impassable;0;0;
9684;5256;impassable;0;0;
9684;5257;impassable;0;0;
9684;5258;impassable;0;0;
9685;4949;impassable;0;0;
9685;4986;impassable;0;0;
9685;8949;impassable;0;0;
9686;5355;impassable;0;0;
9686;5356;impassable;0;0;
9686;5357;impassable;0;0;
9686;5364;impassable;0;0;
9686;5404;impassable;0;0;
9686;5419;impassable;0;0;
9686;5669;impassable;0;0;
9686;5674;impassable;0;0;
9686;5675;impassable;0;0;
9686;5676;impassable;0;0;
9686;5678;impassable;0;0;
9686;5779;impassable;0;0;
9687;3534;impassable;0;0;
9687;3535;impassable;0;0;
9687;3537;impassable;0;0;
9687;3569;impassable;0;0;
9687;3570;impassable;0;0;
9687;3572;impassable;0;0;
9688;4741;impassable;0;0;
9688;4743;impassable;0;0;
9688;4843;impassable;0;0;
9688;5007;impassable;0;0;
9689;108;impassable;0;0;
9689;110;impassable;0;0;
9689;111;impassable;0;0;
9689;112;impassable;0;0;
9689;120;impassable;0;0;
9689;121;impassable;0;0;
9689;122;impassable;0;0;
9689;124;impassable;0;0;
9689;126;impassable;0;0;
9689;133;impassable;0;0;
9689;134;impassable;0;0;
9689;135;impassable;0;0;
9689;137;impassable;0;0;
9689;138;impassable;0;0;
9689;141;impassable;0;0;
9689;7061;impassable;0;0;
9690;6759;impassable;0;0;
9690;6762;impassable;0;0;
9690;6764;impassable;0;0;
9690;6766;impassable;0;0;
9690;6778;impassable;0;0;
9691;4802;impassable;0;0;
9691;4803;impassable;0;0;
9691;4812;impassable;0;0;
9691;4813;impassable;0;0;
9691;4815;impassable;0;0;
9691;5021;impassable;0;0;
9691;5022;impassable;0;0;
9691;5031;impassable;0;0;
9691;5033;impassable;0;0;
9692;3255;impassable;0;0;
9692;3619;impassable;0;0;
9692;3621;impassable;0;0;
9692;3622;impassable;0;0;
9692;3623;impassable;0;0;
9692;3624;impassable;0;0;
9692;3625;impassable;0;0;
9692;3632;impassable;0;0;
9693;7139;impassable;0;0;
9693;7141;impassable;0;0;
9693;7148;impassable;0;0;
9693;7150;impassable;0;0;
9693;7151;impassable;0;0;
9693;7156;impassable;0;0;
9693;7159;impassable;0;0;
9693;8247;impassable;0;0;
9693;8249;impassable;0;0;
9693;8660;impassable;0;0;
9693;8663;impassable;0;0;
9693;8691;impassable;0;0;
9693;8692;impassable;0;0;
9693;8694;impassable;0;0;
9693;8695;impassable;0;0;
9693;8696;impassable;0;0;
9693;8746;impassable;0;0;
9693;8747;impassable;0;0;
9693;8748;impassable;0;0;
9693;8749;impassable;0;0;
9693;8750;impassable;0;0;
9693;8841;impassable;0;0;
9693;8845;impassable;0;0;
9693;8846;impassable;0;0;
9693;8848;impassable;0;0;
9694;239;impassable;0;0;
9694;240;impassable;0;0;
9694;287;impassable;0;0;
9694;288;impassable;0;0;
9694;326;impassable;0;0;
9694;327;impassable;0;0;
9694;507;impassable;0;0;
9694;508;impassable;0;0;
9694;509;impassable;0;0;
9694;511;impassable;0;0;
9694;549;impassable;0;0;
9694;553;impassable;0;0;
9694;554;impassable;0;0;
9694;558;impassable;0;0;
9694;559;impassable;0;0;
9694;7433;impassable;0;0;
9695;3397;impassable;0;0;
9695;3451;impassable;0;0;
9695;3452;impassable;0;0;
9695;3453;impassable;0;0;
9696;1362;impassable;0;0;
9696;1364;impassable;0;0;
9696;1365;impassable;0;0;
9696;1366;impassable;0;0;
9696;1367;impassable;0;0;
9696;1368;impassable;0;0;
9696;1369;impassable;0;0;
9696;1380;impassable;0;0;
9696;1381;impassable;0;0;
9696;1399;impassable;0;0;
9696;1400;impassable;0;0;
9697;1774;impassable;0;0;
9697;1775;impassable;0;0;
9697;1776;impassable;0;0;
9697;1777;impassable;0;0;
9697;1778;impassable;0;0;
9697;1920;impassable;0;0;
9697;1921;impassable;0;0;
9697;1922;impassable;0;0;
9697;1924;impassable;0;0;
9697;1925;impassable;0;0;
9697;1926;impassable;0;0;
9697;1927;impassable;0;0;
9697;1928;impassable;0;0;
9697;1930;impassable;0;0;
9697;1931;impassable;0;0;
9697;1932;impassable;0;0;
9697;1933;impassable;0;0;
9698;2296;impassable;0;0;
9698;2317;impassable;0;0;
9698;2319;impassable;0;0;
9698;2320;impassable;0;0;
9698;2356;impassable;0;0;
9698;8849;impassable;0;0;
9699;2497;impassable;0;0;
9699;2740;impassable;0;0;
9699;2742;impassable;0;0;
9699;2745;impassable;0;0;
9699;2748;impassable;0;0;
9699;2787;impassable;0;0;
9699;2789;impassable;0;0;
9700;5313;impassable;0;0;
9700;5314;impassable;0;0;
9700;5659;impassable;0;0;
9700;5666;impassable;0;0;
9700;5695;impassable;0;0;
9700;5696;impassable;0;0;
9701;6930;impassable;0;0;
9701;6932;impassable;0;0;
9701;7085;impassable;0;0;
9701;7086;impassable;0;0;
9701;7087;impassable;0;0;
9701;7088;impassable;0;0;
9701;7183;impassable;0;0;
9701;7219;impassable;0;0;
9701;7222;impassable;0;0;
9701;7585;impassable;0;0;
9701;7587;impassable;0;0;
9701;7589;impassable;0;0;
9701;7590;impassable;0;0;
9701;7591;impassable;0;0;
9701;8120;impassable;0;0;
9701;8122;impassable;0;0;
9701;8123;impassable;0;0;
9701;8125;impassable;0;0;
9701;8127;impassable;0;0;
9701;8762;impassable;0;0;
9701;8763;impassable;0;0;
9701;8766;impassable;0;0;
9701;8767;impassable;0;0;
9701;8775;impassable;0;0;
9701;8776;impassable;0;0;
9702;4663;impassable;0;0;
9702;5045;impassable;0;0;
9702;5046;impassable;0;0;
9702;5049;impassable;0;0;
9702;5051;impassable;0;0;
9702;5060;impassable;0;0;
9702;5061;impassable;0;0;
9703;78;impassable;0;0;
9703;84;impassable;0;0;
9703;85;impassable;0;0;
9703;86;impassable;0;0;
9703;87;impassable;0;0;
9704;2452;impassable;0;0;
9704;2453;impassable;0;0;
9704;2455;impassable;0;0;
9704;2515;impassable;0;0;
9704;2516;impassable;0;0;
9704;2517;impassable;0;0;
9704;2574;impassable;0;0;
9704;2702;impassable;0;0;
9704;2703;impassable;0;0;
9705;2188;impassable;0;0;
9705;2189;impassable;0;0;
9705;2191;impassable;0;0;
9705;2192;impassable;0;0;
9705;2302;impassable;0;0;
9705;2303;impassable;0;0;
9705;2304;impassable;0;0;
9705;2361;impassable;0;0;
9705;2382;impassable;0;0;
9705;2383;impassable;0;0;
9705;2384;impassable;0;0;
9705;2385;impassable;0;0;
9705;2386;impassable;0;0;
9705;2387;impassable;0;0;
9705;2394;impassable;0;0;
9705;2395;impassable;0;0;
9705;2396;impassable;0;0;
9705;2397;impassable;0;0;
9705;7318;impassable;0;0;
9706;495;impassable;0;0;
9706;496;impassable;0;0;
9706;497;impassable;0;0;
9707;1026;impassable;0;0;
9707;1028;impassable;0;0;
9707;1029;impassable;0;0;
9707;1031;impassable;0;0;
9707;1033;impassable;0;0;
9707;1034;impassable;0;0;
9708;3696;impassable;0;0;
9708;3698;impassable;0;0;
9708;3699;impassable;0;0;
9708;3700;impassable;0;0;
9708;4379;impassable;0;0;
9708;4380;impassable;0;0;
9708;4822;impassable;0;0;
9708;4825;impassable;0;0;
9708;4826;impassable;0;0;
9708;8513;impassable;0;0;
9709;5923;impassable;0;0;
9709;5924;impassable;0;0;
9709;5965;impassable;0;0;
9709;5968;impassable;0;0;
9709;6034;impassable;0;0;
9709;6035;impassable;0;0;
9709;6038;impassable;0;0;
9709;6060;impassable;0;0;
9709;6095;impassable;0;0;
208;299;land;0;0;
216;448;land;0;0;
228;346;land;0;0;
244;333;land;0;0;
246;544;land;0;0;
267;383;land;0;0;
301;463;land;0;0;
348;349;land;0;0;
473;494;land;0;0;
975;993;land;0;0;
984;988;land;0;0;
985;987;land;0;0;
987;988;land;0;0;
988;989;land;0;0;
988;995;land;0;0;
996;1007;land;0;0;
997;999;land;0;0;
1001;1004;land;0;0;
1009;1036;land;0;0;
1013;1036;land;0;0;
1027;1028;land;0;0;
1028;1029;land;0;0;
1032;1033;land;0;0;
1039;1040;land;0;0;
1039;1041;land;0;0;
1040;1041;land;0;0;
1044;1057;land;0;0;
1047;1048;land;0;0;
1047;1049;land;0;0;
1051;1057;land;0;0;
1053;1055;land;0;0;
1054;1055;land;0;0;
1360;1553;land;0;0;
1362;1393;land;0;0;
1380;1388;land;0;0;
1407;1420;land;0;0;
1427;1438;land;0;0;
1562;1566;land;0;0;
1580;1586;land;0;0;
1588;1609;land;0;0;
1764;1911;land;0;0;
1793;1839;land;0;0;
1794;1844;land;0;0;
1832;1896;land;0;0;
1873;2010;land;0;0;
1875;1876;land;0;0;
1876;2097;land;0;0;
1881;1887;land;0;0;
1887;1888;land;0;0;
1887;1894;land;0;0;
1889;1890;land;0;0;
1889;1894;land;0;0;
1890;1895;land;0;0;
1890;2086;land;0;0;
1891;1895;land;0;0;
1892;2088;land;0;0;
1894;1895;land;0;0;
1897;2089;land;0;0;
1932;1937;land;0;0;
1938;1955;land;0;0;
1984;1992;land;0;0;
1998;2081;land;0;0;
2023;2050;land;0;0;
2030;2050;land;0;0;
2031;2048;land;0;0;
2049;2050;land;0;0;
2072;2083;land;0;0;
2086;2094;land;0;0;
2087;2092;land;0;0;
2091;2103;land;0;0;
2094;2098;land;0;0;
2095;2096;land;0;0;
2096;2097;land;0;0;
2096;2105;land;0;0;
2097;2099;land;0;0;
2097;2105;land;0;0;
2105;2107;land;0;0;
2120;2135;land;0;0;
2125;2128;land;0;0;
2166;2200;land;0;0;
2184;2434;land;0;0;
2192;2304;land;0;0;
2193;2434;land;0;0;
2208;2211;land;0;0;
2209;2210;land;0;0;
2209;2211;land;0;0;
2209;2242;land;0;0;
2210;2212;land;0;0;
2210;2216;land;0;0;
2211;2212;land;0;0;
2212;2213;land;0;0;
2218;2237;land;0;0;
2221;2241;land;0;0;
2252;2277;land;0;0;
2255;2259;land;0;0;
2309;2417;land;0;0;
2319;2356;land;0;0;
2386;2394;land;0;0;
2389;2405;land;0;0;
2408;2418;land;0;0;
2417;2418;land;0;0;
2437;2721;land;0;0;
2447;2771;land;0;0;
2538;2554;land;0;0;
2539;2565;land;0;0;
2540;2734;land;0;0;
2543;2586;land;0;0;
2593;2810;land;0;0;
2611;2675;land;0;0;
2613;2618;land;0;0;
2653;2654;land;0;0;
2689;2710;land;0;0;
2721;2729;land;0;0;
2741;2827;land;0;0;
2756;2979;land;0;0;
2771;2774;land;0;0;
2813;2924;land;0;0;
2822;2950;land;0;0;
2828;2829;land;0;0;
2949;2952;land;0;0;
3004;3045;land;0;0;
3135;3561;land;0;0;
3223;3597;land;0;0;
3262;3677;land;0;0;
3270;3570;land;0;0;
3398;3855;land;0;0;
3402;3553;land;0;0;
3450;3501;land;0;0;
3598;3602;land;0;0;
3621;3623;land;0;0;
3775;3778;land;0;0;
3778;3830;land;0;0;
3838;3853;land;0;0;
4082;4303;land;0;0;
4083;4084;land;0;0;
4084;4306;land;0;0;
4143;4144;land;0;0;
4332;4333;land;0;0;
4367;4391;land;0;0;
4386;4391;land;0;0;
4424;4425;land;0;0;
4494;4724;land;0;0;
4507;5180;land;0;0;
4587;4724;land;0;0;
4643;5099;land;0;0;
4669;5276;land;0;0;
4678;5249;land;0;0;
4692;5169;land;0;0;
4897;4932;land;0;0;
4897;5268;land;0;0;
4920;4942;land;0;0;
4949;4986;land;0;0;
4995;5245;land;0;0;
5135;5190;land;0;0;
5143;5181;land;0;0;
5299;5304;land;0;0;
5301;5533;land;0;0;
5305;5615;land;0;0;
5324;5581;land;0;0;
5325;5619;land;0;0;
5356;5404;land;0;0;
5364;5672;land;0;0;
5430;5502;land;0;0;
5462;5748;land;0;0;
5475;5614;land;0;0;
5487;5614;land;0;0;
5527;5605;land;0;0;
5535;5536;land;0;0;
5595;5596;land;0;0;
5669;5674;land;0;0;
5674;5678;land;0;0;
5776;5781;land;0;0;
5782;5794;land;0;0;
5784;5785;land;0;0;
5785;5786;land;0;0;
5785;5791;land;0;0;
5789;5793;land;0;0;
5880;6098;land;0;0;
5892;5894;land;0;0;
5893;6132;land;0;0;
5902;6088;land;0;0;
5928;5931;land;0;0;
5958;6071;land;0;0;
5960;5961;land;0;0;
6034;6060;land;0;0;
6051;6139;land;0;0;
6084;6106;land;0;0;
6086;6137;land;0;0;
6114;6129;land;0;0;
6126;6131;land;0;0;
6133;6147;land;0;0;
6199;6529;land;0;0;
6231;6421;land;0;0;
6234;6247;land;0;0;
6266;6283;land;0;0;
6270;6370;land;0;0;
6420;6483;land;0;0;
6489;6492;land;0;0;
6492;6494;land;0;0;
6506;6515;land;0;0;
6515;6516;land;0;0;
6706;6747;land;0;0;
6708;6760;land;0;0;
6710;6712;land;0;0;
6715;6841;land;0;0;
6717;6725;land;0;0;
6718;6738;land;0;0;
6724;6728;land;0;0;
6726;6842;land;0;0;
6741;6842;land;0;0;
6744;6768;land;0;0;
6841;6842;land;0;0;
6842;6843;land;0;0;
6859;6896;land;0;0;
6860;6883;land;0;0;
6875;6882;land;0;0;
6879;6898;land;0;0;
6882;6893;land;0;0;
6884;6897;land;0;0;
6887;6897;land;0;0;
6897;6898;land;0;0;
1;100;sea;7015;0;
9;15;sea;7008;0;
13;14;sea;7026;0;
16;20;sea;7007;0;
16;23;sea;7009;0;
17;102;sea;7006;0;
27;180;sea;8387;0;
47;48;sea;6991;0;
62;71;sea;6988;0;
72;73;sea;7060;0;
104;106;sea;8373;0;
139;144;sea;6908;0;
169;188;sea;6994;0;
172;192;sea;6993;0;
184;186;sea;7000;0;
193;197;sea;7659;0;
193;280;sea;7659;0;
195;574;sea;8353;0;
196;573;sea;8353;0;
221;479;sea;6974;0;
239;319;sea;7415;0;
243;321;sea;7415;0;
244;245;sea;8401;0;
245;529;sea;8401;0;
246;247;sea;7430;0;
254;255;sea;7660;0;
264;265;sea;7413;0;
278;279;sea;7655;0;
283;569;sea;8924;0;
296;571;sea;8924;0;
314;316;sea;7638;0;
318;321;sea;7415;0;
319;562;sea;7414;0;
321;322;sea;8355;0;
323;330;sea;6978;0;
329;332;sea;6975;0;
331;332;sea;6975;0;
364;579;sea;8352;0;
369;372;sea;8375;0;
395;409;sea;7635;0;
437;522;sea;8295;0;
451;469;sea;7644;0;
452;454;sea;7643;0;
453;455;sea;7643;0;
455;581;sea;8292;0;
464;465;sea;7648;0;
510;563;sea;7414;0;
537;550;sea;7663;0;
555;556;sea;7641;0;
555;557;sea;7641;0;
556;557;sea;7641;0;
562;563;sea;7414;0;
572;581;sea;7650;0;
579;581;sea;8352;0;
581;583;sea;8352;0;
597;598;sea;7727;0;
620;621;sea;8306;0;
629;631;sea;8571;0;
632;634;sea;6986;0;
633;635;sea;6984;0;
635;697;sea;6984;0;
636;638;sea;6985;0;
637;639;sea;7745;0;
645;701;sea;6983;0;
647;648;sea;8918;0;
648;649;sea;8918;0;
648;650;sea;8918;0;
648;666;sea;8918;0;
649;651;sea;8918;0;
650;651;sea;8918;0;
651;672;sea;8918;0;
653;670;sea;7739;0;
655;667;sea;7740;0;
661;668;sea;7739;0;
672;675;sea;8918;0;
673;674;sea;7728;0;
673;675;sea;7728;0;
682;683;sea;7714;0;
688;689;sea;8324;0;
689;690;sea;8317;0;
699;701;sea;6983;0;
720;721;sea;8312;0;
721;749;sea;8312;0;
727;728;sea;8309;0;
728;731;sea;8309;0;
748;749;sea;8312;0;
778;786;sea;8594;0;
778;798;sea;8595;0;
797;800;sea;7697;0;
830;831;sea;7108;0;
832;833;sea;7108;0;
832;843;sea;7109;0;
835;840;sea;7110;0;
835;845;sea;7104;0;
836;837;sea;8527;0;
837;838;sea;8526;0;
839;846;sea;7103;0;
839;848;sea;8525;0;
841;847;sea;7094;0;
845;846;sea;7104;0;
849;855;sea;8391;0;
849;859;sea;7670;0;
855;859;sea;8390;0;
856;857;sea;7674;0;
856;858;sea;7674;0;
857;858;sea;7674;0;
859;860;sea;8390;0;
859;861;sea;8390;0;
860;861;sea;8390;0;
860;862;sea;8390;0;
865;870;sea;7673;0;
867;869;sea;7673;0;
868;869;sea;7672;0;
868;870;sea;7672;0;
869;873;sea;8614;0;
870;877;sea;7673;0;
871;883;sea;7672;0;
875;876;sea;7685;0;
878;879;sea;7685;0;
880;881;sea;7684;0;
881;882;sea;7685;0;
882;884;sea;7680;0;
890;891;sea;8615;0;
891;892;sea;8613;0;
896;897;sea;8007;0;
906;908;sea;7252;0;
917;925;sea;7250;0;
918;937;sea;7264;0;
924;925;sea;7264;0;
939;940;sea;7250;0;
941;942;sea;6937;0;
949;955;sea;8705;0;
950;954;sea;8703;0;
962;963;sea;7268;0;
965;966;sea;7296;0;
967;969;sea;7294;0;
974;2136;sea;7208;0;
1063;1166;sea;8652;0;
1065;1175;sea;8283;0;
1068;1180;sea;8199;0;
1076;1234;sea;8261;0;
1083;1274;sea;8657;0;
1085;1087;sea;8659;0;
1085;1283;sea;8656;0;
1088;1089;sea;8268;0;
1089;1090;sea;8267;0;
1091;1279;sea;8232;0;
1094;1141;sea;8225;0;
1097;1153;sea;8146;0;
1113;1114;sea;8171;0;
1113;1115;sea;8170;0;
1119;1149;sea;8173;0;
1128;1296;sea;8183;0;
1129;1135;sea;8191;0;
1131;1132;sea;8194;0;
1131;1134;sea;8189;0;
1132;1136;sea;8193;0;
1133;1287;sea;8192;0;
1134;1138;sea;8190;0;
1142;1143;sea;8224;0;
1145;1296;sea;8179;0;
1148;1157;sea;8672;0;
1158;1159;sea;8163;0;
1168;1175;sea;8287;0;
1172;1290;sea;8285;0;
1182;1185;sea;8204;0;
1185;1186;sea;8203;0;
1187;1188;sea;8207;0;
1187;1196;sea;8208;0;
1196;1198;sea;8208;0;
1196;1199;sea;8208;0;
1197;1198;sea;8211;0;
1198;1202;sea;8212;0;
1219;1220;sea;8258;0;
1265;1267;sea;8276;0;
1266;1276;sea;8275;0;
1274;1275;sea;8275;0;
1275;1276;sea;8275;0;
1279;1280;sea;8228;0;
1297;1299;sea;7169;0;
1299;1300;sea;7169;0;
1299;1301;sea;7169;0;
1299;1344;sea;7169;0;
1307;1308;sea;7165;0;
1307;1316;sea;8682;0;
1308;1318;sea;7165;0;
1316;1322;sea;8681;0;
1318;1347;sea;7162;0;
1318;1348;sea;7163;0;
1323;1338;sea;8677;0;
1336;1337;sea;8678;0;
1339;1340;sea;8675;0;
1342;1343;sea;8685;0;
1346;1347;sea;7162;0;
1347;1350;sea;7162;0;
1348;1349;sea;7163;0;
1349;1350;sea;7163;0;
1351;1352;sea;7830;0;
1351;1353;sea;7830;0;
1351;1402;sea;7825;0;
1352;1353;sea;7830;0;
1353;1354;sea;7825;0;
1353;1809;sea;7830;0;
1355;2102;sea;7840;0;
1356;2012;sea;7842;0;
1356;2099;sea;8863;0;
1358;1359;sea;7848;0;
1359;1613;sea;7848;0;
1359;2015;sea;7842;0;
1369;1415;sea;8858;0;
1372;1888;sea;7836;0;
1372;2098;sea;7837;0;
1376;1879;sea;7834;0;
1403;1405;sea;7828;0;
1414;1415;sea;8859;0;
1415;1425;sea;8857;0;
1416;1434;sea;8049;0;
1433;1436;sea;7809;0;
1435;1439;sea;8864;0;
1436;1437;sea;7809;0;
1465;1467;sea;8046;0;
1546;1547;sea;7918;0;
1566;1570;sea;7847;0;
1570;1578;sea;7847;0;
1570;1613;sea;7846;0;
1583;1613;sea;7843;0;
1590;1667;sea;8800;0;
1591;1665;sea;8799;0;
1591;1668;sea;8787;0;
1600;1647;sea;7922;0;
1602;1654;sea;7935;0;
1602;1663;sea;8801;0;
1604;1667;sea;8800;0;
1605;1629;sea;7933;0;
1610;1630;sea;8090;0;
1614;2015;sea;8876;0;
1622;2006;sea;8877;0;
1632;1654;sea;7936;0;
1633;1652;sea;7937;0;
1637;2007;sea;8879;0;
1638;1642;sea;7850;0;
1642;1643;sea;7849;0;
1642;1694;sea;7849;0;
1645;1646;sea;7950;0;
1646;1650;sea;7944;0;
1649;1677;sea;7951;0;
1650;1651;sea;7943;0;
1651;1652;sea;7944;0;
1653;1656;sea;7940;0;
1654;1658;sea;7938;0;
1655;1656;sea;7940;0;
1656;1657;sea;7940;0;
1657;1659;sea;7939;0;
1658;1659;sea;7925;0;
1658;1660;sea;7925;0;
1658;1663;sea;7938;0;
1659;1661;sea;7926;0;
1660;1661;sea;7926;0;
1660;1669;sea;7923;0;
1661;1670;sea;7927;0;
1662;1672;sea;7930;0;
1665;1668;sea;8787;0;
1668;1669;sea;7923;0;
1669;1670;sea;7927;0;
1670;1671;sea;7930;0;
1671;1672;sea;7930;0;
1672;1740;sea;7929;0;
1673;1674;sea;8805;0;
1673;1675;sea;8805;0;
1673;1676;sea;8805;0;
1674;1675;sea;8805;0;
1674;1676;sea;8805;0;
1675;1681;sea;8802;0;
1676;1729;sea;7985;0;
1677;1678;sea;7952;0;
1678;1679;sea;7953;0;
1679;1682;sea;8004;0;
1679;1683;sea;8004;0;
1680;1681;sea;8802;0;
1682;1683;sea;8004;0;
1682;1685;sea;8809;0;
1684;1685;sea;8003;0;
1691;1692;sea;8790;0;
1691;1693;sea;7949;0;
1692;1693;sea;7949;0;
1692;1695;sea;7947;0;
1693;1694;sea;7947;0;
1694;1695;sea;7849;0;
1696;1697;sea;7962;0;
1707;1709;sea;7976;0;
1708;1710;sea;8811;0;
1709;1710;sea;8811;0;
1709;1711;sea;8813;0;
1710;1711;sea;8813;0;
1710;1726;sea;8810;0;
1711;1712;sea;7981;0;
1711;1714;sea;8812;0;
1712;1713;sea;7982;0;
1712;1738;sea;7982;0;
1713;1714;sea;7982;0;
1713;1720;sea;7982;0;
1716;1717;sea;8835;0;
1718;1753;sea;8029;0;
1720;1738;sea;7982;0;
1735;1737;sea;8031;0;
1738;1739;sea;8836;0;
1761;1762;sea;8814;0;
1762;1763;sea;8038;0;
1770;2113;sea;7248;0;
1779;1780;sea;7806;0;
1781;2019;sea;7807;0;
1822;1824;sea;7811;0;
1828;1829;sea;7815;0;
1842;1844;sea;8074;0;
1855;1856;sea;7789;0;
1858;1859;sea;7789;0;
1859;2115;sea;8078;0;
1876;2012;sea;8861;0;
1877;1878;sea;7834;0;
1878;1902;sea;7833;0;
1889;2098;sea;7837;0;
1922;1923;sea;7336;0;
1935;1936;sea;7856;0;
1953;1955;sea;7342;0;
2001;2002;sea;8872;0;
2004;2005;sea;8875;0;
2013;2015;sea;8876;0;
2017;2019;sea;7807;0;
2019;2020;sea;7807;0;
2100;2101;sea;7839;0;
2101;2102;sea;7840;0;
2113;2114;sea;7248;0;
2114;2115;sea;8078;0;
2136;2137;sea;7208;0;
2137;2139;sea;7207;0;
2180;2181;sea;7197;0;
2279;2312;sea;8852;0;
2282;2283;sea;7319;0;
2282;2284;sea;7319;0;
2283;2284;sea;7319;0;
2283;2306;sea;7318;0;
2284;2286;sea;7321;0;
2285;2286;sea;7317;0;
2286;2298;sea;7314;0;
2312;2313;sea;7229;0;
2313;2314;sea;7224;0;
2315;2337;sea;7226;0;
2346;2347;sea;8011;0;
2346;2348;sea;8011;0;
2347;2348;sea;8011;0;
2440;5196;sea;7427;0;
2453;2793;sea;8641;0;
2481;2483;sea;7403;0;
2483;2608;sea;7403;0;
2485;2486;sea;8444;0;
2509;2510;sea;8356;0;
2512;2715;sea;8446;0;
2526;2800;sea;7423;0;
2527;5225;sea;7422;0;
2531;2532;sea;7397;0;
2578;2579;sea;8963;0;
2578;2803;sea;8963;0;
2580;2635;sea;7389;0;
2582;2933;sea;8958;0;
2608;2675;sea;7403;0;
2613;5190;sea;7426;0;
2660;2661;sea;7397;0;
2662;2663;sea;7404;0;
2681;2682;sea;8646;0;
2683;2720;sea;8645;0;
2712;2713;sea;8445;0;
2714;2715;sea;8446;0;
2716;2797;sea;8649;0;
2717;2793;sea;8641;0;
2717;2796;sea;8649;0;
2794;2795;sea;8642;0;
2799;2800;sea;7423;0;
2801;2802;sea;8441;0;
2803;2804;sea;7409;0;
2804;2805;sea;7409;0;
2831;3088;sea;7372;0;
2833;2834;sea;7372;0;
2843;2844;sea;8958;0;
2859;3101;sea;7369;0;
2861;3088;sea;7373;0;
2862;3105;sea;8406;0;
2870;3067;sea;7365;0;
2871;3040;sea;7361;0;
2877;2878;sea;6947;0;
2877;3116;sea;6949;0;
2877;3121;sea;6949;0;
2878;3076;sea;6947;0;
2888;3105;sea;8406;0;
2893;2894;sea;8453;0;
2960;2963;sea;7387;0;
2962;3085;sea;7370;0;
2963;3099;sea;7387;0;
3040;3041;sea;7360;0;
3068;3094;sea;7365;0;
3086;3101;sea;7369;0;
3088;3106;sea;7373;0;
3117;3118;sea;8455;0;
3136;3137;sea;8910;0;
3136;3138;sea;8910;0;
3137;3140;sea;8911;0;
3137;3541;sea;8911;0;
3138;3139;sea;8910;0;
3139;3140;sea;8910;0;
3139;3557;sea;8910;0;
3149;3720;sea;8548;0;
3156;3157;sea;7607;0;
3156;3718;sea;7607;0;
3164;3690;sea;7047;0;
3187;3388;sea;7559;0;
3189;3824;sea;7596;0;
3191;3193;sea;7583;0;
3197;3981;sea;8886;0;
3198;3239;sea;8942;0;
3200;3201;sea;8518;0;
3213;3214;sea;8896;0;
3213;3459;sea;8896;0;
3214;3215;sea;7541;0;
3214;3988;sea;8935;0;
3215;3250;sea;7541;0;
3219;3220;sea;8537;0;
3236;3237;sea;8552;0;
3236;3724;sea;8887;0;
3238;3239;sea;8942;0;
3268;3674;sea;8551;0;
3286;3773;sea;7606;0;
3287;3719;sea;8549;0;
3289;3477;sea;7608;0;
3289;3782;sea;7608;0;
3309;3780;sea;8927;0;
3310;3708;sea;8926;0;
3311;3475;sea;8496;0;
3312;3343;sea;8494;0;
3313;3771;sea;8928;0;
3323;3324;sea;8497;0;
3328;3329;sea;7566;0;
3329;3331;sea;7566;0;
3330;3331;sea;8540;0;
3330;3403;sea;8540;0;
3330;3445;sea;8540;0;
3331;3439;sea;8065;0;
3343;3736;sea;8494;0;
3343;3759;sea;8494;0;
3349;3353;sea;8560;0;
3349;4002;sea;8560;0;
3358;3364;sea;7542;0;
3363;3833;sea;7557;0;
3369;3817;sea;7598;0;
3379;3811;sea;7558;0;
3391;3829;sea;7580;0;
3394;3957;sea;8543;0;
3395;3973;sea;8888;0;
3403;3446;sea;8540;0;
3421;3924;sea;8947;0;
3421;3925;sea;8947;0;
3422;3909;sea;7552;0;
3423;3424;sea;8957;0;
3423;3425;sea;8956;0;
3423;3911;sea;7555;0;
3430;3903;sea;7554;0;
3435;3436;sea;8063;0;
3435;3538;sea;8063;0;
3436;3437;sea;8063;0;
3441;3933;sea;7544;0;
3443;3940;sea;8547;0;
3445;3446;sea;8540;0;
3445;3448;sea;8540;0;
3446;3447;sea;8539;0;
3447;3448;sea;8539;0;
3448;3449;sea;8541;0;
3449;3542;sea;8541;0;
3449;3558;sea;8541;0;
3455;3456;sea;8894;0;
3455;3986;sea;8893;0;
3456;3457;sea;8894;0;
3456;4001;sea;8894;0;
3457;3458;sea;8894;0;
3458;3459;sea;8895;0;
3460;4004;sea;8555;0;
3479;3480;sea;7086;0;
3484;3881;sea;7568;0;
3494;3888;sea;8517;0;
3494;3897;sea;7570;0;
3497;3502;sea;8936;0;
3511;3933;sea;7546;0;
3512;3513;sea;7545;0;
3530;3531;sea;8561;0;
3534;3557;sea;8913;0;
3535;3558;sea;8542;0;
3539;3541;sea;8062;0;
3549;3902;sea;7556;0;
3550;3899;sea;8954;0;
3557;3558;sea;8913;0;
3559;3565;sea;8565;0;
3573;3575;sea;8560;0;
3573;4002;sea;8554;0;
3683;4453;sea;8514;0;
3684;4429;sea;7050;0;
3708;3772;sea;8928;0;
3708;3784;sea;8926;0;
3719;3721;sea;8549;0;
3722;3723;sea;8551;0;
3723;3724;sea;8552;0;
3759;3771;sea;8928;0;
3760;3769;sea;8929;0;
3767;3768;sea;7613;0;
3770;3772;sea;8929;0;
3770;3785;sea;7603;0;
3828;3829;sea;7579;0;
3881;3882;sea;8538;0;
3883;3884;sea;8519;0;
3885;3887;sea;6968;0;
3899;3900;sea;8954;0;
3900;3912;sea;8954;0;
3901;3906;sea;8955;0;
3902;3904;sea;7556;0;
3902;3905;sea;7556;0;
3902;3906;sea;7556;0;
3903;3904;sea;7554;0;
3903;3908;sea;7554;0;
3904;3905;sea;7556;0;
3904;3908;sea;7554;0;
3905;3910;sea;7555;0;
3905;3911;sea;7555;0;
3907;3918;sea;7553;0;
3912;3916;sea;7568;0;
3914;3915;sea;7569;0;
3915;3916;sea;7568;0;
3920;3923;sea;8946;0;
3922;3923;sea;8946;0;
3923;3924;sea;8946;0;
3928;3929;sea;7549;0;
3928;3930;sea;8948;0;
3931;3932;sea;7544;0;
3932;3933;sea;7544;0;
3932;3947;sea;7544;0;
3940;3941;sea;8547;0;
3940;3943;sea;8547;0;
3941;3942;sea;8546;0;
3943;3944;sea;8547;0;
3944;3948;sea;8547;0;
3945;3946;sea;8546;0;
3945;3948;sea;8546;0;
3946;3947;sea;7544;0;
3947;3948;sea;7544;0;
3954;3956;sea;8885;0;
3955;3957;sea;8543;0;
3956;3957;sea;8885;0;
3956;3977;sea;8885;0;
3973;3980;sea;8886;0;
3977;3978;sea;8887;0;
3977;3979;sea;8885;0;
3980;3981;sea;8886;0;
3987;3988;sea;8944;0;
4010;4225;sea;7049;0;
4011;4376;sea;8512;0;
4013;4438;sea;8512;0;
4013;4454;sea;8514;0;
4024;4037;sea;8429;0;
4026;4323;sea;8429;0;
4029;4242;sea;8411;0;
4029;4251;sea;8412;0;
4035;4158;sea;8889;0;
4039;4255;sea;7615;0;
4041;4197;sea;7617;0;
4043;4182;sea;7623;0;
4058;4334;sea;8889;0;
4062;4127;sea;8890;0;
4073;4074;sea;8501;0;
4073;4432;sea;8501;0;
4074;4460;sea;8501;0;
4080;4413;sea;8504;0;
4089;4127;sea;8891;0;
4089;4246;sea;8890;0;
4090;4093;sea;8508;0;
4091;4406;sea;8508;0;
4091;4450;sea;8506;0;
4091;4464;sea;8508;0;
4092;4355;sea;8504;0;
4092;4414;sea;8508;0;
4092;4462;sea;8506;0;
4096;4404;sea;8512;0;
4097;4224;sea;7050;0;
4097;4459;sea;8500;0;
4098;4460;sea;8500;0;
4099;4453;sea;8514;0;
4105;4431;sea;8486;0;
4107;4289;sea;8487;0;
4108;4161;sea;8477;0;
4108;4222;sea;8477;0;
4108;4298;sea;8477;0;
4109;4161;sea;8474;0;
4111;4218;sea;7853;0;
4113;4317;sea;8484;0;
4118;4312;sea;7855;0;
4118;4318;sea;7855;0;
4121;4123;sea;7701;0;
4121;4124;sea;7701;0;
4121;4125;sea;7701;0;
4123;4260;sea;7701;0;
4123;4263;sea;7701;0;
4124;4125;sea;7701;0;
4136;4170;sea;8435;0;
4137;4164;sea;8433;0;
4140;4375;sea;7419;0;
4145;4375;sea;7418;0;
4145;4384;sea;7418;0;
4146;4371;sea;7420;0;
4150;4330;sea;8431;0;
4152;4153;sea;8432;0;
4153;4868;sea;8432;0;
4159;4173;sea;8475;0;
4159;4215;sea;8474;0;
4162;4177;sea;8475;0;
4163;4342;sea;8433;0;
4165;4372;sea;8435;0;
4168;4337;sea;8892;0;
4170;4372;sea;8435;0;
4172;4236;sea;8428;0;
4176;4477;sea;8439;0;
4177;4300;sea;8475;0;
4177;4301;sea;8438;0;
4178;4181;sea;6970;0;
4182;4259;sea;7619;0;
4184;4308;sea;7632;0;
4184;4471;sea;7619;0;
4186;4319;sea;7632;0;
4191;4253;sea;8410;0;
4191;4465;sea;8409;0;
4192;4254;sea;8410;0;
4195;4465;sea;7618;0;
4198;4468;sea;8462;0;
4200;4468;sea;8462;0;
4214;4412;sea;8511;0;
4216;4312;sea;7854;0;
4216;4350;sea;8481;0;
4218;4318;sea;7853;0;
4220;4449;sea;8503;0;
4235;4244;sea;8427;0;
4237;4326;sea;8428;0;
4239;4337;sea;8892;0;
4246;4469;sea;7631;0;
4249;4465;sea;8409;0;
4250;4253;sea;8410;0;
4251;4252;sea;8410;0;
4252;4253;sea;8410;0;
4252;4254;sea;8410;0;
4253;4254;sea;8410;0;
4255;4256;sea;7620;0;
4255;4466;sea;7615;0;
4256;4257;sea;7620;0;
4262;4263;sea;7701;0;
4282;4418;sea;8487;0;
4286;4448;sea;8486;0;
4290;4318;sea;7853;0;
4301;4355;sea;8440;0;
4301;4462;sea;8504;0;
4302;4476;sea;8439;0;
4304;4362;sea;8437;0;
4313;4354;sea;8483;0;
4316;4345;sea;8483;0;
4344;4362;sea;8436;0;
4344;4476;sea;8436;0;
4353;4354;sea;8483;0;
4357;4476;sea;8436;0;
4374;4375;sea;7419;0;
4433;4463;sea;8486;0;
4435;4459;sea;8500;0;
4435;4460;sea;8500;0;
4440;4474;sea;8507;0;
4441;4449;sea;8502;0;
4441;4452;sea;8505;0;
4442;4458;sea;8502;0;
4444;4446;sea;8502;0;
4450;4474;sea;8506;0;
4451;4461;sea;8506;0;
4453;4454;sea;8514;0;
4461;4462;sea;8506;0;
4467;4468;sea;8462;0;
4474;4475;sea;8507;0;
4476;4477;sea;8439;0;
4498;5129;sea;6904;0;
4530;6153;sea;7439;0;
4549;5279;sea;6907;0;
4629;4887;sea;7359;0;
4633;5090;sea;7356;0;
4664;4667;sea;6951;0;
4665;4666;sea;6951;0;
4666;4667;sea;6951;0;
4676;5128;sea;6903;0;
4749;4750;sea;7351;0;
4749;4751;sea;7351;0;
4750;4751;sea;7351;0;
4750;5102;sea;7351;0;
4751;5097;sea;7351;0;
4779;4781;sea;8426;0;
4779;4880;sea;8422;0;
4782;4783;sea;8425;0;
4869;4872;sea;7377;0;
4871;4877;sea;7406;0;
4883;4918;sea;7355;0;
4994;5079;sea;7349;0;
5001;5077;sea;7350;0;
5012;5073;sea;8416;0;
5075;5077;sea;7350;0;
5076;5077;sea;7350;0;
5077;5078;sea;7350;0;
5079;5110;sea;7347;0;
5079;5280;sea;6944;0;
5221;6415;sea;7443;0;
5225;5227;sea;7422;0;
5226;5228;sea;7429;0;
5235;5236;sea;6953;0;
5279;5281;sea;6905;0;
5290;5291;sea;7513;0;
5293;5462;sea;7527;0;
5315;5316;sea;7526;0;
5315;5317;sea;7525;0;
5315;5437;sea;7513;0;
5315;5439;sea;7525;0;
5317;5745;sea;7525;0;
5344;5832;sea;7518;0;
5352;5353;sea;8933;0;
5352;5354;sea;8933;0;
5354;5765;sea;8934;0;
5370;5371;sea;7300;0;
5371;5372;sea;7300;0;
5374;5375;sea;7507;0;
5376;5377;sea;7508;0;
5426;5491;sea;7515;0;
5426;5832;sea;7518;0;
5435;5439;sea;7525;0;
5436;5437;sea;7513;0;
5450;5451;sea;7523;0;
5450;5737;sea;7523;0;
5451;5452;sea;7135;0;
5451;5816;sea;6964;0;
5490;5491;sea;7517;0;
5490;5832;sea;7517;0;
5490;5838;sea;7517;0;
5491;5492;sea;7515;0;
5546;5548;sea;7135;0;
5547;5548;sea;7137;0;
5559;5726;sea;7528;0;
5724;5725;sea;6924;0;
5726;5727;sea;7528;0;
5727;5728;sea;7529;0;
5729;5734;sea;6963;0;
5731;5733;sea;6963;0;
5733;5734;sea;6963;0;
5739;5815;sea;6962;0;
5750;5751;sea;7512;0;
5750;5752;sea;7512;0;
5751;5752;sea;7512;0;
5758;6081;sea;8932;0;
5761;5762;sea;7299;0;
5764;5767;sea;7298;0;
5770;5771;sea;7514;0;
5808;5811;sea;8744;0;
5809;5810;sea;8744;0;
5810;5811;sea;8744;0;
5812;5814;sea;6962;0;
5812;5815;sea;6962;0;
5813;5814;sea;6962;0;
5813;5815;sea;6962;0;
5815;5816;sea;6964;0;
5826;5827;sea;8745;0;
5840;5989;sea;7475;0;
5841;5982;sea;8350;0;
5843;5990;sea;8620;0;
5847;5985;sea;7474;0;
5852;5853;sea;7483;0;
5867;5870;sea;7487;0;
5869;5870;sea;7487;0;
5887;5888;sea;6956;0;
5896;5985;sea;7475;0;
5904;5906;sea;7485;0;
5912;5915;sea;7480;0;
5913;6020;sea;7478;0;
5916;5917;sea;7494;0;
5919;5970;sea;7495;0;
5920;6151;sea;7495;0;
5930;5932;sea;8610;0;
5930;5934;sea;8609;0;
5934;6125;sea;8609;0;
5948;5949;sea;8299;0;
5985;5989;sea;7474;0;
5986;5988;sea;8620;0;
5986;5990;sea;8620;0;
5992;5998;sea;7476;0;
5992;6010;sea;7477;0;
5996;5997;sea;7472;0;
5997;5998;sea;7472;0;
6003;6018;sea;7478;0;
6004;6012;sea;7477;0;
6008;6010;sea;7477;0;
6008;6012;sea;7477;0;
6009;6018;sea;7478;0;
6010;6011;sea;7477;0;
6017;6018;sea;7478;0;
6017;6020;sea;7478;0;
6018;6019;sea;7479;0;
6048;6049;sea;8340;0;
6049;6050;sea;8340;0;
6049;6051;sea;8337;0;
6050;6054;sea;8340;0;
6058;6059;sea;7480;0;
6076;6077;sea;8739;0;
6078;6079;sea;8930;0;
6079;6080;sea;8930;0;
6080;6081;sea;8931;0;
6082;6083;sea;8940;0;
6082;6084;sea;8940;0;
6083;6085;sea;8940;0;
6099;6101;sea;6955;0;
6100;6101;sea;6955;0;
6100;6498;sea;6955;0;
6120;6526;sea;6958;0;
6122;6123;sea;6959;0;
6152;6569;sea;7448;0;
6183;6576;sea;8626;0;
6184;6185;sea;8624;0;
6190;6191;sea;8339;0;
6255;6410;sea;7441;0;
6310;6423;sea;7451;0;
6331;6332;sea;6982;0;
6333;6452;sea;7463;0;
6423;6427;sea;7451;0;
6577;6624;sea;8628;0;
6639;6647;sea;8631;0;
