province;red;green;blue;name;
1;85;103;214;x;
2;252;248;110;x;
3;154;3;243;x;
4;97;89;208;x;
5;116;81;178;x;
6;243;186;91;x;
7;107;253;247;x;
8;37;42;60;x;
9;178;170;198;x;
10;86;170;14;x;
11;19;173;245;x;
12;119;202;149;x;
13;123;61;115;x;
14;97;3;47;x;
15;153;237;78;x;
16;1;186;82;x;
17;202;249;175;x;
18;84;60;198;x;
19;177;33;127;x;
20;125;188;51;x;
21;43;88;125;x;
22;12;240;175;x;
23;201;178;157;x;
24;224;172;161;x;
25;228;34;227;x;
26;101;189;198;x;
27;249;190;227;x;
28;91;201;137;x;
29;130;33;20;x;
30;228;229;183;x;
31;171;6;111;x;
32;155;67;178;x;
33;129;231;166;x;
34;234;180;201;x;
35;88;52;158;x;
36;169;26;253;x;
37;152;24;165;x;
38;77;245;206;x;
39;156;190;130;x;
40;123;180;152;x;
41;11;231;120;x;
42;130;131;238;x;
43;16;177;150;x;
44;72;204;125;x;
45;220;54;185;x;
46;37;87;49;x;
47;251;5;244;x;
48;199;51;183;x;
49;65;159;223;x;
50;200;233;32;x;
51;243;189;130;x;
52;254;134;156;x;
53;49;242;237;x;
54;248;190;55;x;
55;171;230;135;x;
56;51;166;242;x;
57;0;147;132;x;
58;38;91;79;x;
59;214;22;53;x;
60;203;60;184;x;
61;137;13;145;x;
62;152;25;89;x;
63;214;228;185;x;
64;85;128;249;x;
65;207;183;31;x;
66;176;205;237;x;
67;18;196;162;x;
68;149;227;120;x;
69;216;140;202;x;
70;223;218;168;x;
71;80;214;106;x;
72;230;128;34;x;
73;239;151;247;x;
74;114;50;70;x;
75;21;130;211;x;
76;244;162;35;x;
77;143;226;109;x;
78;72;201;88;x;
79;155;186;68;x;
80;82;135;145;x;
81;203;117;16;x;
82;38;15;99;x;
83;245;241;182;x;
84;231;223;119;x;
85;99;23;118;x;
86;64;250;193;x;
87;50;217;101;x;
88;234;37;128;x;
89;83;81;24;x;
90;58;217;175;x;
91;57;183;95;x;
92;24;95;175;x;
93;133;217;230;x;
94;120;52;243;x;
95;239;154;72;x;
96;32;224;76;x;
97;211;215;156;x;
98;69;183;176;x;
99;112;14;162;x;
100;162;127;120;x;
101;204;228;109;x;
102;13;20;155;x;
103;189;163;106;x;
104;227;66;97;x;
105;3;173;211;x;
106;92;123;185;x;
107;133;108;207;x;
108;148;128;129;x;
109;252;189;50;x;
110;54;54;173;x;
111;94;33;135;x;
112;102;120;132;x;
113;154;81;128;x;
114;144;218;153;x;
115;102;175;55;x;
116;2;114;50;x;
117;242;108;220;x;
118;158;12;174;x;
119;152;5;251;x;
120;185;17;233;x;
121;95;88;0;x;
122;53;118;249;x;
123;145;243;51;x;
124;249;2;76;x;
125;157;41;167;x;
126;59;140;71;x;
127;122;156;72;x;
128;159;170;117;x;
129;152;251;98;x;
130;70;119;172;x;
131;93;229;21;x;
132;236;36;154;x;
133;203;239;79;x;
134;123;142;57;x;
135;83;62;244;x;
136;56;109;251;x;
137;196;17;168;x;
138;142;39;99;x;
139;64;115;162;x;
140;147;239;118;x;
141;214;252;208;x;
142;181;113;202;x;
143;224;77;174;x;
144;59;130;240;x;
145;20;53;134;x;
146;249;241;28;x;
147;140;232;36;x;
148;155;113;136;x;
149;235;163;244;x;
150;84;36;216;x;
151;69;17;36;x;
152;255;118;103;x;
153;55;253;137;x;
154;48;178;233;x;
155;218;124;52;x;
156;39;14;70;x;
157;194;237;77;x;
158;239;235;215;x;
159;184;129;205;x;
160;143;145;104;x;
161;201;185;79;x;
162;16;221;128;x;
163;240;45;204;x;
164;51;36;229;x;
165;147;119;185;x;
166;242;97;108;x;
167;231;48;57;x;
168;19;216;217;x;
169;219;167;95;x;
170;52;193;188;x;
171;151;1;239;x;
172;204;166;153;x;
173;225;24;14;x;
174;252;185;114;x;
175;224;88;221;x;
176;40;140;105;x;
177;88;51;244;x;
178;85;160;184;x;
179;149;151;78;x;
180;85;35;143;x;
181;18;154;111;x;
182;75;68;189;x;
183;150;230;159;x;
184;84;72;190;x;
185;99;143;68;x;
186;68;24;153;x;
187;233;252;59;x;
188;27;108;66;x;
189;133;188;253;x;
190;106;226;23;x;
191;172;168;97;x;
192;15;237;239;x;
193;200;8;154;x;
194;71;105;198;x;
195;15;83;172;x;
196;250;243;16;x;
197;129;73;204;x;
198;214;249;235;x;
199;234;91;97;x;
200;208;232;203;x;
201;255;222;99;x;
202;245;158;239;x;
203;85;146;253;x;
204;50;131;87;x;
205;135;157;226;x;
206;171;31;46;x;
207;26;211;104;x;
208;62;180;57;x;
209;38;117;20;x;
210;228;215;119;x;
211;208;7;87;x;
212;10;80;81;x;
213;226;168;108;x;
214;6;97;216;x;
215;84;242;33;x;
216;241;235;185;x;
217;32;44;255;x;
218;227;116;112;x;
219;40;83;170;x;
220;203;114;9;x;
221;28;131;77;x;
222;82;160;157;x;
223;197;123;218;x;
224;170;69;167;x;
225;92;26;106;x;
226;60;216;177;x;
227;240;104;79;x;
228;167;136;168;x;
229;223;251;20;x;
230;160;67;235;x;
231;154;80;192;x;
232;156;185;77;x;
233;7;90;239;x;
234;142;103;249;x;
235;3;217;143;x;
236;191;242;76;x;
237;159;173;194;x;
238;196;123;27;x;
239;85;156;65;x;
240;197;146;114;x;
241;253;241;180;x;
242;188;53;185;x;
243;12;27;108;x;
244;31;199;81;x;
245;122;67;29;x;
246;100;66;47;x;
247;213;220;109;x;
248;180;243;66;x;
249;93;78;61;x;
250;71;211;254;x;
251;194;162;218;x;
252;165;183;92;x;
253;15;237;160;x;
254;99;223;2;x;
255;209;47;194;x;
256;166;233;127;x;
257;200;68;213;x;
258;51;227;183;x;
259;236;176;90;x;
260;164;169;206;x;
261;144;84;194;x;
262;182;162;71;x;
263;131;32;43;x;
264;74;58;203;x;
265;95;162;218;x;
266;6;61;45;x;
267;164;117;0;x;
268;54;82;57;x;
269;168;151;152;x;
270;0;86;28;x;
271;230;235;188;x;
272;61;197;153;x;
273;191;177;241;x;
274;182;181;47;x;
275;79;0;59;x;
276;114;208;179;x;
277;123;80;106;x;
278;169;40;75;x;
279;32;249;242;x;
280;162;14;255;x;
281;129;94;2;x;
282;22;180;74;x;
283;150;239;80;x;
284;127;45;240;x;
285;217;36;117;x;
286;67;220;84;x;
287;113;226;187;x;
288;89;133;230;x;
289;174;25;192;x;
290;209;69;96;x;
291;7;82;61;x;
292;191;208;217;x;
293;254;39;247;x;
294;229;161;144;x;
295;149;150;26;x;
296;207;70;130;x;
297;37;221;226;x;
298;150;188;247;x;
299;108;4;85;x;
300;190;114;59;x;
301;2;216;17;x;
302;250;188;130;x;
303;210;166;5;x;
304;122;214;183;x;
305;9;70;233;x;
306;218;53;97;x;
307;226;242;234;x;
308;66;213;110;x;
309;247;196;217;x;
310;125;180;127;x;
311;217;142;180;x;
312;126;213;33;x;
313;25;141;48;x;
314;151;0;119;x;
315;205;128;89;x;
316;214;3;214;x;
317;185;49;245;x;
318;102;169;248;x;
319;237;124;114;x;
320;201;26;104;x;
321;43;242;42;x;
322;24;113;92;x;
323;64;158;218;x;
324;205;111;165;x;
325;248;236;120;x;
326;86;75;227;x;
327;95;49;203;x;
328;170;88;189;x;
329;43;149;151;x;
330;107;172;48;x;
331;150;37;207;x;
332;172;247;223;x;
333;42;168;28;x;
334;195;9;203;x;
335;215;169;155;x;
336;27;191;130;x;
337;211;93;15;x;
338;120;101;63;x;
339;189;179;144;x;
340;88;21;32;x;
341;197;216;89;x;
342;73;240;150;x;
343;161;94;47;x;
344;57;50;193;x;
345;41;252;20;x;
346;195;147;195;x;
347;69;69;87;x;
348;172;73;232;x;
349;129;165;239;x;
350;51;94;237;x;
351;239;10;147;x;
352;237;27;58;x;
353;77;53;204;x;
354;53;123;53;x;
355;164;191;208;x;
356;199;112;248;x;
357;174;232;175;x;
358;29;244;165;x;
359;163;230;85;x;
360;226;69;191;x;
361;187;93;245;x;
362;17;168;10;x;
363;55;197;206;x;
364;190;1;212;x;
365;135;89;149;x;
366;98;47;206;x;
367;155;102;81;x;
368;103;132;95;x;
369;165;193;172;x;
370;86;136;150;x;
371;139;205;174;x;
372;252;66;69;x;
373;73;96;203;x;
374;240;171;42;x;
375;108;194;234;x;
376;236;88;200;x;
377;57;172;156;x;
378;242;25;59;x;
379;180;159;126;x;
380;43;32;55;x;
381;47;171;180;x;
382;111;114;24;x;
383;69;86;86;x;
384;105;72;199;x;
385;182;210;102;x;
386;245;36;4;x;
387;172;98;168;x;
388;252;186;164;x;
389;233;31;141;x;
390;34;37;246;x;
391;85;172;244;x;
392;6;32;9;x;
393;225;148;28;x;
394;249;186;199;x;
395;4;54;201;x;
396;95;10;41;x;
397;156;78;181;x;
398;223;143;70;x;
399;57;192;213;x;
400;125;97;26;x;
401;213;201;73;x;
402;50;207;132;x;
403;145;220;49;x;
404;41;244;71;x;
405;165;69;40;x;
406;204;70;59;x;
407;246;49;157;x;
408;185;28;192;x;
409;148;55;199;x;
410;246;234;32;x;
411;115;22;3;x;
412;207;10;177;x;
413;6;32;171;x;
414;246;207;206;x;
415;126;253;138;x;
416;47;193;87;x;
417;43;134;237;x;
418;66;152;18;x;
419;16;95;106;x;
420;28;135;183;x;
421;103;231;247;x;
422;36;181;156;x;
423;47;137;128;x;
424;99;199;202;x;
425;74;194;57;x;
426;66;122;216;x;
427;11;252;140;x;
428;11;222;171;x;
429;87;57;105;x;
430;105;225;238;x;
431;163;205;54;x;
432;85;69;247;x;
433;84;30;107;x;
434;121;182;211;x;
435;146;43;233;x;
436;141;211;199;x;
437;197;213;36;x;
438;76;91;254;x;
439;157;149;51;x;
440;85;134;24;x;
441;197;209;222;x;
442;176;242;128;x;
443;151;63;128;x;
444;57;94;115;x;
445;247;152;79;x;
446;155;125;99;x;
447;65;95;193;x;
448;195;112;153;x;
449;247;52;187;x;
450;239;208;155;x;
451;111;53;22;x;
452;114;148;128;x;
453;215;113;12;x;
454;52;135;177;x;
455;26;25;35;x;
456;246;126;178;x;
457;69;103;29;x;
458;169;240;5;x;
459;217;156;212;x;
460;238;24;92;x;
461;168;41;98;x;
462;73;53;228;x;
463;134;51;91;x;
464;234;81;241;x;
465;197;173;160;x;
466;146;28;226;x;
467;92;127;253;x;
468;85;64;232;x;
469;57;178;128;x;
470;88;189;222;x;
471;109;152;31;x;
472;163;134;222;x;
473;99;235;122;x;
474;145;77;182;x;
475;161;165;8;x;
476;37;208;163;x;
477;57;188;101;x;
478;164;41;9;x;
479;248;59;195;x;
480;106;6;66;x;
481;159;82;242;x;
482;239;142;64;x;
483;133;28;142;x;
484;125;149;144;x;
485;39;207;227;x;
486;167;153;237;x;
487;172;149;57;x;
488;218;104;254;x;
489;253;140;167;x;
490;73;220;33;x;
491;96;141;146;x;
492;209;173;79;x;
493;177;132;62;x;
494;43;240;184;x;
495;46;154;155;x;
496;5;157;215;x;
497;57;119;3;x;
498;87;180;10;x;
499;116;17;186;x;
500;50;180;252;x;
501;139;191;20;x;
502;50;66;121;x;
503;43;236;210;x;
504;27;73;161;x;
505;11;184;46;x;
506;253;17;141;x;
507;91;170;229;x;
508;128;66;101;x;
509;171;10;103;x;
510;235;208;114;x;
511;160;77;100;x;
512;178;221;141;x;
513;120;102;5;x;
514;242;56;65;x;
515;113;93;95;x;
516;88;55;210;x;
517;59;107;234;x;
518;67;224;114;x;
519;174;227;144;x;
520;229;184;9;x;
521;95;246;218;x;
522;124;152;57;x;
523;84;228;8;x;
524;11;88;196;x;
525;145;10;174;x;
526;114;28;86;x;
527;255;36;99;x;
528;175;244;115;x;
529;69;16;36;x;
530;246;59;239;x;
531;23;45;146;x;
532;19;139;154;x;
533;51;141;92;x;
534;89;18;158;x;
535;168;204;120;x;
536;203;247;181;x;
537;68;41;5;x;
538;13;251;12;x;
539;198;79;60;x;
540;5;216;160;x;
541;68;56;81;x;
542;203;11;252;x;
543;246;41;156;x;
544;191;207;209;x;
545;35;235;244;x;
546;0;25;219;x;
547;201;222;72;x;
548;93;236;185;x;
549;163;240;234;x;
550;101;192;216;x;
551;59;25;82;x;
552;85;159;204;x;
553;177;114;238;x;
554;241;119;187;x;
555;235;122;116;x;
556;218;180;210;x;
557;159;215;131;x;
558;93;8;179;x;
559;81;36;4;x;
560;48;197;57;x;
561;254;132;215;x;
562;42;169;0;x;
563;31;141;178;x;
564;249;95;47;x;
565;56;236;249;x;
566;181;240;38;x;
567;242;83;165;x;
568;193;170;133;x;
569;204;151;53;x;
570;84;87;48;x;
571;74;250;239;x;
572;122;40;239;x;
573;209;59;213;x;
574;108;48;117;x;
575;215;143;51;x;
576;235;94;168;x;
577;6;46;38;x;
578;85;131;137;x;
579;229;22;176;x;
580;185;158;134;x;
581;120;57;168;x;
582;176;119;210;x;
583;72;194;86;x;
584;46;247;248;x;
585;186;76;168;x;
586;127;166;37;x;
587;127;45;104;x;
588;195;108;96;x;
589;1;36;151;x;
590;160;65;4;x;
591;248;126;242;x;
592;238;166;197;x;
593;125;158;81;x;
594;226;157;0;x;
595;248;180;86;x;
596;228;93;165;x;
597;114;123;251;x;
598;91;96;161;x;
599;104;23;235;x;
600;34;41;25;x;
601;53;146;224;x;
602;197;75;176;x;
603;121;98;69;x;
604;247;126;249;x;
605;230;75;48;x;
606;14;181;70;x;
607;101;233;63;x;
608;73;94;242;x;
609;115;211;224;x;
610;172;4;184;x;
611;202;239;10;x;
612;176;7;54;x;
613;236;181;110;x;
614;73;16;196;x;
615;101;17;120;x;
616;240;152;122;x;
617;103;190;2;x;
618;177;121;117;x;
619;173;200;193;x;
620;28;182;236;x;
621;171;107;10;x;
622;187;54;190;x;
623;106;144;184;x;
624;31;58;92;x;
625;125;11;168;x;
626;91;121;83;x;
627;246;72;228;x;
628;47;41;77;x;
629;28;172;13;x;
630;149;73;128;x;
631;106;101;151;x;
632;192;250;66;x;
633;167;162;40;x;
634;72;107;97;x;
635;6;133;187;x;
636;229;37;156;x;
637;246;192;220;x;
638;183;68;186;x;
639;33;62;118;x;
640;160;193;99;x;
641;69;15;155;x;
642;119;82;110;x;
643;179;205;100;x;
644;122;35;195;x;
645;218;241;235;x;
646;177;59;100;x;
647;237;75;87;x;
648;222;60;176;x;
649;31;133;162;x;
650;49;200;248;x;
651;139;155;150;x;
652;54;201;187;x;
653;85;164;71;x;
654;90;235;116;x;
655;228;127;245;x;
656;64;68;236;x;
657;73;185;160;x;
658;189;30;123;x;
659;63;33;13;x;
660;7;64;88;x;
661;142;116;221;x;
662;152;193;225;x;
663;35;18;75;x;
664;86;83;109;x;
665;201;196;49;x;
666;126;157;214;x;
667;63;177;174;x;
668;63;237;154;x;
669;40;105;208;x;
670;129;30;113;x;
671;91;164;131;x;
672;162;16;27;x;
673;46;28;159;x;
674;179;39;71;x;
675;221;13;194;x;
676;19;63;136;x;
677;0;5;59;x;
678;129;109;3;x;
679;183;94;61;x;
680;28;25;150;x;
681;199;236;120;x;
682;118;99;119;x;
683;219;152;243;x;
684;174;153;230;x;
685;67;77;154;x;
686;35;129;80;x;
687;230;234;25;x;
688;180;231;32;x;
689;153;150;170;x;
690;62;255;24;x;
691;202;160;106;x;
692;177;42;166;x;
693;147;86;17;x;
694;75;204;207;x;
695;116;77;84;x;
696;59;85;251;x;
697;75;171;0;x;
698;185;73;128;x;
699;247;30;53;x;
700;26;21;68;x;
701;137;71;11;x;
702;192;242;102;x;
703;66;64;95;x;
704;245;157;231;x;
705;227;196;174;x;
706;123;73;230;x;
707;38;168;144;x;
708;255;35;211;x;
709;245;241;104;x;
710;116;71;7;x;
711;16;53;81;x;
712;73;36;224;x;
713;88;178;105;x;
714;142;237;245;x;
715;71;208;129;x;
716;191;70;62;x;
717;53;93;235;x;
718;25;7;209;x;
719;53;122;235;x;
720;158;115;134;x;
721;245;54;92;x;
722;48;39;215;x;
723;236;212;91;x;
724;76;84;16;x;
725;209;255;20;x;
726;38;242;147;x;
727;15;76;80;x;
728;73;6;53;x;
729;240;185;150;x;
730;136;112;168;x;
731;93;229;177;x;
732;7;179;13;x;
733;0;195;166;x;
734;103;90;173;x;
735;83;83;70;x;
736;105;28;230;x;
737;148;146;82;x;
738;194;81;170;x;
739;243;145;161;x;
740;2;28;175;x;
741;69;227;243;x;
742;207;100;152;x;
743;33;116;207;x;
744;71;139;94;x;
745;186;115;43;x;
746;59;165;118;x;
747;160;39;74;x;
748;74;29;236;x;
749;111;247;211;x;
750;205;103;202;x;
751;84;92;133;x;
752;180;80;71;x;
753;43;83;224;x;
754;133;188;65;x;
755;12;203;173;x;
756;141;134;248;x;
757;198;204;150;x;
758;172;66;225;x;
759;15;19;116;x;
760;221;181;166;x;
761;115;101;196;x;
762;158;48;251;x;
763;155;209;216;x;
764;42;228;50;x;
765;114;80;163;x;
766;144;157;178;x;
767;148;207;81;x;
768;130;130;206;x;
769;143;113;3;x;
770;167;211;39;x;
771;82;27;175;x;
772;168;218;109;x;
773;14;208;6;x;
774;91;252;68;x;
775;199;137;17;x;
776;107;2;102;x;
777;118;5;218;x;
778;34;24;1;x;
779;159;22;128;x;
780;202;246;60;x;
781;244;25;133;x;
782;243;27;240;x;
783;47;98;244;x;
784;117;104;186;x;
785;50;19;189;x;
786;148;114;102;x;
787;49;239;150;x;
788;102;169;152;x;
789;94;115;149;x;
790;213;188;23;x;
791;60;70;33;x;
792;195;201;126;x;
793;125;27;150;x;
794;130;202;39;x;
795;162;72;140;x;
796;249;37;231;x;
797;99;91;238;x;
798;198;254;207;x;
799;5;123;101;x;
800;173;79;175;x;
801;89;50;194;x;
802;109;159;249;x;
803;13;233;24;x;
804;25;191;69;x;
805;89;63;77;x;
806;243;90;233;x;
807;163;142;52;x;
808;45;99;67;x;
809;64;156;235;x;
810;124;43;141;x;
811;195;152;93;x;
812;164;123;204;x;
813;18;10;62;x;
814;18;53;67;x;
815;243;41;13;x;
816;43;95;228;x;
817;153;211;86;x;
818;151;8;184;x;
819;208;182;186;x;
820;33;50;139;x;
821;248;117;110;x;
822;152;194;104;x;
823;223;169;249;x;
824;109;132;181;x;
825;70;230;38;x;
826;195;124;217;x;
827;127;133;181;x;
828;241;51;74;x;
829;134;78;130;x;
830;141;242;196;x;
831;157;181;3;x;
832;222;22;43;x;
833;235;169;53;x;
834;187;234;17;x;
835;233;209;178;x;
836;11;11;60;x;
837;203;111;52;x;
838;180;88;109;x;
839;13;52;21;x;
840;219;88;182;x;
841;65;18;33;x;
842;68;106;118;x;
843;15;23;39;x;
844;16;106;64;x;
845;145;229;225;x;
846;99;112;122;x;
847;73;144;110;x;
848;214;214;151;x;
849;80;20;102;x;
850;48;227;116;x;
851;213;136;118;x;
852;85;11;58;x;
853;135;215;168;x;
854;177;222;102;x;
855;216;159;128;x;
856;112;134;241;x;
857;155;95;122;x;
858;219;182;190;x;
859;250;171;193;x;
860;23;14;132;x;
861;249;108;20;x;
862;149;61;151;x;
863;183;202;250;x;
864;230;172;73;x;
865;104;212;61;x;
866;149;99;9;x;
867;108;241;79;x;
868;1;25;134;x;
869;150;70;220;x;
870;52;26;32;x;
871;99;60;219;x;
872;250;105;53;x;
873;11;226;205;x;
874;66;33;86;x;
875;230;21;69;x;
876;21;159;164;x;
877;181;146;168;x;
878;107;225;229;x;
879;17;162;83;x;
880;9;2;141;x;
881;98;97;87;x;
882;254;204;99;x;
883;100;116;232;x;
884;41;254;202;x;
885;40;34;54;x;
886;117;149;138;x;
887;15;242;149;x;
888;153;48;140;x;
889;31;206;142;x;
890;4;142;179;x;
891;66;148;69;x;
892;91;253;229;x;
893;56;246;108;x;
894;88;122;229;x;
895;234;17;176;x;
896;109;18;80;x;
897;132;167;87;x;
898;140;22;27;x;
899;95;97;46;x;
900;15;15;151;x;
901;233;92;106;x;
902;152;180;198;x;
903;170;246;204;x;
904;193;214;49;x;
905;106;175;86;x;
906;44;54;246;x;
907;190;161;221;x;
908;217;13;161;x;
909;106;248;186;x;
910;77;198;43;x;
911;252;183;101;x;
912;64;5;122;x;
913;115;159;142;x;
914;203;204;218;x;
915;0;160;209;x;
916;4;139;198;x;
917;119;145;198;x;
918;204;211;149;x;
919;93;115;145;x;
920;182;233;218;x;
921;10;203;193;x;
922;130;25;120;x;
923;189;17;96;x;
924;180;123;162;x;
925;122;59;193;x;
926;247;192;148;x;
927;133;37;6;x;
928;1;235;49;x;
929;113;228;60;x;
930;234;153;56;x;
931;27;160;65;x;
932;140;241;103;x;
933;221;236;25;x;
934;49;14;32;x;
935;136;197;247;x;
936;242;83;22;x;
937;23;110;34;x;
938;13;204;44;x;
939;238;204;244;x;
940;146;178;152;x;
941;68;213;86;x;
942;124;122;246;x;
943;65;117;182;x;
944;12;10;25;x;
945;116;232;37;x;
946;166;160;200;x;
947;63;167;176;x;
948;38;16;10;x;
949;165;37;0;x;
950;35;222;182;x;
951;188;121;96;x;
952;224;63;247;x;
953;29;128;130;x;
954;75;34;231;x;
955;85;69;55;x;
956;65;84;20;x;
957;161;53;154;x;
958;139;144;102;x;
959;193;26;172;x;
960;83;246;150;x;
961;41;160;214;x;
962;147;133;194;x;
963;25;133;92;x;
964;103;0;254;x;
965;111;112;55;x;
966;20;221;229;x;
967;102;252;87;x;
968;231;147;160;x;
969;2;126;107;x;
970;152;151;206;x;
971;34;134;177;x;
972;20;97;236;x;
973;221;87;64;x;
974;104;87;186;x;
975;183;93;83;x;
976;169;115;39;x;
977;119;21;54;x;
978;146;165;208;x;
979;46;102;131;x;
980;123;88;78;x;
981;184;69;192;x;
982;155;14;104;x;
983;111;205;221;x;
984;149;7;61;x;
985;69;53;136;x;
986;236;22;229;x;
987;178;236;156;x;
988;152;36;93;x;
989;124;208;194;x;
990;97;6;86;x;
991;100;68;64;x;
992;49;62;239;x;
993;153;239;200;x;
994;152;28;86;x;
995;73;94;119;x;
996;235;133;87;x;
997;162;5;99;x;
998;34;100;254;x;
999;209;88;0;x;
1000;181;39;190;x;
1001;55;176;163;x;
1002;20;250;19;x;
1003;108;183;82;x;
1004;239;119;226;x;
1005;63;60;247;x;
1006;176;247;133;x;
1007;127;244;1;x;
1008;37;80;172;x;
1009;221;5;27;x;
1010;169;122;112;x;
1011;165;62;183;x;
1012;100;211;59;x;
1013;135;138;19;x;
1014;140;180;94;x;
1015;193;228;241;x;
1016;159;146;141;x;
1017;124;0;229;x;
1018;157;170;153;x;
1019;2;44;109;x;
1020;157;93;96;x;
1021;50;143;232;x;
1022;82;240;95;x;
1023;53;102;37;x;
1024;42;179;83;x;
1025;186;140;49;x;
1026;184;67;141;x;
1027;188;89;105;x;
1028;211;15;251;x;
1029;141;41;89;x;
1030;122;244;79;x;
1031;174;217;162;x;
1032;108;255;100;x;
1033;142;217;3;x;
1034;1;132;166;x;
1035;26;69;63;x;
1036;35;94;31;x;
1037;203;136;193;x;
1038;211;98;34;x;
1039;103;183;109;x;
1040;52;157;239;x;
1041;6;226;178;x;
1042;28;128;130;x;
1043;104;206;119;x;
1044;215;185;131;x;
1045;92;146;68;x;
1046;127;227;155;x;
1047;222;41;60;x;
1048;128;176;64;x;
1049;237;179;75;x;
1050;185;108;140;x;
1051;168;119;147;x;
1052;59;7;106;x;
1053;66;237;222;x;
1054;100;253;184;x;
1055;83;30;79;x;
1056;71;250;202;x;
1057;133;117;200;x;
1058;237;35;95;x;
1059;185;156;8;x;
1060;149;127;9;x;
1061;128;54;42;x;
1062;68;154;50;x;
1063;2;72;139;x;
1064;237;156;34;x;
1065;183;4;62;x;
1066;199;18;21;x;
1067;98;80;10;x;
1068;103;139;151;x;
1069;144;152;6;x;
1070;146;83;207;x;
1071;24;56;86;x;
1072;15;197;202;x;
1073;32;129;4;x;
1074;17;49;124;x;
1075;70;154;130;x;
1076;210;135;209;x;
1077;172;52;54;x;
1078;108;230;250;x;
1079;156;199;111;x;
1080;185;185;227;x;
1081;195;92;58;x;
1082;142;202;12;x;
1083;93;233;75;x;
1084;202;214;128;x;
1085;10;183;75;x;
1086;115;41;91;x;
1087;255;250;115;x;
1088;89;9;245;x;
1089;195;103;73;x;
1090;152;20;253;x;
1091;16;62;49;x;
1092;188;46;105;x;
1093;97;24;125;x;
1094;25;233;167;x;
1095;75;175;136;x;
1096;128;112;59;x;
1097;154;63;224;x;
1098;74;59;23;x;
1099;40;207;133;x;
1100;184;247;159;x;
1101;185;180;91;x;
1102;228;195;57;x;
1103;81;141;122;x;
1104;61;95;87;x;
1105;130;93;113;x;
1106;12;88;65;x;
1107;209;104;100;x;
1108;220;80;50;x;
1109;7;185;39;x;
1110;131;66;227;x;
1111;26;100;80;x;
1112;11;143;5;x;
1113;204;160;202;x;
1114;15;131;89;x;
1115;191;176;96;x;
1116;248;88;94;x;
1117;17;246;37;x;
1118;1;104;135;x;
1119;139;176;48;x;
1120;120;187;213;x;
1121;76;252;46;x;
1122;88;7;145;x;
1123;96;178;232;x;
1124;14;47;208;x;
1125;105;79;255;x;
1126;196;99;85;x;
1127;249;218;221;x;
1128;252;126;3;x;
1129;139;218;160;x;
1130;37;98;113;x;
1131;131;137;226;x;
1132;219;32;49;x;
1133;221;70;97;x;
1134;70;144;219;x;
1135;60;131;167;x;
1136;162;173;160;x;
1137;184;219;239;x;
1138;31;62;241;x;
1139;129;127;225;x;
1140;250;143;173;x;
1141;204;111;158;x;
1142;234;76;196;x;
1143;151;226;47;x;
1144;193;229;160;x;
1145;194;48;248;x;
1146;167;113;195;x;
1147;140;199;212;x;
1148;20;166;160;x;
1149;34;121;189;x;
1150;250;206;252;x;
1151;196;147;233;x;
1152;12;232;27;x;
1153;179;136;141;x;
1154;223;141;159;x;
1155;138;91;216;x;
1156;201;221;217;x;
1157;27;23;205;x;
1158;188;130;104;x;
1159;211;120;189;x;
1160;182;243;146;x;
1161;14;21;111;x;
1162;110;57;197;x;
1163;95;158;25;x;
1164;107;119;4;x;
1165;6;135;112;x;
1166;60;163;109;x;
1167;117;55;19;x;
1168;235;242;26;x;
1169;106;174;69;x;
1170;11;2;65;x;
1171;27;9;156;x;
1172;83;90;176;x;
1173;199;144;78;x;
1174;149;38;239;x;
1175;101;1;247;x;
1176;247;147;210;x;
1177;12;209;28;x;
1178;19;10;61;x;
1179;137;192;245;x;
1180;240;217;239;x;
1181;117;232;104;x;
1182;251;111;80;x;
1183;15;206;180;x;
1184;48;70;80;x;
1185;146;255;62;x;
1186;171;131;215;x;
1187;165;79;142;x;
1188;2;226;87;x;
1189;203;205;105;x;
1190;117;145;182;x;
1191;46;222;166;x;
1192;148;177;7;x;
1193;249;162;15;x;
1194;122;252;20;x;
1195;249;1;176;x;
1196;170;106;201;x;
1197;221;159;213;x;
1198;242;187;130;x;
1199;170;147;206;x;
1200;250;142;81;x;
1201;143;173;18;x;
1202;224;0;226;x;
1203;249;31;224;x;
1204;49;50;183;x;
1205;190;24;234;x;
1206;150;158;111;x;
1207;172;73;19;x;
1208;148;41;207;x;
1209;157;217;23;x;
1210;152;9;119;x;
1211;217;215;246;x;
1212;28;78;219;x;
1213;224;66;42;x;
1214;144;165;190;x;
1215;28;145;81;x;
1216;157;107;173;x;
1217;194;239;91;x;
1218;241;5;44;x;
1219;106;218;204;x;
1220;44;117;240;x;
1221;199;192;60;x;
1222;98;197;8;x;
1223;121;23;249;x;
1224;87;231;94;x;
1225;90;210;76;x;
1226;37;203;133;x;
1227;0;97;40;x;
1228;119;47;208;x;
1229;106;34;210;x;
1230;194;76;154;x;
1231;227;118;32;x;
1232;113;50;7;x;
1233;182;48;215;x;
1234;243;35;223;x;
1235;202;70;147;x;
1236;169;206;169;x;
1237;166;223;108;x;
1238;73;222;211;x;
1239;57;3;137;x;
1240;17;172;67;x;
1241;164;105;220;x;
1242;46;155;57;x;
1243;117;68;153;x;
1244;222;225;83;x;
1245;45;245;13;x;
1246;249;12;65;x;
1247;227;158;107;x;
1248;137;246;177;x;
1249;145;237;137;x;
1250;110;9;188;x;
1251;51;92;112;x;
1252;60;248;244;x;
1253;131;111;115;x;
1254;240;77;165;x;
1255;13;131;24;x;
1256;132;119;169;x;
1257;4;149;178;x;
1258;101;9;168;x;
1259;170;169;190;x;
1260;251;114;242;x;
1261;82;96;109;x;
1262;158;88;77;x;
1263;163;217;152;x;
1264;155;5;98;x;
1265;235;135;213;x;
1266;243;110;84;x;
1267;73;223;150;x;
1268;230;39;107;x;
1269;150;133;148;x;
1270;111;160;234;x;
1271;184;102;170;x;
1272;104;45;57;x;
1273;149;127;234;x;
1274;83;21;174;x;
1275;132;115;4;x;
1276;19;1;220;x;
1277;104;145;239;x;
1278;24;113;239;x;
1279;25;224;129;x;
1280;222;31;38;x;
1281;151;250;19;x;
1282;6;192;49;x;
1283;229;177;150;x;
1284;89;118;206;x;
1285;62;28;193;x;
1286;99;225;250;x;
1287;175;202;163;x;
1288;47;179;154;x;
1289;59;195;160;x;
1290;105;30;67;x;
1291;29;224;39;x;
1292;92;250;245;x;
1293;192;146;93;x;
1294;132;175;255;x;
1295;225;68;135;x;
1296;190;182;238;x;
1297;189;70;52;x;
1298;30;144;117;x;
1299;122;6;200;x;
1300;237;87;235;x;
1301;173;172;110;x;
1302;247;89;173;x;
1303;13;165;201;x;
1304;129;81;61;x;
1305;141;224;194;x;
1306;185;74;208;x;
1307;206;182;65;x;
1308;12;251;39;x;
1309;199;45;52;x;
1310;52;7;11;x;
1311;201;37;105;x;
1312;240;100;186;x;
1313;170;0;249;x;
1314;167;89;197;x;
1315;67;75;224;x;
1316;6;168;140;x;
1317;118;80;205;x;
1318;18;55;130;x;
1319;240;246;236;x;
1320;59;61;223;x;
1321;114;76;116;x;
1322;75;5;0;x;
1323;123;238;55;x;
1324;123;101;173;x;
1325;165;65;88;x;
1326;134;188;65;x;
1327;191;107;170;x;
1328;106;139;52;x;
1329;87;234;17;x;
1330;20;224;33;x;
1331;230;224;121;x;
1332;7;211;249;x;
1333;162;151;241;x;
1334;145;237;132;x;
1335;218;25;211;x;
1336;224;162;237;x;
1337;188;125;31;x;
1338;38;202;220;x;
1339;67;226;244;x;
1340;244;195;166;x;
1341;187;252;212;x;
1342;248;145;103;x;
1343;149;187;133;x;
1344;198;129;178;x;
1345;210;213;47;x;
1346;151;201;232;x;
1347;213;157;22;x;
1348;79;39;16;x;
1349;210;181;45;x;
1350;127;158;90;x;
1351;230;3;162;x;
1352;136;131;237;x;
1353;143;174;139;x;
1354;148;21;150;x;
1355;10;22;54;x;
1356;250;168;145;x;
1357;251;220;171;x;
1358;225;137;63;x;
1359;201;57;255;x;
1360;125;137;64;x;
1361;137;252;201;x;
1362;33;73;162;x;
1363;28;140;244;x;
1364;21;109;135;x;
1365;241;203;191;x;
1366;88;108;140;x;
1367;136;179;154;x;
1368;204;168;193;x;
1369;87;104;178;x;
1370;194;119;105;x;
1371;215;113;52;x;
1372;44;206;226;x;
1373;240;49;113;x;
1374;56;165;241;x;
1375;175;15;163;x;
1376;166;16;92;x;
1377;229;201;208;x;
1378;150;108;124;x;
1379;236;52;60;x;
1380;49;11;198;x;
1381;121;58;184;x;
1382;53;74;11;x;
1383;185;208;27;x;
1384;219;35;48;x;
1385;172;128;220;x;
1386;139;197;140;x;
1387;111;219;210;x;
1388;114;190;253;x;
1389;124;204;185;x;
1390;255;34;127;x;
1391;3;102;249;x;
1392;215;179;36;x;
1393;255;221;31;x;
1394;211;234;164;x;
1395;157;68;31;x;
1396;12;173;11;x;
1397;184;181;23;x;
1398;34;162;109;x;
1399;40;72;31;x;
1400;25;84;216;x;
1401;148;242;71;x;
1402;127;142;188;x;
1403;40;74;0;x;
1404;139;53;136;x;
1405;202;250;194;x;
1406;92;2;188;x;
1407;140;255;200;x;
1408;6;106;109;x;
1409;170;187;59;x;
1410;32;43;74;x;
1411;130;183;211;x;
1412;80;103;134;x;
1413;25;80;215;x;
1414;4;238;225;x;
1415;61;66;236;x;
1416;151;226;33;x;
1417;137;207;88;x;
1418;19;121;234;x;
1419;200;93;80;x;
1420;137;188;229;x;
1421;238;63;110;x;
1422;62;229;35;x;
1423;39;168;146;x;
1424;162;40;105;x;
1425;45;17;149;x;
1426;77;69;53;x;
1427;153;183;141;x;
1428;211;107;3;x;
1429;9;85;195;x;
1430;79;105;155;x;
1431;25;193;243;x;
1432;208;135;34;x;
1433;166;4;36;x;
1434;239;208;74;x;
1435;94;254;76;x;
1436;129;204;215;x;
1437;70;102;151;x;
1438;0;255;116;x;
1439;30;187;167;x;
1440;35;240;177;x;
1441;60;203;165;x;
1442;44;161;183;x;
1443;194;142;169;x;
1444;198;235;133;x;
1445;190;166;70;x;
1446;137;187;168;x;
1447;89;78;102;x;
1448;217;22;94;x;
1449;6;198;9;x;
1450;219;233;44;x;
1451;98;80;156;x;
1452;131;17;225;x;
1453;3;205;223;x;
1454;32;115;117;x;
1455;54;117;101;x;
1456;188;205;184;x;
1457;98;67;243;x;
1458;225;85;67;x;
1459;146;242;93;x;
1460;48;60;241;x;
1461;243;61;44;x;
1462;78;17;109;x;
1463;240;53;86;x;
1464;67;64;75;x;
1465;10;96;217;x;
1466;251;246;108;x;
1467;20;108;172;x;
1468;193;201;42;x;
1469;177;179;233;x;
1470;46;132;92;x;
1471;145;6;198;x;
1472;101;29;76;x;
1473;94;69;157;x;
1474;197;102;84;x;
1475;214;187;224;x;
1476;166;121;15;x;
1477;67;94;135;x;
1478;101;170;215;x;
1479;226;123;114;x;
1480;183;223;230;x;
1481;12;69;223;x;
1482;95;86;44;x;
1483;126;20;229;x;
1484;152;230;146;x;
1485;91;7;239;x;
1486;144;155;255;x;
1487;216;79;237;x;
1488;63;147;189;x;
1489;105;237;234;x;
1490;162;62;198;x;
1491;11;239;198;x;
1492;12;247;70;x;
1493;201;126;26;x;
1494;107;205;81;x;
1495;206;180;71;x;
1496;143;132;138;x;
1497;160;187;68;x;
1498;247;94;94;x;
1499;152;242;139;x;
1500;238;10;19;x;
1501;243;96;238;x;
1502;86;160;26;x;
1503;179;37;243;x;
1504;107;163;164;x;
1505;37;71;79;x;
1506;200;130;20;x;
1507;4;130;229;x;
1508;180;92;18;x;
1509;239;35;66;x;
1510;255;157;225;x;
1511;216;251;40;x;
1512;123;170;104;x;
1513;90;30;171;x;
1514;86;115;174;x;
1515;24;190;75;x;
1516;15;35;52;x;
1517;113;234;197;x;
1518;25;163;52;x;
1519;160;65;184;x;
1520;216;239;152;x;
1521;52;218;110;x;
1522;51;73;40;x;
1523;25;62;95;x;
1524;238;92;50;x;
1525;192;115;11;x;
1526;236;114;57;x;
1527;249;7;187;x;
1528;82;151;35;x;
1529;24;167;127;x;
1530;219;98;19;x;
1531;21;90;12;x;
1532;5;90;150;x;
1533;35;62;151;x;
1534;114;202;47;x;
1535;149;204;10;x;
1536;115;176;85;x;
1537;72;81;50;x;
1538;224;191;120;x;
1539;232;80;236;x;
1540;218;133;70;x;
1541;15;16;12;x;
1542;52;167;244;x;
1543;211;253;31;x;
1544;202;62;28;x;
1545;93;124;187;x;
1546;54;244;104;x;
1547;67;255;35;x;
1548;31;233;102;x;
1549;63;203;193;x;
1550;1;123;112;x;
1551;23;227;107;x;
1552;113;101;0;x;
1553;112;205;178;x;
1554;147;150;214;x;
1555;129;110;196;x;
1556;16;14;187;x;
1557;112;93;125;x;
1558;34;72;155;x;
1559;18;148;52;x;
1560;157;242;53;x;
1561;161;98;157;x;
1562;84;42;45;x;
1563;180;35;187;x;
1564;254;7;184;x;
1565;248;220;132;x;
1566;48;5;116;x;
1567;12;30;165;x;
1568;253;127;205;x;
1569;249;247;32;x;
1570;13;72;90;x;
1571;46;42;63;x;
1572;73;143;153;x;
1573;114;137;1;x;
1574;116;81;117;x;
1575;240;22;246;x;
1576;164;20;152;x;
1577;246;149;173;x;
1578;23;98;99;x;
1579;5;153;100;x;
1580;143;88;174;x;
1581;209;156;174;x;
1582;194;157;97;x;
1583;150;23;82;x;
1584;117;123;182;x;
1585;192;189;180;x;
1586;145;155;113;x;
1587;163;252;82;x;
1588;243;13;125;x;
1589;61;155;49;x;
1590;96;194;94;x;
1591;190;166;46;x;
1592;200;60;62;x;
1593;127;15;39;x;
1594;26;138;35;x;
1595;233;37;152;x;
1596;46;234;228;x;
1597;251;27;78;x;
1598;253;175;157;x;
1599;138;90;92;x;
1600;206;72;197;x;
1601;67;117;62;x;
1602;160;85;190;x;
1603;60;65;143;x;
1604;77;115;26;x;
1605;9;71;8;x;
1606;70;128;238;x;
1607;114;207;127;x;
1608;81;25;27;x;
1609;97;93;228;x;
1610;57;235;72;x;
1611;72;25;25;x;
1612;243;48;184;x;
1613;147;116;112;x;
1614;99;237;65;x;
1615;56;205;58;x;
1616;117;30;21;x;
1617;83;145;230;x;
1618;163;134;46;x;
1619;56;159;146;x;
1620;215;192;73;x;
1621;32;90;99;x;
1622;103;143;87;x;
1623;92;170;34;x;
1624;202;48;233;x;
1625;90;245;207;x;
1626;165;155;241;x;
1627;28;140;207;x;
1628;100;202;153;x;
1629;163;47;73;x;
1630;238;134;50;x;
1631;245;218;252;x;
1632;37;173;206;x;
1633;211;99;0;x;
1634;155;51;136;x;
1635;29;69;129;x;
1636;200;90;133;x;
1637;183;158;164;x;
1638;117;192;233;x;
1639;202;57;131;x;
1640;8;21;77;x;
1641;59;212;112;x;
1642;118;15;149;x;
1643;116;238;60;x;
1644;142;73;151;x;
1645;130;166;1;x;
1646;242;236;156;x;
1647;176;50;194;x;
1648;253;71;217;x;
1649;93;232;168;x;
1650;188;189;202;x;
1651;218;3;196;x;
1652;7;68;183;x;
1653;119;20;127;x;
1654;203;183;212;x;
1655;59;190;173;x;
1656;70;48;241;x;
1657;149;222;243;x;
1658;237;22;250;x;
1659;8;25;79;x;
1660;44;251;239;x;
1661;222;94;39;x;
1662;159;255;153;x;
1663;151;217;98;x;
1664;251;135;148;x;
1665;129;46;225;x;
1666;3;78;116;x;
1667;161;159;246;x;
1668;240;35;204;x;
1669;183;218;212;x;
1670;239;196;49;x;
1671;171;238;219;x;
1672;49;59;86;x;
1673;28;150;85;x;
1674;83;12;109;x;
1675;254;236;49;x;
1676;220;2;39;x;
1677;138;83;114;x;
1678;56;132;226;x;
1679;54;197;173;x;
1680;91;138;23;x;
1681;168;142;24;x;
1682;116;84;143;x;
1683;174;51;133;x;
1684;211;138;12;x;
1685;176;55;42;x;
1686;208;109;146;x;
1687;122;190;41;x;
1688;234;25;118;x;
1689;139;184;62;x;
1690;161;6;40;x;
1691;46;13;51;x;
1692;181;27;45;x;
1693;38;48;123;x;
1694;206;46;40;x;
1695;146;69;219;x;
1696;204;42;88;x;
1697;220;203;62;x;
1698;100;72;192;x;
1699;95;196;112;x;
1700;252;83;128;x;
1701;151;39;134;x;
1702;99;152;52;x;
1703;42;224;201;x;
1704;120;76;41;x;
1705;133;171;30;x;
1706;212;107;215;x;
1707;13;57;173;x;
1708;86;27;6;x;
1709;159;32;6;x;
1710;173;40;232;x;
1711;251;252;246;x;
1712;78;33;50;x;
1713;73;124;17;x;
1714;152;189;178;x;
1715;51;166;189;x;
1716;198;200;143;x;
1717;14;230;44;x;
1718;205;244;211;x;
1719;212;91;223;x;
1720;244;217;66;x;
1721;200;104;153;x;
1722;207;233;17;x;
1723;143;204;22;x;
1724;217;47;170;x;
1725;121;233;120;x;
1726;13;48;42;x;
1727;9;62;139;x;
1728;97;157;129;x;
1729;68;94;155;x;
1730;95;79;59;x;
1731;185;101;48;x;
1732;0;201;232;x;
1733;231;172;149;x;
1734;68;12;140;x;
1735;235;218;72;x;
1736;4;72;25;x;
1737;5;112;49;x;
1738;128;171;29;x;
1739;148;194;20;x;
1740;107;37;158;x;
1741;136;186;93;x;
1742;94;74;128;x;
1743;250;192;248;x;
1744;174;117;203;x;
1745;186;214;15;x;
1746;142;35;66;x;
1747;18;118;25;x;
1748;57;107;184;x;
1749;224;210;177;x;
1750;198;119;253;x;
1751;177;144;41;x;
1752;82;102;229;x;
1753;213;26;147;x;
1754;53;239;252;x;
1755;212;25;16;x;
1756;99;82;73;x;
1757;114;97;113;x;
1758;126;71;220;x;
1759;213;209;170;x;
1760;83;86;105;x;
1761;174;200;19;x;
1762;111;83;4;x;
1763;187;105;60;x;
1764;84;225;229;x;
1765;55;190;115;x;
1766;92;195;5;x;
1767;85;52;249;x;
1768;232;147;22;x;
1769;103;207;51;x;
1770;123;109;112;x;
1771;97;224;240;x;
1772;133;50;247;x;
1773;216;33;219;x;
1774;179;171;3;x;
1775;242;46;9;x;
1776;137;205;75;x;
1777;238;48;41;x;
1778;100;238;13;x;
1779;59;202;144;x;
1780;24;97;119;x;
1781;152;4;44;x;
1782;105;1;249;x;
1783;54;218;126;x;
1784;117;24;95;x;
1785;179;27;24;x;
1786;37;50;240;x;
1787;102;172;168;x;
1788;69;46;224;x;
1789;23;96;168;x;
1790;89;103;32;x;
1791;25;97;159;x;
1792;6;65;190;x;
1793;0;160;250;x;
1794;94;64;217;x;
1795;97;18;128;x;
1796;8;127;65;x;
1797;53;193;234;x;
1798;74;25;236;x;
1799;78;41;121;x;
1800;228;44;63;x;
1801;146;1;86;x;
1802;56;125;61;x;
1803;255;213;148;x;
1804;160;242;247;x;
1805;39;217;83;x;
1806;185;88;137;x;
1807;130;10;65;x;
1808;81;153;240;x;
1809;133;241;155;x;
1810;14;173;189;x;
1811;167;94;198;x;
1812;208;96;221;x;
1813;191;59;72;x;
1814;73;123;56;x;
1815;10;75;55;x;
1816;173;17;193;x;
1817;42;68;159;x;
1818;127;174;179;x;
1819;235;185;103;x;
1820;113;250;61;x;
1821;69;40;227;x;
1822;156;216;175;x;
1823;3;134;92;x;
1824;61;218;224;x;
1825;37;2;25;x;
1826;72;198;63;x;
1827;35;148;90;x;
1828;37;171;82;x;
1829;63;224;222;x;
1830;234;61;115;x;
1831;148;95;181;x;
1832;148;36;195;x;
1833;105;196;233;x;
1834;5;198;144;x;
1835;157;201;68;x;
1836;120;112;43;x;
1837;75;30;237;x;
1838;9;129;112;x;
1839;90;130;126;x;
1840;151;20;84;x;
1841;68;230;100;x;
1842;27;56;57;x;
1843;200;81;197;x;
1844;196;51;98;x;
1845;126;229;141;x;
1846;44;245;209;x;
1847;189;33;183;x;
1848;116;37;45;x;
1849;251;250;201;x;
1850;223;64;121;x;
1851;45;75;209;x;
1852;183;176;39;x;
1853;117;221;227;x;
1854;255;13;23;x;
1855;112;136;80;x;
1856;229;79;152;x;
1857;68;69;168;x;
1858;151;133;201;x;
1859;38;14;66;x;
1860;81;74;146;x;
1861;119;2;18;x;
1862;95;169;103;x;
1863;52;152;207;x;
1864;189;113;199;x;
1865;73;38;114;x;
1866;102;139;64;x;
1867;205;225;103;x;
1868;122;153;50;x;
1869;224;231;73;x;
1870;65;202;243;x;
1871;22;221;134;x;
1872;187;79;206;x;
1873;103;13;129;x;
1874;242;142;250;x;
1875;187;159;79;x;
1876;32;78;200;x;
1877;171;191;186;x;
1878;6;105;9;x;
1879;22;234;196;x;
1880;5;127;107;x;
1881;221;136;134;x;
1882;223;235;230;x;
1883;188;102;116;x;
1884;34;176;242;x;
1885;114;135;220;x;
1886;155;241;110;x;
1887;118;190;110;x;
1888;212;194;169;x;
1889;162;125;81;x;
1890;59;83;234;x;
1891;134;251;50;x;
1892;254;153;123;x;
1893;167;190;113;x;
1894;118;52;158;x;
1895;222;95;85;x;
1896;182;98;119;x;
1897;104;206;153;x;
1898;123;117;100;x;
1899;178;84;80;x;
1900;23;161;93;x;
1901;61;60;23;x;
1902;3;189;182;x;
1903;226;10;246;x;
1904;87;215;172;x;
1905;236;55;238;x;
1906;207;136;5;x;
1907;161;102;29;x;
1908;192;209;122;x;
1909;161;171;74;x;
1910;148;252;180;x;
1911;208;175;191;x;
1912;242;43;207;x;
1913;4;240;143;x;
1914;253;213;130;x;
1915;19;11;7;x;
1916;133;185;32;x;
1917;127;207;142;x;
1918;194;10;200;x;
1919;72;157;66;x;
1920;16;128;201;x;
1921;160;145;7;x;
1922;230;145;142;x;
1923;135;206;85;x;
1924;203;51;181;x;
1925;62;70;225;x;
1926;101;45;73;x;
1927;226;124;120;x;
1928;118;65;165;x;
1929;151;112;146;x;
1930;53;143;172;x;
1931;205;170;157;x;
1932;24;145;205;x;
1933;205;228;185;x;
1934;147;44;248;x;
1935;7;244;137;x;
1936;149;189;208;x;
1937;17;188;20;x;
1938;38;156;42;x;
1939;134;141;101;x;
1940;183;210;179;x;
1941;178;244;100;x;
1942;54;192;236;x;
1943;14;168;118;x;
1944;230;229;41;x;
1945;224;174;142;x;
1946;247;249;248;x;
1947;156;243;206;x;
1948;165;65;48;x;
1949;54;2;231;x;
1950;247;98;235;x;
1951;2;14;91;x;
1952;203;31;160;x;
1953;112;152;50;x;
1954;217;202;117;x;
1955;238;141;177;x;
1956;197;93;228;x;
1957;82;61;42;x;
1958;169;60;235;x;
1959;161;35;92;x;
1960;142;208;21;x;
1961;201;97;77;x;
1962;235;229;158;x;
1963;43;204;35;x;
1964;20;213;240;x;
1965;194;234;59;x;
1966;209;206;234;x;
1967;213;222;245;x;
1968;62;29;50;x;
1969;163;251;89;x;
1970;15;102;240;x;
1971;36;136;68;x;
1972;59;244;138;x;
1973;129;174;220;x;
1974;250;101;250;x;
1975;5;48;161;x;
1976;184;236;137;x;
1977;224;247;53;x;
1978;236;57;34;x;
1979;99;114;32;x;
1980;82;243;99;x;
1981;223;139;173;x;
1982;159;242;187;x;
1983;203;55;19;x;
1984;227;198;46;x;
1985;126;1;111;x;
1986;60;240;127;x;
1987;214;184;125;x;
1988;126;7;43;x;
1989;24;74;86;x;
1990;109;155;53;x;
1991;49;144;135;x;
1992;207;13;175;x;
1993;5;92;86;x;
1994;86;122;25;x;
1995;76;109;192;x;
1996;68;16;203;x;
1997;150;109;188;x;
1998;215;182;184;x;
1999;135;213;236;x;
2000;6;20;43;x;
2001;38;225;255;x;
2002;124;14;52;x;
2003;243;64;234;x;
2004;126;30;224;x;
2005;92;192;27;x;
2006;187;1;168;x;
2007;175;136;193;x;
2008;229;62;76;x;
2009;120;111;82;x;
2010;12;159;181;x;
2011;224;35;239;x;
2012;37;160;64;x;
2013;196;212;50;x;
2014;149;71;13;x;
2015;79;31;221;x;
2016;120;29;82;x;
2017;80;95;250;x;
2018;188;230;251;x;
2019;99;30;54;x;
2020;227;160;196;x;
2021;66;6;138;x;
2022;204;101;246;x;
2023;220;153;243;x;
2024;223;146;124;x;
2025;131;140;177;x;
2026;62;206;252;x;
2027;47;21;39;x;
2028;234;254;4;x;
2029;9;127;61;x;
2030;140;199;226;x;
2031;38;63;29;x;
2032;122;0;207;x;
2033;88;83;27;x;
2034;55;137;19;x;
2035;51;35;221;x;
2036;70;55;124;x;
2037;32;245;233;x;
2038;10;178;136;x;
2039;17;181;52;x;
2040;254;135;165;x;
2041;252;46;58;x;
2042;36;147;0;x;
2043;87;14;14;x;
2044;231;104;163;x;
2045;210;52;245;x;
2046;114;181;74;x;
2047;185;176;54;x;
2048;248;96;26;x;
2049;210;60;222;x;
2050;71;195;52;x;
2051;205;54;37;x;
2052;58;106;39;x;
2053;157;154;19;x;
2054;172;82;76;x;
2055;5;103;52;x;
2056;71;231;22;x;
2057;198;8;46;x;
2058;151;82;66;x;
2059;227;210;232;x;
2060;112;53;110;x;
2061;24;64;106;x;
2062;7;17;127;x;
2063;196;108;214;x;
2064;219;61;174;x;
2065;245;158;17;x;
2066;5;202;126;x;
2067;18;98;32;x;
2068;85;83;12;x;
2069;83;190;114;x;
2070;244;39;191;x;
2071;57;77;201;x;
2072;23;24;133;x;
2073;251;77;198;x;
2074;162;64;49;x;
2075;249;246;153;x;
2076;106;153;123;x;
2077;57;200;45;x;
2078;250;85;21;x;
2079;44;116;11;x;
2080;68;150;126;x;
2081;89;248;142;x;
2082;193;84;221;x;
2083;48;161;240;x;
2084;201;112;244;x;
2085;137;184;232;x;
2086;97;187;240;x;
2087;69;53;221;x;
2088;110;129;166;x;
2089;227;179;65;x;
2090;40;97;62;x;
2091;13;220;230;x;
2092;242;20;42;x;
2093;151;1;90;x;
2094;65;205;20;x;
2095;139;110;168;x;
2096;248;224;172;x;
2097;165;98;68;x;
2098;107;88;203;x;
2099;247;59;186;x;
2100;143;103;50;x;
2101;139;29;133;x;
2102;152;90;149;x;
2103;175;76;248;x;
2104;161;178;192;x;
2105;104;55;181;x;
2106;234;69;251;x;
2107;64;250;114;x;
2108;72;248;55;x;
2109;170;184;8;x;
2110;99;255;39;x;
2111;107;128;231;x;
2112;130;28;42;x;
2113;108;245;132;x;
2114;59;12;8;x;
2115;127;254;31;x;
2116;84;142;33;x;
2117;192;166;145;x;
2118;140;177;228;x;
2119;163;155;68;x;
2120;112;238;124;x;
2121;7;245;24;x;
2122;100;35;24;x;
2123;100;4;167;x;
2124;212;6;122;x;
2125;229;62;107;x;
2126;68;60;62;x;
2127;161;190;228;x;
2128;121;124;194;x;
2129;129;10;225;x;
2130;81;75;216;x;
2131;22;8;11;x;
2132;150;104;196;x;
2133;110;173;100;x;
2134;253;200;215;x;
2135;235;195;118;x;
2136;143;221;70;x;
2137;180;33;15;x;
2138;142;89;54;x;
2139;103;205;29;x;
2140;195;197;85;x;
2141;51;54;203;x;
2142;101;222;157;x;
2143;254;142;97;x;
2144;79;226;153;x;
2145;234;96;77;x;
2146;96;210;151;x;
2147;111;216;224;x;
2148;62;183;227;x;
2149;7;26;213;x;
2150;160;107;95;x;
2151;241;58;238;x;
2152;242;133;224;x;
2153;204;10;100;x;
2154;185;128;253;x;
2155;63;118;62;x;
2156;10;64;32;x;
2157;232;127;191;x;
2158;103;238;188;x;
2159;38;16;144;x;
2160;45;19;199;x;
2161;17;239;72;x;
2162;198;26;78;x;
2163;123;109;84;x;
2164;176;107;141;x;
2165;86;253;8;x;
2166;56;121;192;x;
2167;213;246;91;x;
2168;166;119;74;x;
2169;98;138;66;x;
2170;83;162;122;x;
2171;195;175;126;x;
2172;81;253;68;x;
2173;196;110;38;x;
2174;87;77;229;x;
2175;159;120;57;x;
2176;27;57;2;x;
2177;102;100;203;x;
2178;130;185;235;x;
2179;110;102;132;x;
2180;176;162;50;x;
2181;86;55;140;x;
2182;136;77;239;x;
2183;55;23;149;x;
2184;56;63;104;x;
2185;34;167;47;x;
2186;175;140;53;x;
2187;19;74;211;x;
2188;1;243;194;x;
2189;57;15;117;x;
2190;152;244;100;x;
2191;122;181;47;x;
2192;89;156;15;x;
2193;44;176;25;x;
2194;220;0;141;x;
2195;169;149;171;x;
2196;83;107;237;x;
2197;1;111;53;x;
2198;97;158;248;x;
2199;214;199;226;x;
2200;59;82;144;x;
2201;93;7;213;x;
2202;33;172;219;x;
2203;48;219;252;x;
2204;141;174;144;x;
2205;93;129;248;x;
2206;63;252;170;x;
2207;231;148;208;x;
2208;220;26;9;x;
2209;134;56;108;x;
2210;241;198;253;x;
2211;235;240;181;x;
2212;70;148;144;x;
2213;254;60;119;x;
2214;43;208;97;x;
2215;97;15;129;x;
2216;200;145;160;x;
2217;17;127;201;x;
2218;141;25;249;x;
2219;33;38;23;x;
2220;145;225;254;x;
2221;79;20;141;x;
2222;157;169;18;x;
2223;24;186;162;x;
2224;35;165;18;x;
2225;154;186;48;x;
2226;81;233;178;x;
2227;85;5;161;x;
2228;178;83;34;x;
2229;200;253;93;x;
2230;189;190;6;x;
2231;186;169;80;x;
2232;246;137;96;x;
2233;82;118;75;x;
2234;51;93;164;x;
2235;22;159;48;x;
2236;90;223;151;x;
2237;39;251;146;x;
2238;101;28;162;x;
2239;57;146;205;x;
2240;54;29;224;x;
2241;182;101;183;x;
2242;184;181;186;x;
2243;62;191;154;x;
2244;41;21;116;x;
2245;135;194;80;x;
2246;169;69;116;x;
2247;6;187;201;x;
2248;45;47;250;x;
2249;122;203;242;x;
2250;170;205;93;x;
2251;13;165;158;x;
2252;199;140;196;x;
2253;41;151;16;x;
2254;136;63;95;x;
2255;11;182;63;x;
2256;84;235;193;x;
2257;101;188;96;x;
2258;112;124;223;x;
2259;40;224;46;x;
2260;187;147;127;x;
2261;139;73;80;x;
2262;184;107;3;x;
2263;220;188;211;x;
2264;27;79;199;x;
2265;147;226;242;x;
2266;67;144;105;x;
2267;198;47;59;x;
2268;25;48;107;x;
2269;9;40;240;x;
2270;228;49;121;x;
2271;166;249;35;x;
2272;126;168;158;x;
2273;61;30;93;x;
2274;48;236;94;x;
2275;227;159;22;x;
2276;233;1;243;x;
2277;192;81;116;x;
2278;83;38;239;x;
2279;218;117;134;x;
2280;7;133;120;x;
2281;67;185;172;x;
2282;55;255;135;x;
2283;100;136;127;x;
2284;249;234;131;x;
2285;36;3;115;x;
2286;213;124;128;x;
2287;229;91;24;x;
2288;149;234;3;x;
2289;234;151;162;x;
2290;170;183;83;x;
2291;192;146;176;x;
2292;58;172;148;x;
2293;95;65;74;x;
2294;239;225;203;x;
2295;243;182;141;x;
2296;238;17;202;x;
2297;252;188;39;x;
2298;52;113;106;x;
2299;237;28;150;x;
2300;166;170;208;x;
2301;5;111;182;x;
2302;87;52;188;x;
2303;239;126;0;x;
2304;142;177;65;x;
2305;118;141;106;x;
2306;66;170;171;x;
2307;189;191;75;x;
2308;164;55;168;x;
2309;144;243;229;x;
2310;62;136;116;x;
2311;231;16;140;x;
2312;42;66;212;x;
2313;19;52;224;x;
2314;102;93;3;x;
2315;94;190;118;x;
2316;32;88;74;x;
2317;213;44;18;x;
2318;15;215;86;x;
2319;137;29;35;x;
2320;32;223;179;x;
2321;219;142;56;x;
2322;255;3;49;x;
2323;175;252;203;x;
2324;217;143;113;x;
2325;50;57;237;x;
2326;212;81;58;x;
2327;127;197;166;x;
2328;21;142;18;x;
2329;108;6;207;x;
2330;87;153;93;x;
2331;159;224;234;x;
2332;192;123;132;x;
2333;116;112;63;x;
2334;57;89;142;x;
2335;166;86;162;x;
2336;146;134;203;x;
2337;41;250;178;x;
2338;209;244;42;x;
2339;183;136;54;x;
2340;111;2;201;x;
2341;4;205;208;x;
2342;172;149;95;x;
2343;211;233;167;x;
2344;155;231;130;x;
2345;182;72;137;x;
2346;17;128;157;x;
2347;112;126;250;x;
2348;211;38;245;x;
2349;196;140;88;x;
2350;96;244;54;x;
2351;182;244;89;x;
2352;189;243;136;x;
2353;1;51;193;x;
2354;174;139;58;x;
2355;190;180;187;x;
2356;158;103;142;x;
2357;157;171;202;x;
2358;202;139;203;x;
2359;152;130;179;x;
2360;125;97;37;x;
2361;120;178;194;x;
2362;249;103;107;x;
2363;174;38;20;x;
2364;141;59;247;x;
2365;168;200;224;x;
2366;141;202;93;x;
2367;5;74;172;x;
2368;173;67;144;x;
2369;215;83;148;x;
2370;178;253;35;x;
2371;24;13;108;x;
2372;87;191;241;x;
2373;224;210;96;x;
2374;227;230;103;x;
2375;175;26;238;x;
2376;196;43;183;x;
2377;35;149;79;x;
2378;217;70;14;x;
2379;167;248;155;x;
2380;87;172;253;x;
2381;66;69;216;x;
2382;236;170;216;x;
2383;0;227;165;x;
2384;142;60;227;x;
2385;47;18;238;x;
2386;143;39;1;x;
2387;15;114;91;x;
2388;122;79;187;x;
2389;37;106;173;x;
2390;110;36;225;x;
2391;59;114;228;x;
2392;2;236;189;x;
2393;109;11;184;x;
2394;5;255;84;x;
2395;205;192;54;x;
2396;31;141;32;x;
2397;25;148;98;x;
2398;181;82;167;x;
2399;140;14;238;x;
2400;50;63;211;x;
2401;137;123;161;x;
2402;47;116;159;x;
2403;196;169;120;x;
2404;105;92;47;x;
2405;105;227;167;x;
2406;214;49;169;x;
2407;251;92;33;x;
2408;110;2;34;x;
2409;64;162;30;x;
2410;151;165;166;x;
2411;88;156;50;x;
2412;248;201;249;x;
2413;53;81;0;x;
2414;231;107;192;x;
2415;30;104;3;x;
2416;100;64;207;x;
2417;159;246;237;x;
2418;253;91;227;x;
2419;194;237;175;x;
2420;150;164;166;x;
2421;233;201;142;x;
2422;39;142;231;x;
2423;106;33;77;x;
2424;175;229;234;x;
2425;230;130;131;x;
2426;245;88;127;x;
2427;73;58;12;x;
2428;217;211;250;x;
2429;76;211;173;x;
2430;56;195;156;x;
2431;219;193;51;x;
2432;2;124;47;x;
2433;234;71;163;x;
2434;13;3;147;x;
2435;146;240;192;x;
2436;73;2;155;x;
2437;119;52;209;x;
2438;251;231;190;x;
2439;104;233;79;x;
2440;240;105;97;x;
2441;12;133;172;x;
2442;195;180;108;x;
2443;37;248;221;x;
2444;205;88;113;x;
2445;197;102;94;x;
2446;37;111;249;x;
2447;152;199;95;x;
2448;125;96;194;x;
2449;121;47;136;x;
2450;168;9;33;x;
2451;120;252;4;x;
2452;124;98;230;x;
2453;160;3;71;x;
2454;162;178;4;x;
2455;231;183;137;x;
2456;214;148;217;x;
2457;141;134;69;x;
2458;180;252;41;x;
2459;247;252;143;x;
2460;195;111;174;x;
2461;45;132;0;x;
2462;96;79;240;x;
2463;195;212;146;x;
2464;10;72;46;x;
2465;159;89;212;x;
2466;50;66;24;x;
2467;81;135;169;x;
2468;131;78;230;x;
2469;144;88;212;x;
2470;2;60;105;x;
2471;36;27;217;x;
2472;17;130;37;x;
2473;103;145;18;x;
2474;32;199;41;x;
2475;123;33;117;x;
2476;207;143;141;x;
2477;139;218;135;x;
2478;96;28;49;x;
2479;207;232;60;x;
2480;239;40;220;x;
2481;168;62;120;x;
2482;175;113;150;x;
2483;255;66;216;x;
2484;5;138;176;x;
2485;195;107;195;x;
2486;147;163;215;x;
2487;197;35;30;x;
2488;20;116;238;x;
2489;233;136;170;x;
2490;75;151;62;x;
2491;87;22;21;x;
2492;74;89;143;x;
2493;124;230;100;x;
2494;208;111;0;x;
2495;119;162;252;x;
2496;47;143;220;x;
2497;210;244;89;x;
2498;150;222;200;x;
2499;115;117;59;x;
2500;113;136;214;x;
2501;208;167;36;x;
2502;26;68;179;x;
2503;207;220;19;x;
2504;137;158;235;x;
2505;121;167;132;x;
2506;23;150;36;x;
2507;217;182;244;x;
2508;197;66;51;x;
2509;232;227;13;x;
2510;251;101;128;x;
2511;201;33;159;x;
2512;150;25;163;x;
2513;141;198;242;x;
2514;52;74;41;x;
2515;204;141;88;x;
2516;27;160;250;x;
2517;140;162;141;x;
2518;39;131;179;x;
2519;124;134;169;x;
2520;125;99;203;x;
2521;214;15;45;x;
2522;182;254;155;x;
2523;146;140;73;x;
2524;87;94;110;x;
2525;22;228;86;x;
2526;97;95;251;x;
2527;12;23;160;x;
2528;162;136;161;x;
2529;54;9;76;x;
2530;165;59;31;x;
2531;54;17;78;x;
2532;87;136;69;x;
2533;68;137;38;x;
2534;128;92;106;x;
2535;49;111;51;x;
2536;141;252;221;x;
2537;163;207;239;x;
2538;55;189;58;x;
2539;11;80;33;x;
2540;70;44;243;x;
2541;89;72;117;x;
2542;44;7;193;x;
2543;99;16;240;x;
2544;39;185;15;x;
2545;93;72;27;x;
2546;175;226;232;x;
2547;19;57;163;x;
2548;201;186;62;x;
2549;218;107;83;x;
2550;222;251;34;x;
2551;58;220;72;x;
2552;153;221;152;x;
2553;9;169;170;x;
2554;177;77;53;x;
2555;28;22;13;x;
2556;28;40;126;x;
2557;224;213;142;x;
2558;118;32;19;x;
2559;139;130;162;x;
2560;24;182;10;x;
2561;121;81;167;x;
2562;77;41;74;x;
2563;70;45;44;x;
2564;214;94;23;x;
2565;178;209;41;x;
2566;199;98;35;x;
2567;177;214;0;x;
2568;166;144;155;x;
2569;205;226;37;x;
2570;174;36;95;x;
2571;133;221;184;x;
2572;47;40;75;x;
2573;32;172;110;x;
2574;9;241;58;x;
2575;7;43;110;x;
2576;125;62;179;x;
2577;107;133;183;x;
2578;216;0;159;x;
2579;201;85;136;x;
2580;46;49;75;x;
2581;19;163;129;x;
2582;95;253;143;x;
2583;195;246;229;x;
2584;85;185;25;x;
2585;171;130;182;x;
2586;159;184;203;x;
2587;134;45;65;x;
2588;133;216;157;x;
2589;86;142;78;x;
2590;150;212;95;x;
2591;64;52;18;x;
2592;141;81;93;x;
2593;242;122;172;x;
2594;249;81;43;x;
2595;243;142;91;x;
2596;194;206;105;x;
2597;136;53;2;x;
2598;146;240;216;x;
2599;47;239;219;x;
2600;248;87;135;x;
2601;139;82;42;x;
2602;139;237;6;x;
2603;17;59;165;x;
2604;151;78;208;x;
2605;6;40;126;x;
2606;92;23;109;x;
2607;26;39;77;x;
2608;220;45;246;x;
2609;128;34;197;x;
2610;81;232;99;x;
2611;54;178;131;x;
2612;176;66;198;x;
2613;133;62;14;x;
2614;115;1;198;x;
2615;25;156;72;x;
2616;120;119;59;x;
2617;190;166;181;x;
2618;59;88;196;x;
2619;100;236;34;x;
2620;159;18;22;x;
2621;82;18;190;x;
2622;238;161;213;x;
2623;155;96;186;x;
2624;234;28;108;x;
2625;154;211;170;x;
2626;233;117;25;x;
2627;35;248;0;x;
2628;206;251;4;x;
2629;205;1;14;x;
2630;9;15;105;x;
2631;52;145;128;x;
2632;180;1;105;x;
2633;19;65;141;x;
2634;206;109;34;x;
2635;41;235;122;x;
2636;195;65;63;x;
2637;169;2;83;x;
2638;20;23;122;x;
2639;94;110;32;x;
2640;160;35;152;x;
2641;6;255;178;x;
2642;179;103;166;x;
2643;144;1;46;x;
2644;202;231;102;x;
2645;42;48;12;x;
2646;96;237;151;x;
2647;132;235;11;x;
2648;208;65;41;x;
2649;218;150;182;x;
2650;148;214;95;x;
2651;139;226;114;x;
2652;181;58;9;x;
2653;215;45;172;x;
2654;133;126;130;x;
2655;50;94;254;x;
2656;9;112;194;x;
2657;191;6;90;x;
2658;169;48;12;x;
2659;165;7;219;x;
2660;202;36;156;x;
2661;165;216;245;x;
2662;164;11;205;x;
2663;33;214;79;x;
2664;14;244;237;x;
2665;24;90;31;x;
2666;168;48;12;x;
2667;65;3;44;x;
2668;162;115;10;x;
2669;64;49;192;x;
2670;109;160;176;x;
2671;147;243;180;x;
2672;50;46;250;x;
2673;61;99;163;x;
2674;118;80;98;x;
2675;176;167;166;x;
2676;226;59;65;x;
2677;220;21;153;x;
2678;217;151;94;x;
2679;217;0;185;x;
2680;88;179;108;x;
2681;193;14;50;x;
2682;185;215;107;x;
2683;62;188;132;x;
2684;94;7;238;x;
2685;133;208;77;x;
2686;254;88;93;x;
2687;7;118;106;x;
2688;210;184;44;x;
2689;109;50;99;x;
2690;159;196;151;x;
2691;7;107;213;x;
2692;39;98;77;x;
2693;37;247;107;x;
2694;90;250;196;x;
2695;27;164;109;x;
2696;20;109;35;x;
2697;239;149;114;x;
2698;112;66;62;x;
2699;97;166;4;x;
2700;174;184;97;x;
2701;211;111;84;x;
2702;60;44;13;x;
2703;221;136;36;x;
2704;53;30;169;x;
2705;174;58;155;x;
2706;144;114;74;x;
2707;117;94;191;x;
2708;183;53;207;x;
2709;87;232;48;x;
2710;96;225;151;x;
2711;173;225;180;x;
2712;92;230;119;x;
2713;85;41;67;x;
2714;209;164;138;x;
2715;0;239;89;x;
2716;54;82;6;x;
2717;23;227;228;x;
2718;197;39;144;x;
2719;235;173;92;x;
2720;123;197;177;x;
2721;193;30;146;x;
2722;108;219;228;x;
2723;199;160;203;x;
2724;84;145;141;x;
2725;166;186;84;x;
2726;230;236;161;x;
2727;137;104;111;x;
2728;54;43;80;x;
2729;141;204;153;x;
2730;157;54;7;x;
2731;97;120;139;x;
2732;224;168;106;x;
2733;186;202;164;x;
2734;249;162;251;x;
2735;30;205;165;x;
2736;51;151;57;x;
2737;128;74;86;x;
2738;142;75;7;x;
2739;203;78;126;x;
2740;206;131;89;x;
2741;13;219;103;x;
2742;117;193;3;x;
2743;34;158;236;x;
2744;23;50;102;x;
2745;149;17;44;x;
2746;66;183;72;x;
2747;201;126;225;x;
2748;112;202;152;x;
2749;162;58;135;x;
2750;251;179;82;x;
2751;91;59;204;x;
2752;114;17;59;x;
2753;128;150;119;x;
2754;222;239;117;x;
2755;29;190;222;x;
2756;106;158;90;x;
2757;246;227;213;x;
2758;16;243;129;x;
2759;125;192;244;x;
2760;52;77;210;x;
2761;223;81;218;x;
2762;126;220;53;x;
2763;109;54;36;x;
2764;50;121;167;x;
2765;169;242;212;x;
2766;97;119;133;x;
2767;100;102;12;x;
2768;215;238;225;x;
2769;171;96;236;x;
2770;136;7;58;x;
2771;122;0;165;x;
2772;127;195;118;x;
2773;41;10;214;x;
2774;211;157;83;x;
2775;35;62;119;x;
2776;214;42;246;x;
2777;128;160;224;x;
2778;8;213;146;x;
2779;94;60;223;x;
2780;180;177;201;x;
2781;240;183;70;x;
2782;42;207;51;x;
2783;39;118;249;x;
2784;8;178;221;x;
2785;185;187;179;x;
2786;216;201;58;x;
2787;236;152;182;x;
2788;186;173;217;x;
2789;169;92;25;x;
2790;151;165;127;x;
2791;151;191;184;x;
2792;149;31;229;x;
2793;209;54;237;x;
2794;112;253;81;x;
2795;81;241;70;x;
2796;73;179;3;x;
2797;93;146;116;x;
2798;255;30;199;x;
2799;34;121;158;x;
2800;39;183;103;x;
2801;244;42;231;x;
2802;214;73;77;x;
2803;225;250;136;x;
2804;35;212;33;x;
2805;139;116;139;x;
2806;76;106;26;x;
2807;54;134;58;x;
2808;150;85;75;x;
2809;80;237;75;x;
2810;188;115;227;x;
2811;73;136;26;x;
2812;121;30;48;x;
2813;200;83;4;x;
2814;58;230;115;x;
2815;250;206;44;x;
2816;126;250;80;x;
2817;132;85;64;x;
2818;7;123;52;x;
2819;107;19;6;x;
2820;168;184;87;x;
2821;133;247;78;x;
2822;192;154;68;x;
2823;84;173;117;x;
2824;138;106;43;x;
2825;240;25;195;x;
2826;49;9;110;x;
2827;156;190;35;x;
2828;147;100;112;x;
2829;177;143;33;x;
2830;139;102;104;x;
2831;89;172;81;x;
2832;112;0;112;x;
2833;172;255;114;x;
2834;209;170;201;x;
2835;202;151;123;x;
2836;200;122;193;x;
2837;201;131;191;x;
2838;116;122;27;x;
2839;232;167;161;x;
2840;166;183;65;x;
2841;65;69;68;x;
2842;245;217;23;x;
2843;76;178;63;x;
2844;189;108;179;x;
2845;142;167;162;x;
2846;160;131;24;x;
2847;214;96;68;x;
2848;217;181;124;x;
2849;250;92;130;x;
2850;181;78;80;x;
2851;169;51;94;x;
2852;212;81;127;x;
2853;29;86;244;x;
2854;174;58;230;x;
2855;39;143;31;x;
2856;81;249;103;x;
2857;102;19;39;x;
2858;41;40;6;x;
2859;39;85;169;x;
2860;254;180;150;x;
2861;107;111;160;x;
2862;129;183;244;x;
2863;226;104;12;x;
2864;51;179;72;x;
2865;67;70;195;x;
2866;16;31;105;x;
2867;14;110;100;x;
2868;249;217;148;x;
2869;142;247;99;x;
2870;167;74;231;x;
2871;249;119;133;x;
2872;185;49;151;x;
2873;95;128;97;x;
2874;40;198;233;x;
2875;94;244;116;x;
2876;218;143;212;x;
2877;203;183;8;x;
2878;221;160;108;x;
2879;246;250;63;x;
2880;56;186;37;x;
2881;208;135;205;x;
2882;30;151;245;x;
2883;61;159;49;x;
2884;184;212;108;x;
2885;255;176;188;x;
2886;81;246;218;x;
2887;178;96;204;x;
2888;247;231;77;x;
2889;253;221;103;x;
2890;51;182;143;x;
2891;164;107;84;x;
2892;122;210;84;x;
2893;195;129;34;x;
2894;18;221;233;x;
2895;11;157;192;x;
2896;194;210;154;x;
2897;93;77;23;x;
2898;250;29;235;x;
2899;9;30;151;x;
2900;65;196;16;x;
2901;89;82;219;x;
2902;175;106;227;x;
2903;233;180;93;x;
2904;162;126;9;x;
2905;10;193;229;x;
2906;7;181;87;x;
2907;173;125;230;x;
2908;86;18;123;x;
2909;173;9;241;x;
2910;148;131;117;x;
2911;90;36;80;x;
2912;5;238;3;x;
2913;42;140;171;x;
2914;154;75;71;x;
2915;30;220;230;x;
2916;245;208;42;x;
2917;153;159;205;x;
2918;37;225;129;x;
2919;56;186;169;x;
2920;98;117;213;x;
2921;45;140;230;x;
2922;6;62;10;x;
2923;112;55;195;x;
2924;29;160;41;x;
2925;255;183;186;x;
2926;1;95;52;x;
2927;193;0;181;x;
2928;170;240;108;x;
2929;10;230;96;x;
2930;98;160;243;x;
2931;49;217;2;x;
2932;139;141;135;x;
2933;196;233;69;x;
2934;84;79;36;x;
2935;158;56;142;x;
2936;17;42;68;x;
2937;75;65;223;x;
2938;53;2;10;x;
2939;91;102;97;x;
2940;63;222;35;x;
2941;181;12;143;x;
2942;178;253;182;x;
2943;133;56;136;x;
2944;24;138;46;x;
2945;212;57;183;x;
2946;177;227;110;x;
2947;223;237;69;x;
2948;110;163;203;x;
2949;68;211;221;x;
2950;142;180;131;x;
2951;205;127;31;x;
2952;6;208;227;x;
2953;219;212;48;x;
2954;52;68;101;x;
2955;85;165;0;x;
2956;214;127;123;x;
2957;58;26;90;x;
2958;215;4;148;x;
2959;201;74;199;x;
2960;56;107;214;x;
2961;144;110;250;x;
2962;11;192;45;x;
2963;137;57;83;x;
2964;128;89;22;x;
2965;135;7;33;x;
2966;131;131;130;x;
2967;149;72;91;x;
2968;232;248;166;x;
2969;201;188;106;x;
2970;198;68;109;x;
2971;74;216;241;x;
2972;138;56;88;x;
2973;132;61;156;x;
2974;12;91;212;x;
2975;220;161;22;x;
2976;118;112;81;x;
2977;42;95;147;x;
2978;107;183;193;x;
2979;167;241;142;x;
2980;159;136;31;x;
2981;156;161;56;x;
2982;207;230;227;x;
2983;155;132;240;x;
2984;195;160;42;x;
2985;207;79;39;x;
2986;83;178;233;x;
2987;95;147;245;x;
2988;92;131;205;x;
2989;241;178;23;x;
2990;193;158;58;x;
2991;105;229;17;x;
2992;13;230;64;x;
2993;48;168;9;x;
2994;112;189;193;x;
2995;28;197;252;x;
2996;98;74;10;x;
2997;82;62;114;x;
2998;101;235;232;x;
2999;179;163;213;x;
3000;81;53;237;x;
3001;243;170;34;x;
3002;74;126;247;x;
3003;162;54;67;x;
3004;254;104;120;x;
3005;173;177;172;x;
3006;132;5;163;x;
3007;8;60;116;x;
3008;25;218;199;x;
3009;162;172;188;x;
3010;203;136;2;x;
3011;43;26;209;x;
3012;237;39;17;x;
3013;187;28;234;x;
3014;50;237;211;x;
3015;76;176;152;x;
3016;230;83;17;x;
3017;167;146;9;x;
3018;189;30;184;x;
3019;110;210;31;x;
3020;145;233;202;x;
3021;255;66;233;x;
3022;215;171;117;x;
3023;187;209;249;x;
3024;218;203;166;x;
3025;80;102;17;x;
3026;197;219;42;x;
3027;120;153;94;x;
3028;104;98;115;x;
3029;147;97;225;x;
3030;76;31;232;x;
3031;7;97;155;x;
3032;208;74;83;x;
3033;19;162;68;x;
3034;98;127;76;x;
3035;116;227;92;x;
3036;123;183;54;x;
3037;0;233;43;x;
3038;227;19;239;x;
3039;231;223;212;x;
3040;209;78;54;x;
3041;44;61;100;x;
3042;138;26;183;x;
3043;114;171;121;x;
3044;232;109;21;x;
3045;125;208;203;x;
3046;113;253;222;x;
3047;161;65;48;x;
3048;59;195;233;x;
3049;87;126;178;x;
3050;66;111;242;x;
3051;125;49;181;x;
3052;41;234;65;x;
3053;33;75;121;x;
3054;230;209;205;x;
3055;70;144;169;x;
3056;23;112;19;x;
3057;251;187;19;x;
3058;186;39;112;x;
3059;17;74;135;x;
3060;96;84;155;x;
3061;229;80;61;x;
3062;58;99;246;x;
3063;4;213;79;x;
3064;115;231;191;x;
3065;102;115;244;x;
3066;32;163;229;x;
3067;227;116;203;x;
3068;216;157;192;x;
3069;157;40;89;x;
3070;41;13;105;x;
3071;129;218;197;x;
3072;46;75;219;x;
3073;162;233;254;x;
3074;137;246;35;x;
3075;145;129;235;x;
3076;240;8;206;x;
3077;98;3;233;x;
3078;190;34;131;x;
3079;162;147;178;x;
3080;10;86;181;x;
3081;1;202;11;x;
3082;119;203;163;x;
3083;122;81;13;x;
3084;138;224;26;x;
3085;42;27;154;x;
3086;251;140;80;x;
3087;151;137;77;x;
3088;212;59;208;x;
3089;244;138;105;x;
3090;34;93;2;x;
3091;247;24;245;x;
3092;88;240;245;x;
3093;245;184;23;x;
3094;251;197;99;x;
3095;193;85;25;x;
3096;170;86;207;x;
3097;112;251;51;x;
3098;93;22;220;x;
3099;113;121;36;x;
3100;177;33;9;x;
3101;143;201;79;x;
3102;244;129;120;x;
3103;221;157;98;x;
3104;5;126;45;x;
3105;88;31;56;x;
3106;151;107;11;x;
3107;146;59;221;x;
3108;118;41;202;x;
3109;31;192;2;x;
3110;195;4;137;x;
3111;101;55;102;x;
3112;28;227;144;x;
3113;124;54;163;x;
3114;126;68;68;x;
3115;236;214;235;x;
3116;117;93;77;x;
3117;98;86;120;x;
3118;115;145;123;x;
3119;125;133;58;x;
3120;64;198;0;x;
3121;30;172;99;x;
3122;180;123;224;x;
3123;23;222;199;x;
3124;208;47;38;x;
3125;147;14;84;x;
3126;243;9;135;x;
3127;8;188;182;x;
3128;154;113;136;x;
3129;163;144;122;x;
3130;82;66;58;x;
3131;57;224;9;x;
3132;248;60;23;x;
3133;91;238;254;x;
3134;150;154;39;x;
3135;4;248;38;x;
3136;254;176;47;x;
3137;230;64;47;x;
3138;160;228;99;x;
3139;149;59;179;x;
3140;57;177;143;x;
3141;23;111;121;x;
3142;235;140;54;x;
3143;238;102;170;x;
3144;183;204;238;x;
3145;227;134;91;x;
3146;230;32;58;x;
3147;220;89;52;x;
3148;86;123;143;x;
3149;187;211;206;x;
3150;168;133;76;x;
3151;229;118;217;x;
3152;126;233;169;x;
3153;207;7;74;x;
3154;198;219;204;x;
3155;24;23;198;x;
3156;136;63;195;x;
3157;41;85;132;x;
3158;208;5;4;x;
3159;142;91;160;x;
3160;235;56;8;x;
3161;69;118;136;x;
3162;11;29;146;x;
3163;91;166;45;x;
3164;217;118;77;x;
3165;249;240;66;x;
3166;47;5;178;x;
3167;123;194;252;x;
3168;149;192;119;x;
3169;97;27;142;x;
3170;160;218;103;x;
3171;71;42;18;x;
3172;94;252;191;x;
3173;74;50;221;x;
3174;103;188;224;x;
3175;167;48;70;x;
3176;228;177;15;x;
3177;8;231;150;x;
3178;116;208;46;x;
3179;55;153;21;x;
3180;1;197;44;x;
3181;222;201;124;x;
3182;110;47;21;x;
3183;188;70;190;x;
3184;148;57;57;x;
3185;222;21;41;x;
3186;133;134;251;x;
3187;134;104;43;x;
3188;77;224;197;x;
3189;137;28;6;x;
3190;168;106;176;x;
3191;190;88;176;x;
3192;172;205;97;x;
3193;12;105;26;x;
3194;79;152;192;x;
3195;154;93;46;x;
3196;215;129;18;x;
3197;243;77;98;x;
3198;13;147;6;x;
3199;11;174;163;x;
3200;243;27;191;x;
3201;55;26;21;x;
3202;211;70;255;x;
3203;226;237;248;x;
3204;163;191;225;x;
3205;228;216;121;x;
3206;4;32;203;x;
3207;156;33;149;x;
3208;221;151;208;x;
3209;221;96;95;x;
3210;61;183;226;x;
3211;98;142;101;x;
3212;61;77;86;x;
3213;251;194;5;x;
3214;163;198;239;x;
3215;241;146;237;x;
3216;46;7;236;x;
3217;230;142;110;x;
3218;253;25;222;x;
3219;159;225;216;x;
3220;4;13;2;x;
3221;214;75;226;x;
3222;148;169;206;x;
3223;244;238;196;x;
3224;88;141;248;x;
3225;68;15;34;x;
3226;165;214;93;x;
3227;230;52;72;x;
3228;126;246;94;x;
3229;125;182;211;x;
3230;235;172;116;x;
3231;32;129;245;x;
3232;181;22;62;x;
3233;188;165;185;x;
3234;159;20;14;x;
3235;181;57;148;x;
3236;248;198;242;x;
3237;219;198;23;x;
3238;150;154;104;x;
3239;200;221;185;x;
3240;12;129;175;x;
3241;185;173;39;x;
3242;109;149;33;x;
3243;164;218;132;x;
3244;119;230;153;x;
3245;159;221;211;x;
3246;209;165;27;x;
3247;93;68;73;x;
3248;4;117;74;x;
3249;9;74;103;x;
3250;212;202;194;x;
3251;140;159;64;x;
3252;222;29;16;x;
3253;115;108;29;x;
3254;79;99;16;x;
3255;244;155;223;x;
3256;166;112;155;x;
3257;112;18;253;x;
3258;0;59;186;x;
3259;100;219;199;x;
3260;82;65;32;x;
3261;198;107;201;x;
3262;106;135;66;x;
3263;40;27;174;x;
3264;227;152;221;x;
3265;182;235;135;x;
3266;105;178;57;x;
3267;128;19;107;x;
3268;248;195;70;x;
3269;166;149;241;x;
3270;107;63;29;x;
3271;44;163;221;x;
3272;209;1;229;x;
3273;64;197;96;x;
3274;58;156;193;x;
3275;116;147;19;x;
3276;105;60;100;x;
3277;60;82;110;x;
3278;161;17;167;x;
3279;32;82;186;x;
3280;76;55;178;x;
3281;23;162;55;x;
3282;247;0;134;x;
3283;22;117;30;x;
3284;40;108;92;x;
3285;10;6;151;x;
3286;27;138;234;x;
3287;213;112;79;x;
3288;104;102;4;x;
3289;198;150;93;x;
3290;48;75;92;x;
3291;39;18;2;x;
3292;133;169;53;x;
3293;159;164;157;x;
3294;27;217;152;x;
3295;175;69;1;x;
3296;210;241;53;x;
3297;130;211;208;x;
3298;242;76;60;x;
3299;18;203;52;x;
3300;15;70;251;x;
3301;163;32;87;x;
3302;176;22;119;x;
3303;83;239;8;x;
3304;153;152;189;x;
3305;196;122;132;x;
3306;227;182;15;x;
3307;214;37;170;x;
3308;38;251;26;x;
3309;68;197;17;x;
3310;255;209;115;x;
3311;96;45;33;x;
3312;139;41;62;x;
3313;233;219;62;x;
3314;67;164;143;x;
3315;97;150;231;x;
3316;224;60;95;x;
3317;218;53;171;x;
3318;175;28;4;x;
3319;55;246;56;x;
3320;21;104;174;x;
3321;181;75;129;x;
3322;61;153;35;x;
3323;175;112;177;x;
3324;253;237;173;x;
3325;73;131;8;x;
3326;44;249;139;x;
3327;74;24;99;x;
3328;219;97;30;x;
3329;102;151;230;x;
3330;232;0;15;x;
3331;80;129;242;x;
3332;185;196;244;x;
3333;54;55;52;x;
3334;128;164;66;x;
3335;93;85;138;x;
3336;146;202;243;x;
3337;121;249;168;x;
3338;191;25;100;x;
3339;225;121;120;x;
3340;100;19;152;x;
3341;129;109;75;x;
3342;230;220;96;x;
3343;158;67;65;x;
3344;72;113;25;x;
3345;241;120;106;x;
3346;250;28;95;x;
3347;247;16;14;x;
3348;46;11;219;x;
3349;141;43;98;x;
3350;76;107;221;x;
3351;133;31;79;x;
3352;81;244;22;x;
3353;144;161;10;x;
3354;127;102;75;x;
3355;20;7;86;x;
3356;184;61;243;x;
3357;17;74;200;x;
3358;3;147;7;x;
3359;76;44;98;x;
3360;149;33;180;x;
3361;250;117;88;x;
3362;161;202;220;x;
3363;242;205;182;x;
3364;145;134;164;x;
3365;229;247;217;x;
3366;161;157;91;x;
3367;53;44;194;x;
3368;163;90;69;x;
3369;153;18;227;x;
3370;208;170;95;x;
3371;117;7;54;x;
3372;191;137;141;x;
3373;237;253;67;x;
3374;128;117;238;x;
3375;194;9;27;x;
3376;141;65;214;x;
3377;247;103;183;x;
3378;21;109;221;x;
3379;171;199;8;x;
3380;234;201;195;x;
3381;70;53;219;x;
3382;184;36;48;x;
3383;133;185;179;x;
3384;176;211;174;x;
3385;164;140;132;x;
3386;166;163;27;x;
3387;217;17;28;x;
3388;70;31;65;x;
3389;231;33;243;x;
3390;139;125;173;x;
3391;164;14;182;x;
3392;135;57;249;x;
3393;217;5;207;x;
3394;206;157;85;x;
3395;144;208;50;x;
3396;163;50;24;x;
3397;34;154;238;x;
3398;103;31;216;x;
3399;213;69;12;x;
3400;194;11;208;x;
3401;36;226;237;x;
3402;46;124;244;x;
3403;35;184;179;x;
3404;64;122;205;x;
3405;155;170;170;x;
3406;116;181;240;x;
3407;145;144;86;x;
3408;150;55;144;x;
3409;54;51;166;x;
3410;103;230;93;x;
3411;234;41;6;x;
3412;193;183;71;x;
3413;56;113;221;x;
3414;235;76;168;x;
3415;178;147;104;x;
3416;99;114;2;x;
3417;30;151;5;x;
3418;193;26;238;x;
3419;227;227;81;x;
3420;129;135;165;x;
3421;44;65;65;x;
3422;97;188;80;x;
3423;209;253;196;x;
3424;247;162;132;x;
3425;78;41;10;x;
3426;39;252;101;x;
3427;43;212;225;x;
3428;177;107;246;x;
3429;13;138;145;x;
3430;235;137;127;x;
3431;189;137;176;x;
3432;207;14;203;x;
3433;127;126;40;x;
3434;244;115;180;x;
3435;2;60;93;x;
3436;26;87;0;x;
3437;26;41;53;x;
3438;58;194;11;x;
3439;241;191;242;x;
3440;54;121;247;x;
3441;216;77;25;x;
3442;8;113;122;x;
3443;58;24;116;x;
3444;52;141;24;x;
3445;32;41;73;x;
3446;106;37;48;x;
3447;20;149;180;x;
3448;235;73;64;x;
3449;222;75;55;x;
3450;6;64;225;x;
3451;201;10;94;x;
3452;127;128;47;x;
3453;47;54;71;x;
3454;164;179;202;x;
3455;155;193;13;x;
3456;55;39;4;x;
3457;244;0;37;x;
3458;89;221;19;x;
3459;170;222;220;x;
3460;43;124;26;x;
3461;176;143;32;x;
3462;226;182;0;x;
3463;250;78;166;x;
3464;175;111;2;x;
3465;192;181;122;x;
3466;46;114;161;x;
3467;187;40;248;x;
3468;108;7;157;x;
3469;199;227;224;x;
3470;69;255;133;x;
3471;24;237;63;x;
3472;132;161;217;x;
3473;113;223;199;x;
3474;22;200;229;x;
3475;241;111;61;x;
3476;208;183;150;x;
3477;73;37;232;x;
3478;16;216;249;x;
3479;27;19;32;x;
3480;39;147;62;x;
3481;124;132;161;x;
3482;130;94;238;x;
3483;122;26;2;x;
3484;153;128;218;x;
3485;169;108;9;x;
3486;156;113;95;x;
3487;253;231;114;x;
3488;168;10;149;x;
3489;164;231;192;x;
3490;14;0;170;x;
3491;194;163;226;x;
3492;173;249;191;x;
3493;85;128;2;x;
3494;51;123;164;x;
3495;147;125;217;x;
3496;146;169;212;x;
3497;4;126;80;x;
3498;122;200;110;x;
3499;160;116;202;x;
3500;222;62;225;x;
3501;50;202;194;x;
3502;202;242;20;x;
3503;199;137;213;x;
3504;125;252;232;x;
3505;75;240;104;x;
3506;117;2;64;x;
3507;29;175;161;x;
3508;193;216;20;x;
3509;64;3;56;x;
3510;251;181;7;x;
3511;13;181;117;x;
3512;225;140;26;x;
3513;139;64;188;x;
3514;168;232;129;x;
3515;22;89;222;x;
3516;199;79;203;x;
3517;140;4;162;x;
3518;218;22;216;x;
3519;169;33;215;x;
3520;236;170;37;x;
3521;247;84;75;x;
3522;162;172;203;x;
3523;176;104;111;x;
3524;69;173;137;x;
3525;94;224;122;x;
3526;55;101;162;x;
3527;175;246;128;x;
3528;12;252;129;x;
3529;138;163;236;x;
3530;83;6;117;x;
3531;47;81;150;x;
3532;107;244;39;x;
3533;39;104;4;x;
3534;77;249;193;x;
3535;95;129;174;x;
3536;95;220;144;x;
3537;207;84;98;x;
3538;52;230;209;x;
3539;52;166;134;x;
3540;238;194;224;x;
3541;123;57;51;x;
3542;121;22;155;x;
3543;54;9;165;x;
3544;45;144;203;x;
3545;18;246;248;x;
3546;59;118;245;x;
3547;71;16;141;x;
3548;220;212;29;x;
3549;156;28;15;x;
3550;39;97;37;x;
3551;26;23;79;x;
3552;17;174;216;x;
3553;213;89;229;x;
3554;68;0;244;x;
3555;229;211;97;x;
3556;234;90;254;x;
3557;100;229;66;x;
3558;125;249;117;x;
3559;12;23;82;x;
3560;243;29;222;x;
3561;142;121;234;x;
3562;110;160;43;x;
3563;28;146;154;x;
3564;59;24;75;x;
3565;30;112;201;x;
3566;87;182;211;x;
3567;115;18;207;x;
3568;126;202;59;x;
3569;105;106;98;x;
3570;56;110;225;x;
3571;88;191;209;x;
3572;22;135;32;x;
3573;134;132;164;x;
3574;132;20;9;x;
3575;210;140;73;x;
3576;70;244;108;x;
3577;207;231;101;x;
3578;137;129;213;x;
3579;169;60;63;x;
3580;87;155;245;x;
3581;11;253;177;x;
3582;28;37;84;x;
3583;13;58;225;x;
3584;34;200;249;x;
3585;208;129;72;x;
3586;29;42;94;x;
3587;46;176;81;x;
3588;101;154;51;x;
3589;0;188;211;x;
3590;11;48;227;x;
3591;50;164;160;x;
3592;131;117;53;x;
3593;101;233;14;x;
3594;200;121;243;x;
3595;136;233;97;x;
3596;74;162;13;x;
3597;99;226;221;x;
3598;227;214;129;x;
3599;49;90;177;x;
3600;178;149;0;x;
3601;102;238;153;x;
3602;195;171;97;x;
3603;151;168;7;x;
3604;79;147;28;x;
3605;244;130;228;x;
3606;59;137;205;x;
3607;151;20;136;x;
3608;85;77;212;x;
3609;167;126;27;x;
3610;45;116;212;x;
3611;176;99;107;x;
3612;100;78;96;x;
3613;125;147;192;x;
3614;157;147;2;x;
3615;251;147;168;x;
3616;206;239;29;x;
3617;150;153;56;x;
3618;39;47;69;x;
3619;45;59;199;x;
3620;218;78;68;x;
3621;114;206;247;x;
3622;211;72;53;x;
3623;89;56;136;x;
3624;122;109;157;x;
3625;3;66;53;x;
3626;182;207;245;x;
3627;186;85;247;x;
3628;83;172;121;x;
3629;116;238;233;x;
3630;137;84;71;x;
3631;151;10;172;x;
3632;95;187;135;x;
3633;221;58;34;x;
3634;234;68;25;x;
3635;251;244;122;x;
3636;170;228;200;x;
3637;158;39;37;x;
3638;12;143;84;x;
3639;58;138;97;x;
3640;82;142;244;x;
3641;196;76;151;x;
3642;169;178;20;x;
3643;114;116;42;x;
3644;34;141;87;x;
3645;16;54;224;x;
3646;222;27;15;x;
3647;14;204;47;x;
3648;57;112;173;x;
3649;187;39;48;x;
3650;166;57;201;x;
3651;74;127;11;x;
3652;125;123;105;x;
3653;21;72;254;x;
3654;230;15;212;x;
3655;214;131;5;x;
3656;247;38;157;x;
3657;128;87;11;x;
3658;173;43;96;x;
3659;212;205;122;x;
3660;16;255;114;x;
3661;194;222;80;x;
3662;131;226;36;x;
3663;53;66;224;x;
3664;193;14;156;x;
3665;95;96;0;x;
3666;24;203;188;x;
3667;72;110;43;x;
3668;237;130;129;x;
3669;197;169;198;x;
3670;215;101;122;x;
3671;203;189;7;x;
3672;63;50;28;x;
3673;217;188;98;x;
3674;111;83;75;x;
3675;101;186;200;x;
3676;216;246;240;x;
3677;192;132;24;x;
3678;216;55;230;x;
3679;223;195;23;x;
3680;170;75;89;x;
3681;128;5;86;x;
3682;3;144;207;x;
3683;110;155;88;x;
3684;117;202;130;x;
3685;21;190;180;x;
3686;105;179;122;x;
3687;58;95;117;x;
3688;188;217;40;x;
3689;228;3;117;x;
3690;237;38;23;x;
3691;110;105;193;x;
3692;38;247;78;x;
3693;254;204;109;x;
3694;145;149;99;x;
3695;39;32;42;x;
3696;32;34;5;x;
3697;196;208;32;x;
3698;64;109;116;x;
3699;232;228;175;x;
3700;235;197;16;x;
3701;16;174;190;x;
3702;12;86;35;x;
3703;38;211;135;x;
3704;68;96;230;x;
3705;13;74;200;x;
3706;130;2;208;x;
3707;167;121;151;x;
3708;152;143;168;x;
3709;9;215;234;x;
3710;190;173;234;x;
3711;70;11;141;x;
3712;104;143;108;x;
3713;146;68;99;x;
3714;51;16;231;x;
3715;135;238;208;x;
3716;36;159;149;x;
3717;215;3;157;x;
3718;128;63;202;x;
3719;243;161;164;x;
3720;90;111;137;x;
3721;110;61;87;x;
3722;170;14;166;x;
3723;17;152;119;x;
3724;117;220;19;x;
3725;113;66;98;x;
3726;145;85;162;x;
3727;148;37;24;x;
3728;105;159;215;x;
3729;31;206;137;x;
3730;187;202;46;x;
3731;147;13;249;x;
3732;138;13;42;x;
3733;255;11;46;x;
3734;23;204;238;x;
3735;233;223;180;x;
3736;128;75;122;x;
3737;95;68;80;x;
3738;28;196;190;x;
3739;57;135;154;x;
3740;99;206;44;x;
3741;114;193;36;x;
3742;103;61;208;x;
3743;194;214;86;x;
3744;31;146;138;x;
3745;128;114;162;x;
3746;169;111;63;x;
3747;58;39;67;x;
3748;0;199;29;x;
3749;206;8;214;x;
3750;26;247;229;x;
3751;198;229;154;x;
3752;212;38;226;x;
3753;119;9;14;x;
3754;92;81;176;x;
3755;56;142;218;x;
3756;189;140;252;x;
3757;163;27;110;x;
3758;45;158;137;x;
3759;167;12;145;x;
3760;137;40;188;x;
3761;233;88;116;x;
3762;140;172;63;x;
3763;181;45;50;x;
3764;37;170;150;x;
3765;224;240;59;x;
3766;74;11;73;x;
3767;185;186;106;x;
3768;74;53;25;x;
3769;16;240;76;x;
3770;69;8;97;x;
3771;85;171;225;x;
3772;104;229;11;x;
3773;118;237;69;x;
3774;209;81;161;x;
3775;107;71;146;x;
3776;52;218;178;x;
3777;164;169;31;x;
3778;117;38;248;x;
3779;97;156;151;x;
3780;101;44;51;x;
3781;157;55;110;x;
3782;69;213;246;x;
3783;21;60;39;x;
3784;8;171;149;x;
3785;34;223;18;x;
3786;184;126;16;x;
3787;253;213;226;x;
3788;17;91;142;x;
3789;164;84;48;x;
3790;111;217;114;x;
3791;220;237;52;x;
3792;60;182;131;x;
3793;84;68;53;x;
3794;179;131;171;x;
3795;26;189;229;x;
3796;195;26;204;x;
3797;63;16;141;x;
3798;147;48;37;x;
3799;196;240;161;x;
3800;235;72;59;x;
3801;42;124;101;x;
3802;122;29;87;x;
3803;49;201;0;x;
3804;242;91;66;x;
3805;194;76;85;x;
3806;230;60;44;x;
3807;209;130;72;x;
3808;180;165;197;x;
3809;26;246;193;x;
3810;5;72;208;x;
3811;15;115;158;x;
3812;25;143;31;x;
3813;70;176;187;x;
3814;5;196;111;x;
3815;224;201;134;x;
3816;98;39;104;x;
3817;175;79;62;x;
3818;232;163;217;x;
3819;116;254;5;x;
3820;236;236;215;x;
3821;227;0;36;x;
3822;171;36;249;x;
3823;119;121;196;x;
3824;95;159;55;x;
3825;181;13;37;x;
3826;220;53;206;x;
3827;69;170;115;x;
3828;100;135;68;x;
3829;40;114;197;x;
3830;7;227;144;x;
3831;139;203;242;x;
3832;229;24;226;x;
3833;226;178;151;x;
3834;19;182;152;x;
3835;143;76;102;x;
3836;88;235;126;x;
3837;148;120;119;x;
3838;142;28;134;x;
3839;229;3;50;x;
3840;215;160;67;x;
3841;252;147;196;x;
3842;89;66;223;x;
3843;193;123;112;x;
3844;146;208;204;x;
3845;211;252;155;x;
3846;151;134;172;x;
3847;156;172;156;x;
3848;60;110;55;x;
3849;87;207;147;x;
3850;107;97;253;x;
3851;29;244;55;x;
3852;227;44;22;x;
3853;29;251;130;x;
3854;153;55;206;x;
3855;122;46;89;x;
3856;32;17;14;x;
3857;213;5;45;x;
3858;116;27;177;x;
3859;225;64;76;x;
3860;41;211;155;x;
3861;120;219;254;x;
3862;167;221;67;x;
3863;78;207;0;x;
3864;237;166;102;x;
3865;147;208;64;x;
3866;182;184;239;x;
3867;152;0;9;x;
3868;154;105;152;x;
3869;212;127;134;x;
3870;114;144;171;x;
3871;6;109;7;x;
3872;104;93;129;x;
3873;31;138;15;x;
3874;226;212;217;x;
3875;70;45;203;x;
3876;81;31;245;x;
3877;125;166;245;x;
3878;183;58;244;x;
3879;110;244;204;x;
3880;34;84;59;x;
3881;216;124;126;x;
3882;227;197;165;x;
3883;152;116;147;x;
3884;171;10;109;x;
3885;150;66;37;x;
3886;107;253;58;x;
3887;111;15;85;x;
3888;87;69;65;x;
3889;33;245;255;x;
3890;170;232;242;x;
3891;229;232;178;x;
3892;231;120;145;x;
3893;32;185;92;x;
3894;238;177;234;x;
3895;60;174;19;x;
3896;15;56;170;x;
3897;124;40;200;x;
3898;90;175;212;x;
3899;132;2;220;x;
3900;23;93;208;x;
3901;113;9;51;x;
3902;163;251;254;x;
3903;48;47;115;x;
3904;205;223;94;x;
3905;61;41;239;x;
3906;58;140;44;x;
3907;208;8;236;x;
3908;65;43;154;x;
3909;109;119;217;x;
3910;108;98;116;x;
3911;162;62;25;x;
3912;5;18;245;x;
3913;63;187;173;x;
3914;63;103;15;x;
3915;12;181;65;x;
3916;241;210;214;x;
3917;93;202;176;x;
3918;100;47;77;x;
3919;9;97;58;x;
3920;79;239;85;x;
3921;197;5;46;x;
3922;80;22;64;x;
3923;71;67;233;x;
3924;70;74;99;x;
3925;114;97;109;x;
3926;86;125;165;x;
3927;9;170;129;x;
3928;23;96;122;x;
3929;151;120;86;x;
3930;111;73;251;x;
3931;26;197;35;x;
3932;253;123;62;x;
3933;138;83;21;x;
3934;99;40;95;x;
3935;177;35;216;x;
3936;204;255;177;x;
3937;183;217;183;x;
3938;40;124;44;x;
3939;142;40;83;x;
3940;39;21;58;x;
3941;7;203;68;x;
3942;156;116;167;x;
3943;129;10;157;x;
3944;254;22;242;x;
3945;248;120;79;x;
3946;129;164;217;x;
3947;228;249;234;x;
3948;252;88;44;x;
3949;172;127;152;x;
3950;100;137;164;x;
3951;30;224;7;x;
3952;93;189;78;x;
3953;117;91;76;x;
3954;148;62;134;x;
3955;8;130;75;x;
3956;33;14;201;x;
3957;138;156;147;x;
3958;21;98;148;x;
3959;56;222;134;x;
3960;4;163;9;x;
3961;112;72;50;x;
3962;243;229;214;x;
3963;15;39;233;x;
3964;159;229;42;x;
3965;209;93;98;x;
3966;107;72;193;x;
3967;65;22;251;x;
3968;158;235;26;x;
3969;161;34;137;x;
3970;191;163;90;x;
3971;102;113;29;x;
3972;159;43;190;x;
3973;137;85;236;x;
3974;241;68;42;x;
3975;142;117;2;x;
3976;82;147;165;x;
3977;213;90;102;x;
3978;160;129;18;x;
3979;4;203;131;x;
3980;189;67;60;x;
3981;57;140;231;x;
3982;55;80;34;x;
3983;122;132;136;x;
3984;204;228;50;x;
3985;216;86;84;x;
3986;240;190;113;x;
3987;129;253;173;x;
3988;245;138;248;x;
3989;30;116;103;x;
3990;244;159;189;x;
3991;115;84;120;x;
3992;16;14;61;x;
3993;104;8;230;x;
3994;178;161;201;x;
3995;212;224;181;x;
3996;114;39;216;x;
3997;195;5;147;x;
3998;135;79;107;x;
3999;68;39;76;x;
4000;76;237;152;x;
4001;207;27;177;x;
4002;32;234;64;x;
4003;110;190;206;x;
4004;250;130;95;x;
4005;80;77;158;x;
4006;211;226;77;x;
4007;211;203;73;x;
4008;105;213;132;x;
4009;112;26;255;x;
4010;248;31;171;x;
4011;170;45;69;x;
4012;144;92;156;x;
4013;46;151;203;x;
4014;189;104;11;x;
4015;166;123;144;x;
4016;29;31;235;x;
4017;55;252;37;x;
4018;58;247;181;x;
4019;214;239;6;x;
4020;87;184;134;x;
4021;110;169;69;x;
4022;15;181;246;x;
4023;174;51;100;x;
4024;109;94;20;x;
4025;158;40;84;x;
4026;210;127;103;x;
4027;11;236;0;x;
4028;96;93;180;x;
4029;63;58;198;x;
4030;242;162;248;x;
4031;177;247;109;x;
4032;255;104;80;x;
4033;164;92;156;x;
4034;252;198;232;x;
4035;31;235;198;x;
4036;204;180;33;x;
4037;131;150;158;x;
4038;24;69;96;x;
4039;44;117;216;x;
4040;134;72;151;x;
4041;157;246;98;x;
4042;209;0;22;x;
4043;199;79;254;x;
4044;180;235;3;x;
4045;48;51;202;x;
4046;58;230;215;x;
4047;149;90;45;x;
4048;112;153;34;x;
4049;196;103;213;x;
4050;139;183;89;x;
4051;212;132;34;x;
4052;170;140;141;x;
4053;32;252;148;x;
4054;90;22;105;x;
4055;8;235;149;x;
4056;61;180;69;x;
4057;135;65;91;x;
4058;79;88;110;x;
4059;183;77;6;x;
4060;92;47;77;x;
4061;222;194;201;x;
4062;213;197;143;x;
4063;113;8;65;x;
4064;102;235;119;x;
4065;233;1;236;x;
4066;126;170;3;x;
4067;215;173;204;x;
4068;44;5;201;x;
4069;75;168;29;x;
4070;83;164;117;x;
4071;160;65;248;x;
4072;242;229;227;x;
4073;105;39;125;x;
4074;192;103;59;x;
4075;65;41;155;x;
4076;70;42;208;x;
4077;64;117;26;x;
4078;193;51;1;x;
4079;147;97;191;x;
4080;180;171;219;x;
4081;173;110;164;x;
4082;70;67;168;x;
4083;214;143;69;x;
4084;107;87;99;x;
4085;134;18;27;x;
4086;180;97;41;x;
4087;6;34;120;x;
4088;40;9;75;x;
4089;162;23;178;x;
4090;146;224;197;x;
4091;104;198;241;x;
4092;212;162;116;x;
4093;175;243;111;x;
4094;41;18;66;x;
4095;244;176;9;x;
4096;91;41;224;x;
4097;97;217;188;x;
4098;139;142;48;x;
4099;26;78;0;x;
4100;193;175;206;x;
4101;142;154;177;x;
4102;166;171;146;x;
4103;203;253;130;x;
4104;47;221;66;x;
4105;222;15;137;x;
4106;231;166;34;x;
4107;165;180;155;x;
4108;153;141;40;x;
4109;95;149;237;x;
4110;26;28;120;x;
4111;12;192;147;x;
4112;61;129;37;x;
4113;31;47;130;x;
4114;154;239;0;x;
4115;186;219;160;x;
4116;3;255;38;x;
4117;7;116;183;x;
4118;204;81;173;x;
4119;131;131;195;x;
4120;120;232;45;x;
4121;137;78;47;x;
4122;253;76;243;x;
4123;180;179;63;x;
4124;95;131;58;x;
4125;118;230;73;x;
4126;222;9;205;x;
4127;183;251;12;x;
4128;56;173;221;x;
4129;79;162;162;x;
4130;48;10;85;x;
4131;22;254;149;x;
4132;162;222;230;x;
4133;13;152;218;x;
4134;46;119;158;x;
4135;162;156;46;x;
4136;233;188;43;x;
4137;237;111;12;x;
4138;182;10;71;x;
4139;175;95;224;x;
4140;88;138;234;x;
4141;52;203;102;x;
4142;222;37;127;x;
4143;215;255;27;x;
4144;92;142;91;x;
4145;80;202;167;x;
4146;89;33;99;x;
4147;175;105;219;x;
4148;195;122;199;x;
4149;185;230;66;x;
4150;87;131;84;x;
4151;66;232;119;x;
4152;32;30;100;x;
4153;222;237;88;x;
4154;162;5;11;x;
4155;150;52;29;x;
4156;49;89;56;x;
4157;156;125;6;x;
4158;171;134;83;x;
4159;119;37;128;x;
4160;204;252;80;x;
4161;96;85;129;x;
4162;128;175;1;x;
4163;248;12;224;x;
4164;246;81;254;x;
4165;83;55;55;x;
4166;157;196;104;x;
4167;70;44;93;x;
4168;116;3;210;x;
4169;235;215;9;x;
4170;17;86;14;x;
4171;14;180;174;x;
4172;21;199;109;x;
4173;170;134;115;x;
4174;180;225;191;x;
4175;255;116;177;x;
4176;58;207;22;x;
4177;242;242;212;x;
4178;84;221;159;x;
4179;127;58;70;x;
4180;168;156;213;x;
4181;216;17;140;x;
4182;61;170;59;x;
4183;112;54;96;x;
4184;183;203;68;x;
4185;92;214;152;x;
4186;95;119;245;x;
4187;117;193;41;x;
4188;228;154;73;x;
4189;41;153;50;x;
4190;175;115;240;x;
4191;69;196;46;x;
4192;5;230;87;x;
4193;18;22;44;x;
4194;200;251;74;x;
4195;75;24;119;x;
4196;23;145;103;x;
4197;71;180;70;x;
4198;146;119;142;x;
4199;148;225;170;x;
4200;1;150;183;x;
4201;131;148;51;x;
4202;181;20;17;x;
4203;234;22;46;x;
4204;42;147;140;x;
4205;19;189;254;x;
4206;53;55;212;x;
4207;221;79;194;x;
4208;208;47;13;x;
4209;227;199;81;x;
4210;166;136;79;x;
4211;209;155;92;x;
4212;195;195;167;x;
4213;95;224;123;x;
4214;186;6;165;x;
4215;44;41;126;x;
4216;131;200;76;x;
4217;110;106;134;x;
4218;63;201;246;x;
4219;86;58;61;x;
4220;92;22;79;x;
4221;254;87;225;x;
4222;54;240;171;x;
4223;120;92;106;x;
4224;124;234;184;x;
4225;56;31;25;x;
4226;108;3;38;x;
4227;65;95;115;x;
4228;73;143;158;x;
4229;138;231;133;x;
4230;57;49;252;x;
4231;47;200;25;x;
4232;61;18;51;x;
4233;116;65;176;x;
4234;186;213;194;x;
4235;118;242;219;x;
4236;117;155;33;x;
4237;81;128;5;x;
4238;42;100;5;x;
4239;15;158;251;x;
4240;67;198;32;x;
4241;5;184;90;x;
4242;147;209;103;x;
4243;92;224;116;x;
4244;29;228;18;x;
4245;128;211;253;x;
4246;93;93;93;x;
4247;7;88;150;x;
4248;84;132;13;x;
4249;196;163;149;x;
4250;248;119;158;x;
4251;81;121;118;x;
4252;141;158;194;x;
4253;174;121;207;x;
4254;106;222;57;x;
4255;5;59;57;x;
4256;200;147;202;x;
4257;94;85;133;x;
4258;203;222;0;x;
4259;179;206;94;x;
4260;232;128;67;x;
4261;38;240;51;x;
4262;104;177;195;x;
4263;222;64;89;x;
4264;58;31;242;x;
4265;116;233;150;x;
4266;86;206;197;x;
4267;84;199;242;x;
4268;24;69;233;x;
4269;82;206;67;x;
4270;233;89;20;x;
4271;49;194;122;x;
4272;87;173;179;x;
4273;70;250;237;x;
4274;38;217;96;x;
4275;160;56;176;x;
4276;167;229;152;x;
4277;252;106;27;x;
4278;30;65;43;x;
4279;30;82;249;x;
4280;241;80;222;x;
4281;111;18;209;x;
4282;39;19;37;x;
4283;92;209;169;x;
4284;89;150;167;x;
4285;37;228;38;x;
4286;85;206;55;x;
4287;87;71;114;x;
4288;214;210;254;x;
4289;168;103;147;x;
4290;75;214;129;x;
4291;147;228;210;x;
4292;250;74;135;x;
4293;253;139;218;x;
4294;56;253;71;x;
4295;28;40;8;x;
4296;205;110;150;x;
4297;188;154;65;x;
4298;88;76;122;x;
4299;170;118;220;x;
4300;63;119;162;x;
4301;187;254;167;x;
4302;179;52;114;x;
4303;188;55;46;x;
4304;184;120;104;x;
4305;254;101;118;x;
4306;18;36;125;x;
4307;111;81;228;x;
4308;90;166;234;x;
4309;109;33;175;x;
4310;96;51;171;x;
4311;2;199;22;x;
4312;106;208;202;x;
4313;88;212;183;x;
4314;72;83;253;x;
4315;253;107;170;x;
4316;123;178;53;x;
4317;73;188;218;x;
4318;148;222;117;x;
4319;212;120;31;x;
4320;231;204;68;x;
4321;133;4;114;x;
4322;44;233;81;x;
4323;127;36;29;x;
4324;231;86;35;x;
4325;143;67;140;x;
4326;114;129;120;x;
4327;212;77;215;x;
4328;189;215;218;x;
4329;208;87;20;x;
4330;102;91;140;x;
4331;49;14;45;x;
4332;94;77;208;x;
4333;23;7;216;x;
4334;99;9;70;x;
4335;131;168;72;x;
4336;64;64;82;x;
4337;163;42;7;x;
4338;83;7;42;x;
4339;176;44;202;x;
4340;107;2;76;x;
4341;197;70;59;x;
4342;89;162;3;x;
4343;167;178;125;x;
4344;36;128;47;x;
4345;240;227;53;x;
4346;170;190;72;x;
4347;64;196;178;x;
4348;169;99;203;x;
4349;99;159;132;x;
4350;65;129;38;x;
4351;125;247;232;x;
4352;35;106;225;x;
4353;21;171;28;x;
4354;145;184;160;x;
4355;156;153;199;x;
4356;21;28;215;x;
4357;76;234;159;x;
4358;49;49;235;x;
4359;208;213;197;x;
4360;109;100;176;x;
4361;252;129;230;x;
4362;102;134;136;x;
4363;45;172;198;x;
4364;209;212;205;x;
4365;19;239;212;x;
4366;155;181;153;x;
4367;168;154;54;x;
4368;91;114;24;x;
4369;242;176;120;x;
4370;62;158;126;x;
4371;68;89;190;x;
4372;36;201;200;x;
4373;96;140;149;x;
4374;89;210;103;x;
4375;54;117;95;x;
4376;229;235;41;x;
4377;93;168;112;x;
4378;156;217;163;x;
4379;192;7;70;x;
4380;124;58;27;x;
4381;164;11;40;x;
4382;93;222;44;x;
4383;101;210;141;x;
4384;185;7;172;x;
4385;128;237;31;x;
4386;147;96;176;x;
4387;114;73;236;x;
4388;242;99;230;x;
4389;200;130;75;x;
4390;66;40;118;x;
4391;242;13;202;x;
4392;199;128;58;x;
4393;33;176;45;x;
4394;104;164;33;x;
4395;74;96;152;x;
4396;112;165;200;x;
4397;130;89;167;x;
4398;56;33;113;x;
4399;181;27;17;x;
4400;128;152;29;x;
4401;169;50;9;x;
4402;197;184;149;x;
4403;204;36;28;x;
4404;125;229;170;x;
4405;143;131;100;x;
4406;43;135;32;x;
4407;205;92;33;x;
4408;209;152;239;x;
4409;223;3;82;x;
4410;27;139;178;x;
4411;103;219;64;x;
4412;158;25;55;x;
4413;36;177;19;x;
4414;135;244;133;x;
4415;223;1;102;x;
4416;146;250;86;x;
4417;182;211;80;x;
4418;52;162;244;x;
4419;55;182;35;x;
4420;15;68;106;x;
4421;122;163;231;x;
4422;59;155;43;x;
4423;251;109;180;x;
4424;244;213;197;x;
4425;143;178;36;x;
4426;67;121;156;x;
4427;224;83;40;x;
4428;139;46;53;x;
4429;42;86;133;x;
4430;177;87;235;x;
4431;46;93;251;x;
4432;199;30;33;x;
4433;217;177;61;x;
4434;219;240;12;x;
4435;82;120;252;x;
4436;118;185;78;x;
4437;27;100;173;x;
4438;101;114;143;x;
4439;142;205;247;x;
4440;85;31;232;x;
4441;112;50;117;x;
4442;170;221;0;x;
4443;26;254;221;x;
4444;216;252;227;x;
4445;246;213;146;x;
4446;187;85;243;x;
4447;68;28;158;x;
4448;11;78;22;x;
4449;20;83;62;x;
4450;137;236;187;x;
4451;193;71;123;x;
4452;221;184;59;x;
4453;115;233;4;x;
4454;77;48;182;x;
4455;92;158;131;x;
4456;14;125;112;x;
4457;145;220;142;x;
4458;42;59;34;x;
4459;159;103;226;x;
4460;220;234;140;x;
4461;102;63;107;x;
4462;192;5;84;x;
4463;223;134;165;x;
4464;169;220;13;x;
4465;45;79;163;x;
4466;197;211;95;x;
4467;229;169;174;x;
4468;48;246;200;x;
4469;230;95;53;x;
4470;252;87;204;x;
4471;155;44;17;x;
4472;134;235;50;x;
4473;171;99;231;x;
4474;65;17;76;x;
4475;160;245;101;x;
4476;205;100;149;x;
4477;72;144;17;x;
4478;103;158;242;x;
4479;140;73;42;x;
4480;238;217;242;x;
4481;173;177;175;x;
4482;184;213;36;x;
4483;177;96;170;x;
4484;111;220;26;x;
4485;231;138;8;x;
4486;198;217;174;x;
4487;11;248;124;x;
4488;142;117;200;x;
4489;27;123;153;x;
4490;102;100;157;x;
4491;185;221;64;x;
4492;7;6;46;x;
4493;165;137;0;x;
4494;154;74;197;x;
4495;7;185;185;x;
4496;11;48;49;x;
4497;243;202;91;x;
4498;252;95;98;x;
4499;205;239;126;x;
4500;194;234;9;x;
4501;65;69;140;x;
4502;34;66;196;x;
4503;183;23;44;x;
4504;47;184;199;x;
4505;73;197;40;x;
4506;205;162;204;x;
4507;138;52;174;x;
4508;242;81;135;x;
4509;195;172;9;x;
4510;223;98;97;x;
4511;28;178;7;x;
4512;187;242;5;x;
4513;156;174;249;x;
4514;251;249;231;x;
4515;191;111;166;x;
4516;43;236;146;x;
4517;222;157;77;x;
4518;44;45;79;x;
4519;210;57;198;x;
4520;201;180;151;x;
4521;45;228;19;x;
4522;240;218;61;x;
4523;121;210;205;x;
4524;144;216;21;x;
4525;221;18;75;x;
4526;120;176;239;x;
4527;5;87;253;x;
4528;195;86;248;x;
4529;44;12;146;x;
4530;216;128;48;x;
4531;47;96;76;x;
4532;34;7;217;x;
4533;162;226;255;x;
4534;80;177;38;x;
4535;99;205;133;x;
4536;142;163;32;x;
4537;55;238;87;x;
4538;141;60;63;x;
4539;190;44;223;x;
4540;152;10;191;x;
4541;91;126;41;x;
4542;193;135;237;x;
4543;209;174;30;x;
4544;99;151;243;x;
4545;137;193;89;x;
4546;133;89;244;x;
4547;204;38;170;x;
4548;252;33;193;x;
4549;69;232;17;x;
4550;210;213;81;x;
4551;233;142;1;x;
4552;208;237;198;x;
4553;119;195;153;x;
4554;218;214;73;x;
4555;127;207;144;x;
4556;114;66;202;x;
4557;117;7;200;x;
4558;187;48;138;x;
4559;10;29;4;x;
4560;186;173;129;x;
4561;95;205;211;x;
4562;95;243;1;x;
4563;156;190;192;x;
4564;218;93;61;x;
4565;98;59;201;x;
4566;145;53;209;x;
4567;250;56;77;x;
4568;93;155;35;x;
4569;25;24;36;x;
4570;35;252;161;x;
4571;198;222;58;x;
4572;51;235;235;x;
4573;254;173;157;x;
4574;157;102;135;x;
4575;83;178;223;x;
4576;140;79;151;x;
4577;211;246;134;x;
4578;132;179;191;x;
4579;184;59;61;x;
4580;66;118;54;x;
4581;47;217;136;x;
4582;188;23;86;x;
4583;62;233;221;x;
4584;94;217;206;x;
4585;88;66;86;x;
4586;49;193;99;x;
4587;189;157;202;x;
4588;70;36;59;x;
4589;96;165;255;x;
4590;92;231;142;x;
4591;154;37;58;x;
4592;233;18;215;x;
4593;152;103;118;x;
4594;94;7;75;x;
4595;105;7;231;x;
4596;244;73;117;x;
4597;247;61;244;x;
4598;186;116;147;x;
4599;148;203;203;x;
4600;168;17;24;x;
4601;233;21;207;x;
4602;174;8;71;x;
4603;68;70;37;x;
4604;180;146;208;x;
4605;181;155;114;x;
4606;165;234;178;x;
4607;237;82;11;x;
4608;110;184;139;x;
4609;70;31;6;x;
4610;43;155;152;x;
4611;236;160;34;x;
4612;110;147;73;x;
4613;110;66;18;x;
4614;25;207;45;x;
4615;150;134;225;x;
4616;120;149;132;x;
4617;125;71;142;x;
4618;147;120;0;x;
4619;236;224;47;x;
4620;142;234;180;x;
4621;97;132;110;x;
4622;234;73;193;x;
4623;252;10;5;x;
4624;20;40;151;x;
4625;40;215;41;x;
4626;93;97;158;x;
4627;83;159;89;x;
4628;236;56;243;x;
4629;134;186;119;x;
4630;115;117;224;x;
4631;184;221;108;x;
4632;16;33;41;x;
4633;252;153;95;x;
4634;198;74;28;x;
4635;134;248;191;x;
4636;19;8;133;x;
4637;59;237;161;x;
4638;80;160;21;x;
4639;74;248;157;x;
4640;143;117;81;x;
4641;254;49;69;x;
4642;82;143;28;x;
4643;163;74;77;x;
4644;173;53;213;x;
4645;207;161;178;x;
4646;16;66;168;x;
4647;127;85;180;x;
4648;227;35;85;x;
4649;212;228;148;x;
4650;32;207;145;x;
4651;183;234;48;x;
4652;215;1;1;x;
4653;253;255;146;x;
4654;138;49;149;x;
4655;66;130;17;x;
4656;247;73;117;x;
4657;15;106;3;x;
4658;252;207;25;x;
4659;128;161;67;x;
4660;109;102;45;x;
4661;188;99;222;x;
4662;179;169;75;x;
4663;101;218;132;x;
4664;15;92;197;x;
4665;251;42;155;x;
4666;65;24;172;x;
4667;108;34;1;x;
4668;81;158;65;x;
4669;195;109;65;x;
4670;230;6;231;x;
4671;249;73;176;x;
4672;218;211;41;x;
4673;2;47;222;x;
4674;143;220;139;x;
4675;209;7;144;x;
4676;75;110;214;x;
4677;149;75;111;x;
4678;180;159;35;x;
4679;227;195;159;x;
4680;31;76;44;x;
4681;38;245;78;x;
4682;95;158;229;x;
4683;141;242;172;x;
4684;190;44;142;x;
4685;120;3;231;x;
4686;142;2;189;x;
4687;9;99;64;x;
4688;208;191;213;x;
4689;224;188;164;x;
4690;156;97;236;x;
4691;59;218;148;x;
4692;177;160;41;x;
4693;159;139;242;x;
4694;132;231;8;x;
4695;184;60;50;x;
4696;126;9;56;x;
4697;145;186;240;x;
4698;9;50;32;x;
4699;213;249;60;x;
4700;70;88;227;x;
4701;203;137;73;x;
4702;15;234;224;x;
4703;206;220;96;x;
4704;90;246;176;x;
4705;102;92;97;x;
4706;157;167;202;x;
4707;205;199;30;x;
4708;96;71;244;x;
4709;225;22;107;x;
4710;91;45;120;x;
4711;78;5;101;x;
4712;181;86;155;x;
4713;195;62;8;x;
4714;16;79;69;x;
4715;91;118;248;x;
4716;168;62;160;x;
4717;128;106;67;x;
4718;155;20;104;x;
4719;212;83;70;x;
4720;202;86;122;x;
4721;193;142;250;x;
4722;22;114;43;x;
4723;50;60;151;x;
4724;9;167;200;x;
4725;194;190;162;x;
4726;191;70;108;x;
4727;157;134;136;x;
4728;183;128;240;x;
4729;161;101;175;x;
4730;31;180;220;x;
4731;4;70;176;x;
4732;58;176;52;x;
4733;65;238;162;x;
4734;151;152;115;x;
4735;236;21;230;x;
4736;169;246;137;x;
4737;203;118;17;x;
4738;160;51;201;x;
4739;162;34;105;x;
4740;244;86;254;x;
4741;164;98;18;x;
4742;191;48;69;x;
4743;223;30;89;x;
4744;226;80;135;x;
4745;216;101;44;x;
4746;171;219;5;x;
4747;135;93;114;x;
4748;238;147;215;x;
4749;43;198;152;x;
4750;197;41;76;x;
4751;131;91;246;x;
4752;241;174;56;x;
4753;49;253;77;x;
4754;228;209;42;x;
4755;235;150;164;x;
4756;52;187;92;x;
4757;79;17;59;x;
4758;161;206;167;x;
4759;219;126;29;x;
4760;95;190;1;x;
4761;69;12;242;x;
4762;58;16;221;x;
4763;202;96;156;x;
4764;120;4;28;x;
4765;123;15;134;x;
4766;127;106;120;x;
4767;68;13;70;x;
4768;152;202;47;x;
4769;101;93;8;x;
4770;224;41;95;x;
4771;173;63;56;x;
4772;25;54;176;x;
4773;13;252;91;x;
4774;54;0;249;x;
4775;69;251;70;x;
4776;67;119;39;x;
4777;58;217;123;x;
4778;65;60;27;x;
4779;220;22;219;x;
4780;241;228;95;x;
4781;180;15;140;x;
4782;2;117;74;x;
4783;239;115;184;x;
4784;173;33;179;x;
4785;11;38;155;x;
4786;27;193;57;x;
4787;37;241;221;x;
4788;226;42;73;x;
4789;253;65;150;x;
4790;168;235;218;x;
4791;90;35;80;x;
4792;59;20;202;x;
4793;2;30;141;x;
4794;172;238;140;x;
4795;159;89;250;x;
4796;251;240;214;x;
4797;89;231;75;x;
4798;170;75;91;x;
4799;252;63;231;x;
4800;116;16;169;x;
4801;149;111;53;x;
4802;191;91;90;x;
4803;107;3;175;x;
4804;15;204;131;x;
4805;119;134;70;x;
4806;19;193;53;x;
4807;194;244;43;x;
4808;181;155;115;x;
4809;153;138;214;x;
4810;215;151;156;x;
4811;90;42;212;x;
4812;142;217;238;x;
4813;92;255;191;x;
4814;2;174;118;x;
4815;66;34;106;x;
4816;67;255;51;x;
4817;177;42;157;x;
4818;158;230;201;x;
4819;46;19;254;x;
4820;76;18;160;x;
4821;227;46;250;x;
4822;255;106;58;x;
4823;78;178;166;x;
4824;249;95;111;x;
4825;194;161;254;x;
4826;150;142;225;x;
4827;58;27;161;x;
4828;136;26;213;x;
4829;213;69;4;x;
4830;54;25;66;x;
4831;5;179;214;x;
4832;222;62;196;x;
4833;38;220;210;x;
4834;162;172;238;x;
4835;202;42;159;x;
4836;64;199;4;x;
4837;104;218;20;x;
4838;105;222;248;x;
4839;194;253;12;x;
4840;197;93;199;x;
4841;158;53;16;x;
4842;81;163;208;x;
4843;162;241;232;x;
4844;18;240;26;x;
4845;42;95;221;x;
4846;120;136;224;x;
4847;77;248;20;x;
4848;64;78;203;x;
4849;17;130;249;x;
4850;182;174;189;x;
4851;216;109;18;x;
4852;202;191;91;x;
4853;221;29;117;x;
4854;237;92;24;x;
4855;119;158;105;x;
4856;10;244;231;x;
4857;106;14;211;x;
4858;82;12;77;x;
4859;77;193;88;x;
4860;120;4;80;x;
4861;226;139;147;x;
4862;142;156;169;x;
4863;55;121;192;x;
4864;123;198;138;x;
4865;230;237;7;x;
4866;34;8;248;x;
4867;126;20;70;x;
4868;102;29;136;x;
4869;144;240;156;x;
4870;251;67;27;x;
4871;152;59;254;x;
4872;224;106;110;x;
4873;151;100;193;x;
4874;99;73;166;x;
4875;223;24;35;x;
4876;19;28;182;x;
4877;199;198;117;x;
4878;148;80;100;x;
4879;155;22;94;x;
4880;243;200;123;x;
4881;16;80;196;x;
4882;170;174;36;x;
4883;208;186;46;x;
4884;118;109;236;x;
4885;50;31;130;x;
4886;87;184;104;x;
4887;239;208;151;x;
4888;162;145;92;x;
4889;129;3;8;x;
4890;167;73;214;x;
4891;82;108;47;x;
4892;113;235;125;x;
4893;77;46;99;x;
4894;142;21;62;x;
4895;251;128;180;x;
4896;105;47;37;x;
4897;179;251;88;x;
4898;88;143;52;x;
4899;238;169;239;x;
4900;83;92;52;x;
4901;239;84;120;x;
4902;40;74;223;x;
4903;243;96;34;x;
4904;170;91;196;x;
4905;230;154;250;x;
4906;178;46;21;x;
4907;87;75;200;x;
4908;233;137;54;x;
4909;138;199;217;x;
4910;47;57;198;x;
4911;65;13;71;x;
4912;105;208;18;x;
4913;106;143;83;x;
4914;121;53;64;x;
4915;159;52;109;x;
4916;89;39;136;x;
4917;83;177;214;x;
4918;172;118;90;x;
4919;73;88;146;x;
4920;123;38;115;x;
4921;226;26;174;x;
4922;150;58;178;x;
4923;186;122;49;x;
4924;19;123;3;x;
4925;175;106;32;x;
4926;226;248;156;x;
4927;121;60;253;x;
4928;49;149;210;x;
4929;55;61;127;x;
4930;85;5;203;x;
4931;114;93;237;x;
4932;198;154;113;x;
4933;193;150;181;x;
4934;31;123;141;x;
4935;42;92;169;x;
4936;138;105;161;x;
4937;229;247;78;x;
4938;138;116;70;x;
4939;43;136;238;x;
4940;50;29;230;x;
4941;13;217;64;x;
4942;203;7;226;x;
4943;76;198;95;x;
4944;80;160;121;x;
4945;18;243;38;x;
4946;228;154;213;x;
4947;167;152;115;x;
4948;107;135;199;x;
4949;108;89;82;x;
4950;77;75;203;x;
4951;75;100;115;x;
4952;187;168;63;x;
4953;136;214;201;x;
4954;185;53;228;x;
4955;39;8;195;x;
4956;54;165;232;x;
4957;132;238;241;x;
4958;90;31;110;x;
4959;4;178;1;x;
4960;51;210;114;x;
4961;243;61;148;x;
4962;44;139;129;x;
4963;1;75;30;x;
4964;225;41;100;x;
4965;45;19;178;x;
4966;145;30;116;x;
4967;69;8;149;x;
4968;122;142;249;x;
4969;150;187;128;x;
4970;253;142;16;x;
4971;112;217;156;x;
4972;176;131;239;x;
4973;241;189;69;x;
4974;177;218;118;x;
4975;18;99;213;x;
4976;60;98;130;x;
4977;92;240;122;x;
4978;193;176;199;x;
4979;123;134;11;x;
4980;125;170;136;x;
4981;81;55;140;x;
4982;64;83;74;x;
4983;6;78;152;x;
4984;248;81;85;x;
4985;238;9;14;x;
4986;5;46;235;x;
4987;164;186;99;x;
4988;82;46;101;x;
4989;107;161;130;x;
4990;76;18;50;x;
4991;96;35;1;x;
4992;20;175;48;x;
4993;52;140;224;x;
4994;0;126;68;x;
4995;150;162;240;x;
4996;232;122;31;x;
4997;207;208;178;x;
4998;220;97;142;x;
4999;171;168;85;x;
5000;160;229;7;x;
5001;130;42;142;x;
5002;227;14;163;x;
5003;168;234;49;x;
5004;197;6;239;x;
5005;6;106;170;x;
5006;144;186;20;x;
5007;45;142;202;x;
5008;88;186;249;x;
5009;241;141;217;x;
5010;160;158;218;x;
5011;125;93;6;x;
5012;157;24;217;x;
5013;217;157;186;x;
5014;139;230;240;x;
5015;53;131;134;x;
5016;52;235;155;x;
5017;233;45;255;x;
5018;155;130;153;x;
5019;6;89;12;x;
5020;218;73;233;x;
5021;12;100;2;x;
5022;218;210;90;x;
5023;54;3;6;x;
5024;108;51;101;x;
5025;80;77;17;x;
5026;48;180;182;x;
5027;110;20;20;x;
5028;20;43;19;x;
5029;56;57;162;x;
5030;103;155;52;x;
5031;108;21;62;x;
5032;37;178;79;x;
5033;27;113;182;x;
5034;63;176;119;x;
5035;35;2;209;x;
5036;95;23;63;x;
5037;55;46;11;x;
5038;212;93;105;x;
5039;144;238;82;x;
5040;183;203;31;x;
5041;186;212;230;x;
5042;24;32;87;x;
5043;114;150;8;x;
5044;175;220;92;x;
5045;60;27;155;x;
5046;61;9;208;x;
5047;236;174;105;x;
5048;92;151;72;x;
5049;231;216;17;x;
5050;158;56;76;x;
5051;233;220;134;x;
5052;142;118;105;x;
5053;91;4;43;x;
5054;93;21;27;x;
5055;15;162;92;x;
5056;166;205;24;x;
5057;26;43;95;x;
5058;168;193;57;x;
5059;198;59;219;x;
5060;151;58;80;x;
5061;22;143;121;x;
5062;223;111;94;x;
5063;233;165;205;x;
5064;167;186;81;x;
5065;117;172;132;x;
5066;14;248;150;x;
5067;127;24;194;x;
5068;244;30;138;x;
5069;200;12;38;x;
5070;192;185;228;x;
5071;159;150;54;x;
5072;12;4;46;x;
5073;125;76;63;x;
5074;198;74;235;x;
5075;21;242;246;x;
5076;227;81;55;x;
5077;31;216;228;x;
5078;216;29;86;x;
5079;140;214;102;x;
5080;0;149;34;x;
5081;66;90;207;x;
5082;41;229;31;x;
5083;241;165;185;x;
5084;135;148;212;x;
5085;249;119;155;x;
5086;92;109;243;x;
5087;130;129;202;x;
5088;223;73;204;x;
5089;58;98;161;x;
5090;196;242;167;x;
5091;166;99;199;x;
5092;112;66;252;x;
5093;159;93;88;x;
5094;194;60;137;x;
5095;125;191;30;x;
5096;217;37;244;x;
5097;14;179;163;x;
5098;181;76;126;x;
5099;131;9;240;x;
5100;34;214;39;x;
5101;36;7;234;x;
5102;136;239;88;x;
5103;88;132;55;x;
5104;31;86;195;x;
5105;177;125;10;x;
5106;184;184;102;x;
5107;178;53;11;x;
5108;20;224;227;x;
5109;43;230;198;x;
5110;188;28;51;x;
5111;110;73;19;x;
5112;27;77;124;x;
5113;33;22;209;x;
5114;148;114;23;x;
5115;188;2;178;x;
5116;4;158;34;x;
5117;62;133;244;x;
5118;200;47;113;x;
5119;21;112;170;x;
5120;160;147;197;x;
5121;216;18;124;x;
5122;57;138;203;x;
5123;193;171;71;x;
5124;164;146;121;x;
5125;157;140;36;x;
5126;185;122;159;x;
5127;184;157;248;x;
5128;13;84;64;x;
5129;163;4;170;x;
5130;52;134;44;x;
5131;139;211;21;x;
5132;229;240;189;x;
5133;36;216;203;x;
5134;35;159;211;x;
5135;127;3;60;x;
5136;216;198;191;x;
5137;140;149;36;x;
5138;146;126;226;x;
5139;241;3;212;x;
5140;94;157;160;x;
5141;208;224;209;x;
5142;129;219;231;x;
5143;200;180;238;x;
5144;253;225;142;x;
5145;194;39;99;x;
5146;21;195;95;x;
5147;113;117;69;x;
5148;194;136;167;x;
5149;53;197;224;x;
5150;240;250;199;x;
5151;210;105;248;x;
5152;147;187;158;x;
5153;28;122;78;x;
5154;211;25;234;x;
5155;190;209;138;x;
5156;230;189;30;x;
5157;10;98;227;x;
5158;78;129;45;x;
5159;90;135;133;x;
5160;184;43;181;x;
5161;69;9;199;x;
5162;137;68;15;x;
5163;64;20;74;x;
5164;122;172;3;x;
5165;33;4;63;x;
5166;79;45;251;x;
5167;231;64;182;x;
5168;98;55;141;x;
5169;183;131;161;x;
5170;227;0;108;x;
5171;226;142;14;x;
5172;89;157;101;x;
5173;82;22;107;x;
5174;26;255;79;x;
5175;220;231;221;x;
5176;244;243;183;x;
5177;114;178;197;x;
5178;69;96;23;x;
5179;37;28;136;x;
5180;36;88;53;x;
5181;92;109;57;x;
5182;48;199;93;x;
5183;49;228;4;x;
5184;233;114;147;x;
5185;113;121;102;x;
5186;229;180;90;x;
5187;171;230;10;x;
5188;164;66;167;x;
5189;78;48;188;x;
5190;124;57;39;x;
5191;235;64;68;x;
5192;50;169;216;x;
5193;103;211;104;x;
5194;204;220;72;x;
5195;149;20;115;x;
5196;14;103;200;x;
5197;60;133;145;x;
5198;129;250;130;x;
5199;198;72;195;x;
5200;115;124;74;x;
5201;50;244;195;x;
5202;87;60;120;x;
5203;250;163;174;x;
5204;78;57;128;x;
5205;202;54;3;x;
5206;200;138;188;x;
5207;147;242;197;x;
5208;209;223;43;x;
5209;146;172;71;x;
5210;36;27;157;x;
5211;249;92;221;x;
5212;71;182;24;x;
5213;205;244;247;x;
5214;125;202;162;x;
5215;27;4;184;x;
5216;181;219;218;x;
5217;147;76;210;x;
5218;20;223;103;x;
5219;23;141;36;x;
5220;48;85;129;x;
5221;142;121;49;x;
5222;7;182;69;x;
5223;74;64;57;x;
5224;190;129;94;x;
5225;223;222;18;x;
5226;11;135;177;x;
5227;161;204;39;x;
5228;169;161;82;x;
5229;5;153;230;x;
5230;4;215;37;x;
5231;98;117;45;x;
5232;189;104;114;x;
5233;141;224;197;x;
5234;180;81;173;x;
5235;223;26;28;x;
5236;96;106;221;x;
5237;43;160;119;x;
5238;232;227;231;x;
5239;116;18;115;x;
5240;116;20;237;x;
5241;114;98;229;x;
5242;201;168;88;x;
5243;108;165;131;x;
5244;3;115;80;x;
5245;1;197;172;x;
5246;194;170;243;x;
5247;250;231;188;x;
5248;213;104;255;x;
5249;123;126;1;x;
5250;17;194;71;x;
5251;123;63;80;x;
5252;191;178;25;x;
5253;68;163;59;x;
5254;99;81;45;x;
5255;167;84;204;x;
5256;94;4;212;x;
5257;253;58;18;x;
5258;67;203;210;x;
5259;186;190;39;x;
5260;237;166;47;x;
5261;182;134;204;x;
5262;133;204;196;x;
5263;137;142;182;x;
5264;180;182;136;x;
5265;223;237;254;x;
5266;25;232;43;x;
5267;138;130;95;x;
5268;48;152;254;x;
5269;140;184;107;x;
5270;202;65;124;x;
5271;220;79;90;x;
5272;245;83;107;x;
5273;89;227;220;x;
5274;9;69;93;x;
5275;228;144;143;x;
5276;152;125;64;x;
5277;227;236;247;x;
5278;207;97;31;x;
5279;227;222;186;x;
5280;79;48;197;x;
5281;36;127;18;x;
5282;63;83;51;x;
5283;184;55;255;x;
5284;199;213;102;x;
5285;44;173;152;x;
5286;36;115;116;x;
5287;247;224;83;x;
5288;247;77;76;x;
5289;217;14;225;x;
5290;59;139;208;x;
5291;129;87;167;x;
5292;135;66;248;x;
5293;51;111;159;x;
5294;66;240;123;x;
5295;87;167;43;x;
5296;188;114;53;x;
5297;193;173;115;x;
5298;6;171;182;x;
5299;236;210;1;x;
5300;214;33;151;x;
5301;196;224;236;x;
5302;48;15;164;x;
5303;59;253;133;x;
5304;177;188;110;x;
5305;92;247;2;x;
5306;102;62;76;x;
5307;89;89;201;x;
5308;221;237;234;x;
5309;23;249;153;x;
5310;215;109;233;x;
5311;125;178;248;x;
5312;238;220;186;x;
5313;238;182;25;x;
5314;250;40;215;x;
5315;60;130;149;x;
5316;158;189;140;x;
5317;65;228;108;x;
5318;15;158;63;x;
5319;11;70;42;x;
5320;171;201;26;x;
5321;105;180;72;x;
5322;231;164;83;x;
5323;186;51;211;x;
5324;222;25;16;x;
5325;173;167;184;x;
5326;163;239;237;x;
5327;59;142;49;x;
5328;70;156;229;x;
5329;166;173;236;x;
5330;183;246;58;x;
5331;117;192;14;x;
5332;183;86;204;x;
5333;96;95;160;x;
5334;116;242;60;x;
5335;55;59;151;x;
5336;56;130;22;x;
5337;45;76;225;x;
5338;204;239;163;x;
5339;237;7;191;x;
5340;224;83;154;x;
5341;82;189;132;x;
5342;5;157;92;x;
5343;241;14;48;x;
5344;168;94;184;x;
5345;60;41;23;x;
5346;60;254;203;x;
5347;168;146;178;x;
5348;217;50;27;x;
5349;133;1;30;x;
5350;129;133;20;x;
5351;38;201;33;x;
5352;50;119;203;x;
5353;68;78;137;x;
5354;193;76;189;x;
5355;108;64;137;x;
5356;232;130;87;x;
5357;205;196;77;x;
5358;117;128;120;x;
5359;56;183;142;x;
5360;117;181;47;x;
5361;4;108;157;x;
5362;185;34;203;x;
5363;255;229;225;x;
5364;159;180;99;x;
5365;118;147;253;x;
5366;64;205;253;x;
5367;208;8;66;x;
5368;213;241;23;x;
5369;235;158;66;x;
5370;188;42;144;x;
5371;33;99;185;x;
5372;151;92;185;x;
5373;94;187;222;x;
5374;141;68;203;x;
5375;94;30;159;x;
5376;62;185;106;x;
5377;207;90;146;x;
5378;132;16;133;x;
5379;222;230;23;x;
5380;195;117;35;x;
5381;233;44;152;x;
5382;122;170;151;x;
5383;122;98;101;x;
5384;124;14;186;x;
5385;136;82;228;x;
5386;56;180;255;x;
5387;77;189;224;x;
5388;179;119;159;x;
5389;243;206;175;x;
5390;121;81;161;x;
5391;20;253;205;x;
5392;50;175;21;x;
5393;75;99;62;x;
5394;30;140;141;x;
5395;242;131;117;x;
5396;79;156;85;x;
5397;51;123;208;x;
5398;130;62;223;x;
5399;183;229;61;x;
5400;215;224;45;x;
5401;233;175;66;x;
5402;183;81;72;x;
5403;164;146;249;x;
5404;225;122;195;x;
5405;130;81;114;x;
5406;181;62;221;x;
5407;14;152;9;x;
5408;61;95;35;x;
5409;19;173;129;x;
5410;147;42;222;x;
5411;160;230;245;x;
5412;9;215;132;x;
5413;16;196;34;x;
5414;140;126;185;x;
5415;154;174;176;x;
5416;123;84;6;x;
5417;148;220;79;x;
5418;33;28;163;x;
5419;56;29;192;x;
5420;91;189;6;x;
5421;25;86;0;x;
5422;153;229;164;x;
5423;229;80;57;x;
5424;212;11;247;x;
5425;73;175;3;x;
5426;40;247;72;x;
5427;30;29;244;x;
5428;23;19;103;x;
5429;29;190;190;x;
5430;4;227;133;x;
5431;99;107;168;x;
5432;229;101;163;x;
5433;128;196;125;x;
5434;203;147;156;x;
5435;211;103;231;x;
5436;193;209;92;x;
5437;59;13;146;x;
5438;242;110;131;x;
5439;90;14;223;x;
5440;208;227;215;x;
5441;181;179;236;x;
5442;13;240;88;x;
5443;104;178;28;x;
5444;226;124;174;x;
5445;213;80;163;x;
5446;110;111;15;x;
5447;60;19;98;x;
5448;4;162;38;x;
5449;10;44;3;x;
5450;88;199;230;x;
5451;202;123;160;x;
5452;131;23;139;x;
5453;77;213;6;x;
5454;3;137;4;x;
5455;103;236;112;x;
5456;89;163;102;x;
5457;72;141;37;x;
5458;117;21;1;x;
5459;108;88;34;x;
5460;245;134;73;x;
5461;14;97;170;x;
5462;245;121;93;x;
5463;56;107;239;x;
5464;175;163;121;x;
5465;152;131;105;x;
5466;90;166;134;x;
5467;16;64;210;x;
5468;21;251;252;x;
5469;150;160;137;x;
5470;61;59;63;x;
5471;212;101;14;x;
5472;197;162;107;x;
5473;176;100;163;x;
5474;160;10;190;x;
5475;136;221;217;x;
5476;228;35;77;x;
5477;218;227;175;x;
5478;161;74;247;x;
5479;136;230;6;x;
5480;227;108;252;x;
5481;39;212;231;x;
5482;24;212;178;x;
5483;211;198;52;x;
5484;223;218;123;x;
5485;252;223;112;x;
5486;117;128;26;x;
5487;107;134;43;x;
5488;164;18;148;x;
5489;110;182;64;x;
5490;139;112;42;x;
5491;48;42;168;x;
5492;177;40;78;x;
5493;179;21;120;x;
5494;165;254;235;x;
5495;25;68;153;x;
5496;32;231;155;x;
5497;80;109;44;x;
5498;50;78;14;x;
5499;71;199;167;x;
5500;32;157;76;x;
5501;131;79;105;x;
5502;220;130;102;x;
5503;109;198;37;x;
5504;120;242;207;x;
5505;20;192;124;x;
5506;7;189;93;x;
5507;138;5;28;x;
5508;181;236;102;x;
5509;82;38;74;x;
5510;97;28;227;x;
5511;170;106;87;x;
5512;76;168;142;x;
5513;71;201;137;x;
5514;185;6;155;x;
5515;94;37;72;x;
5516;235;23;82;x;
5517;97;230;30;x;
5518;167;235;104;x;
5519;154;246;15;x;
5520;79;29;46;x;
5521;115;132;61;x;
5522;49;81;126;x;
5523;106;166;55;x;
5524;51;123;170;x;
5525;56;59;102;x;
5526;168;202;88;x;
5527;179;45;251;x;
5528;52;75;9;x;
5529;46;20;46;x;
5530;36;166;215;x;
5531;19;155;127;x;
5532;28;155;35;x;
5533;234;108;242;x;
5534;167;68;24;x;
5535;49;120;34;x;
5536;100;30;146;x;
5537;76;180;21;x;
5538;229;39;130;x;
5539;169;0;104;x;
5540;252;207;72;x;
5541;14;137;60;x;
5542;126;72;1;x;
5543;86;227;231;x;
5544;253;33;58;x;
5545;244;65;20;x;
5546;222;66;137;x;
5547;221;251;96;x;
5548;103;154;17;x;
5549;80;163;34;x;
5550;98;19;117;x;
5551;233;102;88;x;
5552;224;50;132;x;
5553;188;130;130;x;
5554;132;63;217;x;
5555;5;47;61;x;
5556;212;136;62;x;
5557;30;56;54;x;
5558;142;139;221;x;
5559;169;154;112;x;
5560;23;6;120;x;
5561;199;159;230;x;
5562;43;146;40;x;
5563;103;217;54;x;
5564;119;66;13;x;
5565;219;156;24;x;
5566;181;231;35;x;
5567;204;45;31;x;
5568;151;63;113;x;
5569;151;91;180;x;
5570;198;42;105;x;
5571;61;136;63;x;
5572;60;236;195;x;
5573;173;67;245;x;
5574;38;134;38;x;
5575;95;49;121;x;
5576;132;233;145;x;
5577;174;78;98;x;
5578;108;236;49;x;
5579;5;211;189;x;
5580;111;75;36;x;
5581;154;209;169;x;
5582;156;128;93;x;
5583;4;234;19;x;
5584;253;114;37;x;
5585;242;174;151;x;
5586;17;133;223;x;
5587;49;227;134;x;
5588;8;68;4;x;
5589;226;103;180;x;
5590;100;77;63;x;
5591;173;247;175;x;
5592;14;63;186;x;
5593;14;49;71;x;
5594;22;210;144;x;
5595;58;122;132;x;
5596;227;231;2;x;
5597;34;116;193;x;
5598;41;172;86;x;
5599;62;119;75;x;
5600;123;127;40;x;
5601;43;117;182;x;
5602;253;59;99;x;
5603;239;211;254;x;
5604;79;214;197;x;
5605;221;11;29;x;
5606;20;188;237;x;
5607;60;102;168;x;
5608;220;134;155;x;
5609;246;183;63;x;
5610;12;114;166;x;
5611;37;202;198;x;
5612;90;227;116;x;
5613;242;184;100;x;
5614;247;100;216;x;
5615;101;183;90;x;
5616;151;250;131;x;
5617;30;134;212;x;
5618;150;126;116;x;
5619;43;39;230;x;
5620;50;173;116;x;
5621;162;5;110;x;
5622;203;143;80;x;
5623;158;68;154;x;
5624;37;198;19;x;
5625;95;202;45;x;
5626;214;185;238;x;
5627;253;74;193;x;
5628;117;177;61;x;
5629;246;83;113;x;
5630;26;14;159;x;
5631;203;64;113;x;
5632;54;52;239;x;
5633;80;58;91;x;
5634;155;97;59;x;
5635;85;208;194;x;
5636;233;4;68;x;
5637;182;194;25;x;
5638;160;165;180;x;
5639;122;215;103;x;
5640;52;67;89;x;
5641;189;235;118;x;
5642;92;122;31;x;
5643;50;249;6;x;
5644;108;138;70;x;
5645;21;34;31;x;
5646;154;58;138;x;
5647;255;66;198;x;
5648;182;89;80;x;
5649;203;196;103;x;
5650;48;102;38;x;
5651;45;71;208;x;
5652;48;21;135;x;
5653;108;50;145;x;
5654;135;231;227;x;
5655;10;186;65;x;
5656;11;171;114;x;
5657;148;209;129;x;
5658;22;183;198;x;
5659;127;67;37;x;
5660;58;176;215;x;
5661;98;15;140;x;
5662;38;236;20;x;
5663;228;251;168;x;
5664;155;1;124;x;
5665;180;217;19;x;
5666;117;234;53;x;
5667;255;105;205;x;
5668;254;174;124;x;
5669;115;173;222;x;
5670;24;119;233;x;
5671;249;10;206;x;
5672;237;60;128;x;
5673;244;68;52;x;
5674;220;19;149;x;
5675;56;137;110;x;
5676;36;155;151;x;
5677;134;230;109;x;
5678;226;251;0;x;
5679;132;136;58;x;
5680;38;86;123;x;
5681;242;234;160;x;
5682;38;188;143;x;
5683;212;89;219;x;
5684;209;39;225;x;
5685;4;84;36;x;
5686;99;183;164;x;
5687;137;55;64;x;
5688;40;240;124;x;
5689;60;21;209;x;
5690;215;158;213;x;
5691;11;21;192;x;
5692;120;163;98;x;
5693;221;211;43;x;
5694;7;95;210;x;
5695;192;31;146;x;
5696;250;206;199;x;
5697;211;152;152;x;
5698;20;232;7;x;
5699;155;142;42;x;
5700;199;124;142;x;
5701;130;67;37;x;
5702;200;175;172;x;
5703;129;194;185;x;
5704;10;26;153;x;
5705;92;121;37;x;
5706;84;124;143;x;
5707;37;254;142;x;
5708;179;50;155;x;
5709;189;78;155;x;
5710;170;155;165;x;
5711;15;200;96;x;
5712;20;38;49;x;
5713;201;10;248;x;
5714;57;123;71;x;
5715;205;104;70;x;
5716;209;160;219;x;
5717;198;144;235;x;
5718;30;218;106;x;
5719;42;66;102;x;
5720;23;108;248;x;
5721;237;177;249;x;
5722;208;196;143;x;
5723;174;235;136;x;
5724;238;84;164;x;
5725;82;36;109;x;
5726;232;62;116;x;
5727;9;215;158;x;
5728;11;235;164;x;
5729;85;194;84;x;
5730;93;203;94;x;
5731;176;220;88;x;
5732;59;142;249;x;
5733;217;202;172;x;
5734;57;196;27;x;
5735;66;120;47;x;
5736;6;199;68;x;
5737;117;138;66;x;
5738;190;178;170;x;
5739;32;49;158;x;
5740;52;0;218;x;
5741;204;219;178;x;
5742;119;211;53;x;
5743;72;147;248;x;
5744;136;219;23;x;
5745;181;187;145;x;
5746;2;87;129;x;
5747;99;233;76;x;
5748;3;225;249;x;
5749;203;180;170;x;
5750;240;184;66;x;
5751;190;32;140;x;
5752;53;126;73;x;
5753;120;70;5;x;
5754;98;124;230;x;
5755;117;134;98;x;
5756;95;211;78;x;
5757;1;6;138;x;
5758;168;124;152;x;
5759;150;153;196;x;
5760;77;11;153;x;
5761;168;129;149;x;
5762;176;105;35;x;
5763;211;143;160;x;
5764;105;152;230;x;
5765;10;57;50;x;
5766;168;142;76;x;
5767;95;118;191;x;
5768;175;8;47;x;
5769;251;131;187;x;
5770;41;59;76;x;
5771;47;142;103;x;
5772;203;185;250;x;
5773;143;206;6;x;
5774;155;52;43;x;
5775;27;182;204;x;
5776;252;193;181;x;
5777;239;147;85;x;
5778;82;16;20;x;
5779;148;37;185;x;
5780;40;19;207;x;
5781;24;97;186;x;
5782;122;132;251;x;
5783;171;107;18;x;
5784;6;157;194;x;
5785;51;132;97;x;
5786;149;140;158;x;
5787;229;243;110;x;
5788;131;12;73;x;
5789;46;86;151;x;
5790;194;143;246;x;
5791;165;155;149;x;
5792;133;53;181;x;
5793;219;72;124;x;
5794;110;174;217;x;
5795;208;189;171;x;
5796;45;176;196;x;
5797;204;3;98;x;
5798;156;204;62;x;
5799;97;146;223;x;
5800;86;214;162;x;
5801;240;55;242;x;
5802;204;116;61;x;
5803;199;59;77;x;
5804;75;42;20;x;
5805;56;131;43;x;
5806;102;216;44;x;
5807;57;1;138;x;
5808;162;13;24;x;
5809;221;103;24;x;
5810;37;242;173;x;
5811;49;120;177;x;
5812;77;47;82;x;
5813;242;192;84;x;
5814;169;50;227;x;
5815;234;78;90;x;
5816;91;53;128;x;
5817;212;164;55;x;
5818;112;133;145;x;
5819;222;171;159;x;
5820;202;254;133;x;
5821;119;185;229;x;
5822;136;218;18;x;
5823;66;104;232;x;
5824;148;200;158;x;
5825;48;123;154;x;
5826;89;251;85;x;
5827;162;183;14;x;
5828;84;232;105;x;
5829;111;82;50;x;
5830;202;144;174;x;
5831;198;255;32;x;
5832;78;218;23;x;
5833;149;76;45;x;
5834;246;176;240;x;
5835;61;129;212;x;
5836;49;158;118;x;
5837;6;76;49;x;
5838;96;194;236;x;
5839;30;158;188;x;
5840;69;194;31;x;
5841;94;143;53;x;
5842;222;235;94;x;
5843;235;209;35;x;
5844;51;251;193;x;
5845;70;46;217;x;
5846;63;245;69;x;
5847;29;184;37;x;
5848;187;217;20;x;
5849;53;10;192;x;
5850;153;15;81;x;
5851;211;7;222;x;
5852;10;4;16;x;
5853;180;132;67;x;
5854;65;64;98;x;
5855;222;251;198;x;
5856;21;89;203;x;
5857;48;132;56;x;
5858;85;136;242;x;
5859;194;167;205;x;
5860;135;74;62;x;
5861;125;241;111;x;
5862;52;86;22;x;
5863;70;185;72;x;
5864;228;12;192;x;
5865;4;132;222;x;
5866;108;17;125;x;
5867;220;2;12;x;
5868;39;131;19;x;
5869;194;208;145;x;
5870;130;116;163;x;
5871;155;104;133;x;
5872;76;174;103;x;
5873;37;121;75;x;
5874;164;95;150;x;
5875;60;133;95;x;
5876;159;135;130;x;
5877;140;35;103;x;
5878;155;47;71;x;
5879;7;143;73;x;
5880;152;121;38;x;
5881;37;235;218;x;
5882;41;138;134;x;
5883;108;120;70;x;
5884;227;58;33;x;
5885;57;18;126;x;
5886;179;92;193;x;
5887;154;63;94;x;
5888;182;3;98;x;
5889;86;37;75;x;
5890;181;169;246;x;
5891;136;57;43;x;
5892;101;204;93;x;
5893;116;69;4;x;
5894;15;162;102;x;
5895;44;143;218;x;
5896;148;251;55;x;
5897;61;235;11;x;
5898;131;2;96;x;
5899;17;117;83;x;
5900;122;3;154;x;
5901;146;216;113;x;
5902;182;231;169;x;
5903;79;244;139;x;
5904;25;126;46;x;
5905;70;39;11;x;
5906;218;17;108;x;
5907;9;30;11;x;
5908;211;39;58;x;
5909;18;68;123;x;
5910;17;99;181;x;
5911;119;147;145;x;
5912;54;51;25;x;
5913;71;50;95;x;
5914;165;112;70;x;
5915;143;37;194;x;
5916;204;155;8;x;
5917;16;74;153;x;
5918;125;147;217;x;
5919;15;200;9;x;
5920;114;174;69;x;
5921;226;150;40;x;
5922;132;215;91;x;
5923;45;169;166;x;
5924;214;26;88;x;
5925;83;4;192;x;
5926;249;66;43;x;
5927;53;110;135;x;
5928;248;136;45;x;
5929;144;224;154;x;
5930;119;254;189;x;
5931;1;211;201;x;
5932;31;107;158;x;
5933;205;101;55;x;
5934;35;182;22;x;
5935;80;72;146;x;
5936;56;39;95;x;
5937;19;146;114;x;
5938;170;33;182;x;
5939;226;70;86;x;
5940;144;3;141;x;
5941;255;37;191;x;
5942;185;207;79;x;
5943;156;105;149;x;
5944;241;10;99;x;
5945;62;4;140;x;
5946;112;17;16;x;
5947;123;224;212;x;
5948;76;48;133;x;
5949;23;147;30;x;
5950;61;92;239;x;
5951;3;224;109;x;
5952;133;139;100;x;
5953;81;213;215;x;
5954;164;196;237;x;
5955;248;214;232;x;
5956;95;131;94;x;
5957;249;43;225;x;
5958;104;46;124;x;
5959;12;92;151;x;
5960;212;49;236;x;
5961;128;190;209;x;
5962;39;32;120;x;
5963;165;102;6;x;
5964;24;30;70;x;
5965;209;180;78;x;
5966;137;34;121;x;
5967;2;42;183;x;
5968;206;46;220;x;
5969;55;118;66;x;
5970;228;194;245;x;
5971;214;216;215;x;
5972;56;91;122;x;
5973;125;42;19;x;
5974;151;197;104;x;
5975;232;6;168;x;
5976;131;251;49;x;
5977;52;31;231;x;
5978;51;202;186;x;
5979;170;194;57;x;
5980;131;175;73;x;
5981;71;236;128;x;
5982;10;216;209;x;
5983;189;191;34;x;
5984;133;203;32;x;
5985;3;132;223;x;
5986;171;34;63;x;
5987;135;46;75;x;
5988;238;48;174;x;
5989;160;191;28;x;
5990;1;46;24;x;
5991;86;104;91;x;
5992;59;119;93;x;
5993;44;149;225;x;
5994;180;180;82;x;
5995;249;118;117;x;
5996;95;75;32;x;
5997;213;55;174;x;
5998;93;74;213;x;
5999;24;15;115;x;
6000;169;32;30;x;
6001;92;155;55;x;
6002;113;226;103;x;
6003;197;54;22;x;
6004;26;0;144;x;
6005;129;72;226;x;
6006;185;114;80;x;
6007;116;57;60;x;
6008;127;252;89;x;
6009;89;1;246;x;
6010;208;185;167;x;
6011;102;206;150;x;
6012;128;38;192;x;
6013;218;155;246;x;
6014;115;229;204;x;
6015;40;175;227;x;
6016;106;113;81;x;
6017;85;37;74;x;
6018;217;103;217;x;
6019;42;42;6;x;
6020;66;27;130;x;
6021;27;194;188;x;
6022;89;49;254;x;
6023;161;68;34;x;
6024;175;27;64;x;
6025;68;25;46;x;
6026;37;218;251;x;
6027;116;236;244;x;
6028;147;73;1;x;
6029;21;250;179;x;
6030;152;80;64;x;
6031;75;186;244;x;
6032;212;212;13;x;
6033;144;76;33;x;
6034;140;182;91;x;
6035;103;84;68;x;
6036;184;3;116;x;
6037;223;14;247;x;
6038;179;20;93;x;
6039;133;189;113;x;
6040;125;27;168;x;
6041;142;8;55;x;
6042;83;191;144;x;
6043;42;114;111;x;
6044;217;142;205;x;
6045;252;37;66;x;
6046;134;221;46;x;
6047;105;64;223;x;
6048;161;24;39;x;
6049;213;81;172;x;
6050;249;115;108;x;
6051;247;183;164;x;
6052;86;106;57;x;
6053;250;156;193;x;
6054;72;212;75;x;
6055;254;89;240;x;
6056;196;240;236;x;
6057;176;145;129;x;
6058;13;151;88;x;
6059;58;184;21;x;
6060;240;50;247;x;
6061;30;171;173;x;
6062;62;152;230;x;
6063;193;59;223;x;
6064;239;72;60;x;
6065;9;171;67;x;
6066;193;159;135;x;
6067;34;19;97;x;
6068;221;120;165;x;
6069;196;92;110;x;
6070;174;16;66;x;
6071;104;56;41;x;
6072;120;254;246;x;
6073;31;188;85;x;
6074;46;144;1;x;
6075;128;129;213;x;
6076;113;93;120;x;
6077;234;6;128;x;
6078;118;38;164;x;
6079;32;252;122;x;
6080;141;238;208;x;
6081;154;207;60;x;
6082;80;140;145;x;
6083;129;182;165;x;
6084;17;126;201;x;
6085;52;90;248;x;
6086;150;108;198;x;
6087;131;221;243;x;
6088;139;239;135;x;
6089;133;134;68;x;
6090;34;248;9;x;
6091;246;198;30;x;
6092;55;211;132;x;
6093;106;176;205;x;
6094;166;224;115;x;
6095;38;250;240;x;
6096;92;29;121;x;
6097;87;99;8;x;
6098;252;68;192;x;
6099;81;189;103;x;
6100;153;16;36;x;
6101;209;171;57;x;
6102;182;126;37;x;
6103;61;58;47;x;
6104;211;228;255;x;
6105;227;127;194;x;
6106;18;241;55;x;
6107;131;207;120;x;
6108;227;163;26;x;
6109;58;24;179;x;
6110;238;67;27;x;
6111;62;134;232;x;
6112;97;21;64;x;
6113;187;32;153;x;
6114;216;65;13;x;
6115;232;8;187;x;
6116;162;209;105;x;
6117;32;32;176;x;
6118;75;94;140;x;
6119;250;230;107;x;
6120;232;53;55;x;
6121;128;155;7;x;
6122;193;20;245;x;
6123;47;251;53;x;
6124;254;169;27;x;
6125;245;185;190;x;
6126;191;78;214;x;
6127;66;11;255;x;
6128;246;13;147;x;
6129;108;137;83;x;
6130;230;55;225;x;
6131;253;107;192;x;
6132;243;75;243;x;
6133;80;134;235;x;
6134;30;130;91;x;
6135;3;131;20;x;
6136;213;200;110;x;
6137;100;236;156;x;
6138;174;150;12;x;
6139;28;33;91;x;
6140;237;96;193;x;
6141;53;44;148;x;
6142;25;123;226;x;
6143;150;169;160;x;
6144;230;11;74;x;
6145;55;106;155;x;
6146;239;177;219;x;
6147;223;100;206;x;
6148;87;239;22;x;
6149;130;224;203;x;
6150;111;66;163;x;
6151;177;108;155;x;
6152;76;33;239;x;
6153;207;223;211;x;
6154;30;145;116;x;
6155;46;21;193;x;
6156;248;42;73;x;
6157;199;202;212;x;
6158;183;58;139;x;
6159;120;228;162;x;
6160;60;211;233;x;
6161;207;183;230;x;
6162;161;9;214;x;
6163;77;221;36;x;
6164;54;239;60;x;
6165;121;167;166;x;
6166;78;95;223;x;
6167;183;40;189;x;
6168;21;144;35;x;
6169;76;20;88;x;
6170;148;129;41;x;
6171;134;129;60;x;
6172;0;0;51;x;
6173;178;233;101;x;
6174;53;70;118;x;
6175;135;135;116;x;
6176;252;145;112;x;
6177;64;143;10;x;
6178;162;245;128;x;
6179;48;157;103;x;
6180;117;187;74;x;
6181;66;85;37;x;
6182;196;252;76;x;
6183;23;187;160;x;
6184;129;133;38;x;
6185;110;254;242;x;
6186;79;114;48;x;
6187;117;49;99;x;
6188;76;58;116;x;
6189;145;150;32;x;
6190;226;14;247;x;
6191;238;229;215;x;
6192;211;194;150;x;
6193;16;255;138;x;
6194;89;48;249;x;
6195;175;23;247;x;
6196;124;150;110;x;
6197;78;1;200;x;
6198;226;134;181;x;
6199;179;154;217;x;
6200;177;0;156;x;
6201;220;175;247;x;
6202;241;83;176;x;
6203;189;137;130;x;
6204;56;237;202;x;
6205;61;250;48;x;
6206;223;6;138;x;
6207;239;40;84;x;
6208;105;93;150;x;
6209;176;29;37;x;
6210;162;144;3;x;
6211;83;171;180;x;
6212;149;160;138;x;
6213;191;200;125;x;
6214;128;94;24;x;
6215;60;160;159;x;
6216;93;191;41;x;
6217;133;232;52;x;
6218;182;27;142;x;
6219;151;142;92;x;
6220;110;168;21;x;
6221;197;152;135;x;
6222;17;254;251;x;
6223;191;212;201;x;
6224;58;75;153;x;
6225;78;184;188;x;
6226;166;56;157;x;
6227;92;121;10;x;
6228;118;45;18;x;
6229;169;85;221;x;
6230;228;31;247;x;
6231;23;13;24;x;
6232;71;190;45;x;
6233;142;90;77;x;
6234;47;171;129;x;
6235;138;178;170;x;
6236;208;101;151;x;
6237;169;158;115;x;
6238;127;106;243;x;
6239;168;160;225;x;
6240;213;209;133;x;
6241;108;103;126;x;
6242;140;31;179;x;
6243;20;40;240;x;
6244;127;124;233;x;
6245;44;133;93;x;
6246;245;156;255;x;
6247;78;20;7;x;
6248;34;140;8;x;
6249;202;245;83;x;
6250;30;166;4;x;
6251;117;238;84;x;
6252;192;159;8;x;
6253;102;223;31;x;
6254;56;89;172;x;
6255;248;189;73;x;
6256;186;179;142;x;
6257;220;110;253;x;
6258;228;54;14;x;
6259;86;145;189;x;
6260;122;167;247;x;
6261;186;119;156;x;
6262;213;200;52;x;
6263;149;42;234;x;
6264;180;103;113;x;
6265;0;33;0;x;
6266;242;223;202;x;
6267;81;40;138;x;
6268;54;189;141;x;
6269;161;199;40;x;
6270;224;51;125;x;
6271;30;70;138;x;
6272;115;212;235;x;
6273;209;251;105;x;
6274;124;163;130;x;
6275;64;188;102;x;
6276;20;165;131;x;
6277;182;240;171;x;
6278;159;104;181;x;
6279;5;115;227;x;
6280;7;255;2;x;
6281;250;132;141;x;
6282;68;57;59;x;
6283;209;99;154;x;
6284;96;26;34;x;
6285;243;176;51;x;
6286;245;216;205;x;
6287;77;204;239;x;
6288;135;113;146;x;
6289;244;149;209;x;
6290;21;240;183;x;
6291;162;14;26;x;
6292;248;25;241;x;
6293;146;195;140;x;
6294;228;104;77;x;
6295;168;187;88;x;
6296;217;222;108;x;
6297;172;47;23;x;
6298;163;209;124;x;
6299;73;87;83;x;
6300;110;62;23;x;
6301;74;193;143;x;
6302;37;228;179;x;
6303;39;3;6;x;
6304;238;43;169;x;
6305;86;68;80;x;
6306;60;28;67;x;
6307;21;54;136;x;
6308;161;209;7;x;
6309;174;248;150;x;
6310;102;53;89;x;
6311;213;48;206;x;
6312;105;207;210;x;
6313;212;200;176;x;
6314;28;114;216;x;
6315;143;132;249;x;
6316;167;203;241;x;
6317;183;75;32;x;
6318;65;11;75;x;
6319;243;181;157;x;
6320;220;211;89;x;
6321;199;81;242;x;
6322;34;26;47;x;
6323;170;8;19;x;
6324;173;97;61;x;
6325;131;146;176;x;
6326;67;247;174;x;
6327;221;221;187;x;
6328;173;92;251;x;
6329;71;193;143;x;
6330;53;175;140;x;
6331;236;80;6;x;
6332;136;31;23;x;
6333;184;246;28;x;
6334;116;58;33;x;
6335;114;47;244;x;
6336;148;197;220;x;
6337;99;107;45;x;
6338;39;21;196;x;
6339;204;197;13;x;
6340;231;100;111;x;
6341;224;192;234;x;
6342;6;7;126;x;
6343;248;149;44;x;
6344;212;176;188;x;
6345;107;248;95;x;
6346;253;50;194;x;
6347;133;53;193;x;
6348;128;12;254;x;
6349;179;80;178;x;
6350;43;93;204;x;
6351;201;206;230;x;
6352;231;147;2;x;
6353;122;90;217;x;
6354;11;97;162;x;
6355;130;56;142;x;
6356;157;236;244;x;
6357;245;178;254;x;
6358;146;62;221;x;
6359;193;22;165;x;
6360;126;212;240;x;
6361;166;83;137;x;
6362;5;88;127;x;
6363;229;254;228;x;
6364;161;31;30;x;
6365;131;202;63;x;
6366;48;198;173;x;
6367;43;64;21;x;
6368;232;118;113;x;
6369;224;116;169;x;
6370;67;72;41;x;
6371;112;60;66;x;
6372;106;2;252;x;
6373;156;25;73;x;
6374;212;121;46;x;
6375;135;181;225;x;
6376;148;177;31;x;
6377;235;41;245;x;
6378;45;17;165;x;
6379;45;167;44;x;
6380;163;206;6;x;
6381;160;116;187;x;
6382;116;50;175;x;
6383;209;150;62;x;
6384;226;12;41;x;
6385;66;130;79;x;
6386;105;95;178;x;
6387;12;62;217;x;
6388;37;249;74;x;
6389;255;223;61;x;
6390;41;85;22;x;
6391;23;182;140;x;
6392;67;13;140;x;
6393;14;228;59;x;
6394;130;74;154;x;
6395;205;182;227;x;
6396;53;9;40;x;
6397;218;119;72;x;
6398;0;149;100;x;
6399;168;167;220;x;
6400;212;14;51;x;
6401;45;114;180;x;
6402;189;160;6;x;
6403;14;161;30;x;
6404;4;98;180;x;
6405;22;199;37;x;
6406;91;23;105;x;
6407;216;12;5;x;
6408;73;27;107;x;
6409;174;196;233;x;
6410;164;83;140;x;
6411;123;40;228;x;
6412;51;206;178;x;
6413;77;133;119;x;
6414;77;100;67;x;
6415;80;251;241;x;
6416;25;237;191;x;
6417;236;37;0;x;
6418;197;35;210;x;
6419;38;87;2;x;
6420;51;114;146;x;
6421;177;204;244;x;
6422;247;172;144;x;
6423;219;108;158;x;
6424;216;117;58;x;
6425;232;49;248;x;
6426;154;29;110;x;
6427;176;183;215;x;
6428;27;20;77;x;
6429;226;29;33;x;
6430;94;118;137;x;
6431;204;91;245;x;
6432;0;171;115;x;
6433;214;211;97;x;
6434;89;205;170;x;
6435;59;182;202;x;
6436;186;125;168;x;
6437;149;67;102;x;
6438;111;65;162;x;
6439;73;187;75;x;
6440;182;224;133;x;
6441;62;122;8;x;
6442;91;195;161;x;
6443;193;143;27;x;
6444;209;49;101;x;
6445;23;141;128;x;
6446;94;92;40;x;
6447;246;135;255;x;
6448;47;92;86;x;
6449;12;194;33;x;
6450;101;202;85;x;
6451;252;65;173;x;
6452;105;45;124;x;
6453;132;16;198;x;
6454;207;125;20;x;
6455;152;23;211;x;
6456;143;57;48;x;
6457;9;51;114;x;
6458;139;34;220;x;
6459;16;191;47;x;
6460;33;122;235;x;
6461;100;28;187;x;
6462;247;83;130;x;
6463;190;243;194;x;
6464;85;226;225;x;
6465;236;87;211;x;
6466;55;169;151;x;
6467;144;0;168;x;
6468;107;98;187;x;
6469;188;202;129;x;
6470;183;150;10;x;
6471;76;84;236;x;
6472;98;50;216;x;
6473;198;54;35;x;
6474;251;48;149;x;
6475;69;66;91;x;
6476;107;222;224;x;
6477;61;11;90;x;
6478;247;208;157;x;
6479;230;180;208;x;
6480;159;121;102;x;
6481;111;179;145;x;
6482;178;6;244;x;
6483;224;139;66;x;
6484;125;78;15;x;
6485;180;63;103;x;
6486;54;166;177;x;
6487;36;61;222;x;
6488;175;82;170;x;
6489;70;171;105;x;
6490;250;27;163;x;
6491;205;208;178;x;
6492;51;111;137;x;
6493;113;44;35;x;
6494;109;208;135;x;
6495;223;153;227;x;
6496;49;66;5;x;
6497;101;35;91;x;
6498;90;136;143;x;
6499;68;168;165;x;
6500;3;94;173;x;
6501;250;210;18;x;
6502;4;205;237;x;
6503;87;233;142;x;
6504;131;11;153;x;
6505;136;143;204;x;
6506;22;134;231;x;
6507;217;101;150;x;
6508;62;154;16;x;
6509;11;63;28;x;
6510;107;13;170;x;
6511;7;122;81;x;
6512;43;36;92;x;
6513;148;199;10;x;
6514;57;174;0;x;
6515;229;202;193;x;
6516;2;149;187;x;
6517;127;36;91;x;
6518;220;13;86;x;
6519;91;66;135;x;
6520;157;37;231;x;
6521;103;10;149;x;
6522;180;199;34;x;
6523;215;123;150;x;
6524;114;88;193;x;
6525;53;158;30;x;
6526;25;228;235;x;
6527;136;189;207;x;
6528;129;252;197;x;
6529;123;24;186;x;
6530;152;39;161;x;
6531;222;79;150;x;
6532;164;148;77;x;
6533;89;140;1;x;
6534;79;193;210;x;
6535;185;248;8;x;
6536;70;35;38;x;
6537;176;241;152;x;
6538;192;10;193;x;
6539;97;179;24;x;
6540;124;26;27;x;
6541;192;143;171;x;
6542;227;23;52;x;
6543;207;31;254;x;
6544;24;79;248;x;
6545;230;224;186;x;
6546;251;138;193;x;
6547;100;9;163;x;
6548;4;122;4;x;
6549;80;218;127;x;
6550;38;166;131;x;
6551;98;67;152;x;
6552;103;86;4;x;
6553;181;37;37;x;
6554;247;221;10;x;
6555;87;225;246;x;
6556;222;26;134;x;
6557;152;92;210;x;
6558;122;111;196;x;
6559;100;8;254;x;
6560;96;181;203;x;
6561;90;210;58;x;
6562;166;170;172;x;
6563;150;98;98;x;
6564;252;135;123;x;
6565;242;35;136;x;
6566;251;79;38;x;
6567;74;94;19;x;
6568;53;219;80;x;
6569;168;103;80;x;
6570;118;144;244;x;
6571;169;76;109;x;
6572;179;29;191;x;
6573;118;161;32;x;
6574;62;145;202;x;
6575;47;128;49;x;
6576;98;191;94;x;
6577;216;215;184;x;
6578;86;81;190;x;
6579;135;161;254;x;
6580;71;118;179;x;
6581;68;29;245;x;
6582;66;72;137;x;
6583;216;156;116;x;
6584;211;0;115;x;
6585;19;195;151;x;
6586;255;27;253;x;
6587;218;135;12;x;
6588;231;154;85;x;
6589;12;47;114;x;
6590;169;211;179;x;
6591;12;86;199;x;
6592;130;3;213;x;
6593;75;130;101;x;
6594;127;213;21;x;
6595;41;235;132;x;
6596;116;74;44;x;
6597;30;139;1;x;
6598;45;63;36;x;
6599;250;73;155;x;
6600;0;136;1;x;
6601;56;205;166;x;
6602;50;138;160;x;
6603;15;128;167;x;
6604;170;13;48;x;
6605;42;152;77;x;
6606;159;207;158;x;
6607;7;129;12;x;
6608;135;118;186;x;
6609;173;80;83;x;
6610;213;238;185;x;
6611;179;184;151;x;
6612;209;178;235;x;
6613;95;154;129;x;
6614;92;54;145;x;
6615;81;158;51;x;
6616;221;187;113;x;
6617;128;165;190;x;
6618;113;197;244;x;
6619;94;105;230;x;
6620;48;3;49;x;
6621;123;86;120;x;
6622;102;187;192;x;
6623;223;106;25;x;
6624;90;189;116;x;
6625;97;140;207;x;
6626;22;33;221;x;
6627;229;125;138;x;
6628;26;211;57;x;
6629;203;41;172;x;
6630;152;41;156;x;
6631;111;92;245;x;
6632;80;240;94;x;
6633;218;149;204;x;
6634;163;190;99;x;
6635;182;217;83;x;
6636;207;77;127;x;
6637;183;195;242;x;
6638;225;183;18;x;
6639;6;34;110;x;
6640;110;74;32;x;
6641;240;179;171;x;
6642;237;126;23;x;
6643;131;238;66;x;
6644;151;206;133;x;
6645;161;192;236;x;
6646;111;214;40;x;
6647;84;31;60;x;
6648;219;224;209;x;
6649;186;251;28;x;
6650;124;37;48;x;
6651;31;143;83;x;
6652;121;159;202;x;
6653;144;174;246;x;
6654;103;249;11;x;
6655;210;65;153;x;
6656;226;183;57;x;
6657;203;194;31;x;
6658;163;177;56;x;
6659;181;107;183;x;
6660;168;32;174;x;
6661;129;239;181;x;
6662;37;66;243;x;
6663;249;14;195;x;
6664;247;217;38;x;
6665;42;88;143;x;
6666;120;214;211;x;
6667;121;99;172;x;
6668;120;70;232;x;
6669;17;78;163;x;
6670;220;65;101;x;
6671;146;30;178;x;
6672;18;77;145;x;
6673;97;145;213;x;
6674;21;86;66;x;
6675;115;168;17;x;
6676;139;133;63;x;
6677;12;5;102;x;
6678;244;113;208;x;
6679;232;113;26;x;
6680;116;197;87;x;
6681;203;113;73;x;
6682;41;220;0;x;
6683;43;169;10;x;
6684;181;115;190;x;
6685;104;144;183;x;
6686;224;115;150;x;
6687;17;168;186;x;
6688;143;241;23;x;
6689;138;193;245;x;
6690;152;224;51;x;
6691;188;40;16;x;
6692;216;248;209;x;
6693;52;38;93;x;
6694;175;25;63;x;
6695;72;108;40;x;
6696;218;60;44;x;
6697;159;11;14;x;
6698;95;247;155;x;
6699;95;106;185;x;
6700;23;78;1;x;
6701;25;55;164;x;
6702;250;158;203;x;
6703;78;235;208;x;
6704;6;218;183;x;
6705;128;26;86;x;
6706;224;60;168;x;
6707;68;95;65;x;
6708;75;110;77;x;
6709;134;41;135;x;
6710;219;210;140;x;
6711;3;110;166;x;
6712;130;57;131;x;
6713;98;175;255;x;
6714;129;105;121;x;
6715;50;226;26;x;
6716;234;126;76;x;
6717;245;247;20;x;
6718;195;20;250;x;
6719;105;172;60;x;
6720;41;59;177;x;
6721;89;237;215;x;
6722;245;139;145;x;
6723;232;2;91;x;
6724;53;50;3;x;
6725;134;120;148;x;
6726;54;154;145;x;
6727;74;126;192;x;
6728;203;141;215;x;
6729;167;71;8;x;
6730;157;136;57;x;
6731;142;112;214;x;
6732;239;187;184;x;
6733;21;20;119;x;
6734;61;183;207;x;
6735;106;246;21;x;
6736;245;130;23;x;
6737;25;129;116;x;
6738;202;212;75;x;
6739;75;162;55;x;
6740;107;201;178;x;
6741;115;112;178;x;
6742;40;93;169;x;
6743;187;120;162;x;
6744;219;231;154;x;
6745;122;51;204;x;
6746;76;23;206;x;
6747;238;225;63;x;
6748;100;56;109;x;
6749;14;51;236;x;
6750;4;216;192;x;
6751;209;118;20;x;
6752;148;119;166;x;
6753;225;138;42;x;
6754;133;104;220;x;
6755;118;82;193;x;
6756;67;55;235;x;
6757;0;196;80;x;
6758;79;108;105;x;
6759;28;221;235;x;
6760;146;20;248;x;
6761;239;185;105;x;
6762;179;74;200;x;
6763;204;34;182;x;
6764;157;93;214;x;
6765;184;116;254;x;
6766;248;87;101;x;
6767;22;208;144;x;
6768;140;64;50;x;
6769;33;177;240;x;
6770;207;246;78;x;
6771;57;180;166;x;
6772;198;94;7;x;
6773;164;0;93;x;
6774;51;132;212;x;
6775;52;182;140;x;
6776;191;15;101;x;
6777;162;78;196;x;
6778;35;249;123;x;
6779;232;130;204;x;
6780;6;138;130;x;
6781;87;88;132;x;
6782;64;234;201;x;
6783;143;197;219;x;
6784;135;221;184;x;
6785;45;224;114;x;
6786;62;33;148;x;
6787;226;19;155;x;
6788;142;41;84;x;
6789;66;104;195;x;
6790;38;156;87;x;
6791;104;191;68;x;
6792;230;21;4;x;
6793;26;155;95;x;
6794;245;139;170;x;
6795;201;253;250;x;
6796;173;172;0;x;
6797;208;28;43;x;
6798;127;214;238;x;
6799;90;202;118;x;
6800;236;205;126;x;
6801;1;187;122;x;
6802;222;31;11;x;
6803;27;221;164;x;
6804;148;242;196;x;
6805;240;134;67;x;
6806;67;64;127;x;
6807;40;148;60;x;
6808;245;231;236;x;
6809;240;173;252;x;
6810;100;160;45;x;
6811;172;209;155;x;
6812;200;58;154;x;
6813;163;31;221;x;
6814;247;27;75;x;
6815;238;96;136;x;
6816;60;63;35;x;
6817;197;112;36;x;
6818;12;75;99;x;
6819;64;105;57;x;
6820;69;43;21;x;
6821;67;66;237;x;
6822;154;247;116;x;
6823;247;40;62;x;
6824;154;215;91;x;
6825;61;102;160;x;
6826;96;121;248;x;
6827;254;59;20;x;
6828;93;204;27;x;
6829;4;237;7;x;
6830;55;219;203;x;
6831;30;109;251;x;
6832;117;231;230;x;
6833;166;53;29;x;
6834;61;27;14;x;
6835;138;244;89;x;
6836;197;116;8;x;
6837;138;102;229;x;
6838;68;25;100;x;
6839;194;8;48;x;
6840;79;21;133;x;
6841;16;178;223;x;
6842;40;124;165;x;
6843;141;180;180;x;
6844;114;50;125;x;
6845;245;18;39;x;
6846;15;40;232;x;
6847;201;151;255;x;
6848;103;11;156;x;
6849;198;184;247;x;
6850;176;226;20;x;
6851;125;191;165;x;
6852;193;208;101;x;
6853;43;239;208;x;
6854;178;64;185;x;
6855;28;43;5;x;
6856;75;103;163;x;
6857;240;83;220;x;
6858;61;78;16;x;
6859;236;108;131;x;
6860;185;191;109;x;
6861;35;71;38;x;
6862;97;89;232;x;
6863;108;152;108;x;
6864;13;35;181;x;
6865;212;241;41;x;
6866;236;120;252;x;
6867;133;30;0;x;
6868;215;11;191;x;
6869;53;38;123;x;
6870;215;230;17;x;
6871;210;67;87;x;
6872;233;72;134;x;
6873;125;34;155;x;
6874;254;165;181;x;
6875;131;176;220;x;
6876;212;170;63;x;
6877;46;33;53;x;
6878;138;180;117;x;
6879;39;102;197;x;
6880;52;3;152;x;
6881;89;34;74;x;
6882;11;91;215;x;
6883;149;240;200;x;
6884;26;76;251;x;
6885;37;220;69;x;
6886;94;58;215;x;
6887;163;75;235;x;
6888;13;255;245;x;
6889;67;224;213;x;
6890;249;15;240;x;
6891;144;66;59;x;
6892;222;118;11;x;
6893;4;36;158;x;
6894;181;82;84;x;
6895;182;135;145;x;
6896;51;242;163;x;
6897;203;193;38;x;
6898;93;139;125;x;
6899;214;241;57;x;
6900;254;43;136;x;
6901;201;66;214;x;
6902;61;91;9;x;
6903;141;239;89;x;
6904;243;213;191;x;
6905;47;217;33;x;
6906;61;142;121;x;
6907;48;244;107;x;
6908;198;214;182;x;
6909;45;10;244;x;
6910;108;243;231;x;
6911;67;139;12;x;
6912;209;40;184;x;
6913;44;51;129;x;
6914;16;121;21;x;
6915;158;52;203;x;
6916;133;164;31;x;
6917;137;186;62;x;
6918;76;99;28;x;
6919;78;255;94;x;
6920;7;242;190;x;
6921;193;73;11;x;
6922;70;180;127;x;
6923;68;63;54;x;
6924;129;251;93;x;
6925;223;238;157;x;
6926;183;83;29;x;
6927;193;134;198;x;
6928;98;100;182;x;
6929;121;152;109;x;
6930;99;205;30;x;
6931;49;90;35;x;
6932;63;61;240;x;
6933;13;70;196;x;
6934;148;137;217;x;
6935;147;202;76;x;
6936;239;165;3;x;
6937;224;246;210;x;
6938;87;196;220;x;
6939;165;252;133;x;
6940;94;181;234;x;
6941;173;207;42;x;
6942;251;47;56;x;
6943;72;150;191;x;
6944;111;83;79;x;
6945;218;196;170;x;
6946;142;153;49;x;
6947;49;13;32;x;
6948;49;168;188;x;
6949;201;37;49;x;
6950;133;78;37;x;
6951;186;43;27;x;
6952;185;169;17;x;
6953;193;65;128;x;
6954;55;161;2;x;
6955;53;71;102;x;
6956;61;211;23;x;
6957;250;248;187;x;
6958;233;111;192;x;
6959;240;131;60;x;
6960;70;4;197;x;
6961;101;10;29;x;
6962;202;254;218;x;
6963;29;27;249;x;
6964;98;158;20;x;
6965;155;219;197;x;
6966;93;156;249;x;
6967;221;124;243;x;
6968;26;86;17;x;
6969;119;78;233;x;
6970;163;43;152;x;
6971;197;140;223;x;
6972;42;58;248;x;
6973;24;21;131;x;
6974;2;51;38;x;
6975;44;103;101;x;
6976;226;156;74;x;
6977;183;64;94;x;
6978;97;160;32;x;
6979;157;133;25;x;
6980;204;119;61;x;
6981;219;179;18;x;
6982;184;52;174;x;
6983;17;19;101;x;
6984;106;8;82;x;
6985;125;1;198;x;
6986;13;112;75;x;
6987;154;49;47;x;
6988;0;53;246;x;
6989;241;100;0;x;
6990;85;49;167;x;
6991;72;96;204;x;
6992;112;208;234;x;
6993;10;224;173;x;
6994;142;205;70;x;
6995;22;77;227;x;
6996;138;78;144;x;
6997;4;106;102;x;
6998;157;113;41;x;
6999;70;231;248;x;
7000;177;220;235;x;
7001;254;108;60;x;
7002;26;209;199;x;
7003;79;55;109;x;
7004;83;3;16;x;
7005;184;64;180;x;
7006;143;75;26;x;
7007;50;144;157;x;
7008;9;103;9;x;
7009;36;41;109;x;
7010;115;80;167;x;
7011;229;141;181;x;
7012;41;141;26;x;
7013;64;152;205;x;
7014;222;8;161;x;
7015;85;33;55;x;
7016;212;204;117;x;
7017;248;31;248;x;
7018;49;46;110;x;
7019;118;154;212;x;
7020;138;148;136;x;
7021;43;207;105;x;
7022;173;247;84;x;
7023;191;27;5;x;
7024;53;79;237;x;
7025;38;204;62;x;
7026;201;113;96;x;
7027;128;172;104;x;
7028;158;116;178;x;
7029;72;45;40;x;
7030;10;253;208;x;
7031;182;244;70;x;
7032;127;123;2;x;
7033;198;176;135;x;
7034;88;163;47;x;
7035;186;237;221;x;
7036;22;86;62;x;
7037;115;173;127;x;
7038;11;150;13;x;
7039;146;42;134;x;
7040;75;198;149;x;
7041;18;163;208;x;
7042;218;35;69;x;
7043;23;119;124;x;
7044;186;42;51;x;
7045;183;24;214;x;
7046;166;143;87;x;
7047;207;139;176;x;
7048;196;223;102;x;
7049;248;58;77;x;
7050;95;58;248;x;
7051;29;253;182;x;
7052;243;58;237;x;
7053;235;225;5;x;
7054;242;73;221;x;
7055;190;219;231;x;
7056;142;17;217;x;
7057;252;187;100;x;
7058;38;192;14;x;
7059;176;202;211;x;
7060;22;197;28;x;
7061;203;0;117;x;
7062;244;154;162;x;
7063;99;105;200;x;
7064;77;179;15;x;
7065;86;246;196;x;
7066;81;163;98;x;
7067;149;215;52;x;
7068;131;25;81;x;
7069;97;73;24;x;
7070;108;217;200;x;
7071;38;77;255;x;
7072;17;127;225;x;
7073;3;242;245;x;
7074;87;176;116;x;
7075;133;155;59;x;
7076;170;205;185;x;
7077;3;224;241;x;
7078;73;62;189;x;
7079;232;176;60;x;
7080;159;77;25;x;
7081;145;70;186;x;
7082;199;149;238;x;
7083;195;130;197;x;
7084;89;253;109;x;
7085;55;39;155;x;
7086;21;27;70;x;
7087;169;117;70;x;
7088;137;20;161;x;
7089;32;159;41;x;
7090;248;254;54;x;
7091;117;245;230;x;
7092;108;253;244;x;
7093;225;158;45;x;
7094;144;158;153;x;
7095;87;204;14;x;
7096;57;145;137;x;
7097;70;179;76;x;
7098;52;197;60;x;
7099;18;105;139;x;
7100;133;81;24;x;
7101;66;219;148;x;
7102;190;221;86;x;
7103;12;252;79;x;
7104;204;106;118;x;
7105;234;191;110;x;
7106;4;66;59;x;
7107;72;136;85;x;
7108;109;5;140;x;
7109;56;179;37;x;
7110;112;150;143;x;
7111;40;208;31;x;
7112;237;153;224;x;
7113;249;240;161;x;
7114;241;63;65;x;
7115;77;215;121;x;
7116;87;231;214;x;
7117;140;59;137;x;
7118;21;136;220;x;
7119;218;160;79;x;
7120;215;130;73;x;
7121;192;18;236;x;
7122;1;220;121;x;
7123;176;13;139;x;
7124;11;16;175;x;
7125;249;163;113;x;
7126;46;11;142;x;
7127;5;229;158;x;
7128;222;142;205;x;
7129;133;126;233;x;
7130;25;244;213;x;
7131;74;132;177;x;
7132;218;194;255;x;
7133;67;18;71;x;
7134;33;99;174;x;
7135;241;110;29;x;
7136;5;55;105;x;
7137;23;72;38;x;
7138;145;95;119;x;
7139;242;91;223;x;
7140;151;52;233;x;
7141;44;242;174;x;
7142;184;164;60;x;
7143;24;207;98;x;
7144;114;188;18;x;
7145;221;209;106;x;
7146;44;165;48;x;
7147;153;204;79;x;
7148;30;192;184;x;
7149;24;82;209;x;
7150;219;35;36;x;
7151;45;126;14;x;
7152;165;208;149;x;
7153;150;51;224;x;
7154;179;109;162;x;
7155;176;54;80;x;
7156;9;202;191;x;
7157;218;130;139;x;
7158;15;215;125;x;
7159;177;129;145;x;
7160;122;78;117;x;
7161;109;114;87;x;
7162;134;64;37;x;
7163;31;76;139;x;
7164;109;13;121;x;
7165;66;24;43;x;
7166;210;228;201;x;
7167;183;10;53;x;
7168;235;64;152;x;
7169;43;237;121;x;
7170;34;48;167;x;
7171;216;86;77;x;
7172;181;48;240;x;
7173;135;204;2;x;
7174;10;27;252;x;
7175;255;71;42;x;
7176;156;173;140;x;
7177;236;61;33;x;
7178;202;239;50;x;
7179;11;19;174;x;
7180;229;199;34;x;
7181;216;117;251;x;
7182;74;23;95;x;
7183;179;173;61;x;
7184;247;52;189;x;
7185;68;182;131;x;
7186;197;134;149;x;
7187;197;62;82;x;
7188;189;125;211;x;
7189;146;59;235;x;
7190;178;45;70;x;
7191;167;162;37;x;
7192;99;76;144;x;
7193;104;36;164;x;
7194;125;27;167;x;
7195;205;171;230;x;
7196;173;226;79;x;
7197;35;100;105;x;
7198;230;162;3;x;
7199;7;153;222;x;
7200;124;207;241;x;
7201;241;145;216;x;
7202;17;101;232;x;
7203;196;45;116;x;
7204;81;79;208;x;
7205;7;150;206;x;
7206;93;22;125;x;
7207;195;195;209;x;
7208;52;178;253;x;
7209;170;218;209;x;
7210;212;134;249;x;
7211;64;47;72;x;
7212;106;14;165;x;
7213;120;0;174;x;
7214;232;148;186;x;
7215;122;182;16;x;
7216;58;6;25;x;
7217;150;66;19;x;
7218;87;202;165;x;
7219;248;181;61;x;
7220;71;60;63;x;
7221;102;7;114;x;
7222;217;110;139;x;
7223;200;254;240;x;
7224;212;113;251;x;
7225;206;193;157;x;
7226;48;24;100;x;
7227;83;194;152;x;
7228;169;28;214;x;
7229;192;12;74;x;
7230;231;21;104;x;
7231;245;139;240;x;
7232;240;79;187;x;
7233;60;128;212;x;
7234;31;72;22;x;
7235;128;142;48;x;
7236;183;190;18;x;
7237;250;107;224;x;
7238;129;103;215;x;
7239;93;195;142;x;
7240;9;7;40;x;
7241;93;220;123;x;
7242;203;211;125;x;
7243;74;137;60;x;
7244;141;76;87;x;
7245;57;79;162;x;
7246;9;142;71;x;
7247;71;220;208;x;
7248;233;31;116;x;
7249;246;89;78;x;
7250;46;46;68;x;
7251;215;82;138;x;
7252;0;21;195;x;
7253;12;203;2;x;
7254;122;160;64;x;
7255;153;255;54;x;
7256;215;82;210;x;
7257;140;83;147;x;
7258;99;64;212;x;
7259;144;144;170;x;
7260;159;150;205;x;
7261;40;71;135;x;
7262;137;190;71;x;
7263;119;225;14;x;
7264;170;171;105;x;
7265;13;71;140;x;
7266;251;11;130;x;
7267;115;230;68;x;
7268;223;59;156;x;
7269;226;123;7;x;
7270;132;13;76;x;
7271;117;84;159;x;
7272;218;117;215;x;
7273;201;127;228;x;
7274;144;37;250;x;
7275;143;119;102;x;
7276;50;19;229;x;
7277;25;102;167;x;
7278;80;119;187;x;
7279;30;43;6;x;
7280;105;78;140;x;
7281;116;74;74;x;
7282;47;181;42;x;
7283;232;222;150;x;
7284;92;147;67;x;
7285;179;33;196;x;
7286;225;75;83;x;
7287;29;190;16;x;
7288;130;159;185;x;
7289;158;100;224;x;
7290;117;107;251;x;
7291;120;89;206;x;
7292;113;20;104;x;
7293;99;197;40;x;
7294;143;23;65;x;
7295;155;92;98;x;
7296;41;212;79;x;
7297;66;228;32;x;
7298;49;196;125;x;
7299;8;220;17;x;
7300;124;75;133;x;
7301;153;246;127;x;
7302;9;250;163;x;
7303;141;156;218;x;
7304;156;236;146;x;
7305;138;151;187;x;
7306;158;84;230;x;
7307;21;77;36;x;
7308;227;52;109;x;
7309;100;138;117;x;
7310;118;102;24;x;
7311;135;210;194;x;
7312;97;26;245;x;
7313;123;243;37;x;
7314;246;131;17;x;
7315;15;215;150;x;
7316;250;116;95;x;
7317;147;63;238;x;
7318;138;157;71;x;
7319;215;84;100;x;
7320;150;207;192;x;
7321;182;97;253;x;
7322;255;72;218;x;
7323;183;215;142;x;
7324;11;144;199;x;
7325;171;125;119;x;
7326;171;49;58;x;
7327;153;93;236;x;
7328;197;84;0;x;
7329;15;126;106;x;
7330;73;70;11;x;
7331;166;127;90;x;
7332;38;221;57;x;
7333;181;17;108;x;
7334;124;75;198;x;
7335;137;32;130;x;
7336;93;110;190;x;
7337;148;205;229;x;
7338;137;160;226;x;
7339;29;16;32;x;
7340;219;173;143;x;
7341;184;246;58;x;
7342;109;206;185;x;
7343;149;103;4;x;
7344;120;211;234;x;
7345;118;136;237;x;
7346;145;219;151;x;
7347;232;63;26;x;
7348;18;202;50;x;
7349;245;156;214;x;
7350;77;132;232;x;
7351;143;68;166;x;
7352;197;164;19;x;
7353;114;45;212;x;
7354;219;238;40;x;
7355;138;177;91;x;
7356;181;43;90;x;
7357;133;11;159;x;
7358;209;28;32;x;
7359;105;224;233;x;
7360;86;209;255;x;
7361;66;79;183;x;
7362;115;137;107;x;
7363;230;254;104;x;
7364;175;71;42;x;
7365;131;253;239;x;
7366;226;206;98;x;
7367;98;162;223;x;
7368;201;216;78;x;
7369;192;161;213;x;
7370;201;138;101;x;
7371;156;190;224;x;
7372;94;51;107;x;
7373;90;171;55;x;
7374;44;20;173;x;
7375;59;89;100;x;
7376;65;31;230;x;
7377;12;3;122;x;
7378;94;135;92;x;
7379;228;154;57;x;
7380;70;82;91;x;
7381;165;115;28;x;
7382;197;171;132;x;
7383;102;221;36;x;
7384;251;124;79;x;
7385;0;18;61;x;
7386;143;211;62;x;
7387;236;238;131;x;
7388;171;186;89;x;
7389;214;181;28;x;
7390;93;199;187;x;
7391;141;142;13;x;
7392;250;65;2;x;
7393;191;213;246;x;
7394;128;149;144;x;
7395;40;154;244;x;
7396;66;137;136;x;
7397;22;148;41;x;
7398;105;118;68;x;
7399;132;239;193;x;
7400;207;77;240;x;
7401;45;213;215;x;
7402;119;246;4;x;
7403;190;225;29;x;
7404;34;251;31;x;
7405;237;145;66;x;
7406;103;69;104;x;
7407;117;96;178;x;
7408;109;85;150;x;
7409;157;173;117;x;
7410;153;7;129;x;
7411;181;40;99;x;
7412;10;177;24;x;
7413;109;70;211;x;
7414;183;178;174;x;
7415;107;46;37;x;
7416;67;249;240;x;
7417;4;150;240;x;
7418;149;70;161;x;
7419;167;96;66;x;
7420;220;238;176;x;
7421;111;70;77;x;
7422;156;214;214;x;
7423;136;116;179;x;
7424;12;236;235;x;
7425;179;179;4;x;
7426;114;131;134;x;
7427;209;157;71;x;
7428;65;73;17;x;
7429;195;97;194;x;
7430;192;118;56;x;
7431;247;47;187;x;
7432;60;241;105;x;
7433;246;81;16;x;
7434;228;245;109;x;
7435;155;150;195;x;
7436;211;225;110;x;
7437;148;185;148;x;
7438;185;182;103;x;
7439;61;188;132;x;
7440;44;99;249;x;
7441;185;206;207;x;
7442;227;201;18;x;
7443;0;166;76;x;
7444;35;127;6;x;
7445;189;195;53;x;
7446;249;199;99;x;
7447;209;138;220;x;
7448;13;247;242;x;
7449;16;204;83;x;
7450;140;79;222;x;
7451;198;131;190;x;
7452;235;92;95;x;
7453;64;199;84;x;
7454;199;126;149;x;
7455;168;157;118;x;
7456;221;132;21;x;
7457;212;149;238;x;
7458;182;42;109;x;
7459;253;186;175;x;
7460;155;81;94;x;
7461;236;19;173;x;
7462;89;7;72;x;
7463;64;18;75;x;
7464;103;109;103;x;
7465;219;84;26;x;
7466;80;249;120;x;
7467;103;36;34;x;
7468;116;173;213;x;
7469;31;88;59;x;
7470;63;59;196;x;
7471;179;108;72;x;
7472;172;96;212;x;
7473;112;80;46;x;
7474;169;112;109;x;
7475;1;42;110;x;
7476;24;176;162;x;
7477;13;46;39;x;
7478;28;207;211;x;
7479;248;97;26;x;
7480;186;91;170;x;
7481;136;210;242;x;
7482;35;242;202;x;
7483;107;126;151;x;
7484;141;178;13;x;
7485;109;235;243;x;
7486;211;156;42;x;
7487;150;18;46;x;
7488;127;1;83;x;
7489;67;152;6;x;
7490;58;39;92;x;
7491;230;73;201;x;
7492;28;5;166;x;
7493;158;28;250;x;
7494;11;216;31;x;
7495;146;97;138;x;
7496;54;47;66;x;
7497;6;154;66;x;
7498;120;59;48;x;
7499;127;44;39;x;
7500;158;185;147;x;
7501;39;200;223;x;
7502;75;73;5;x;
7503;65;20;113;x;
7504;216;218;241;x;
7505;19;87;138;x;
7506;117;40;129;x;
7507;67;231;0;x;
7508;126;241;202;x;
7509;225;166;132;x;
7510;39;195;243;x;
7511;208;125;49;x;
7512;66;13;180;x;
7513;80;57;69;x;
7514;20;23;104;x;
7515;252;172;39;x;
7516;169;149;9;x;
7517;161;168;238;x;
7518;241;71;55;x;
7519;146;58;204;x;
7520;213;57;229;x;
7521;128;124;114;x;
7522;204;127;103;x;
7523;143;176;206;x;
7524;26;171;20;x;
7525;51;136;18;x;
7526;242;34;90;x;
7527;73;104;43;x;
7528;227;183;236;x;
7529;100;172;131;x;
7530;169;98;198;x;
7531;65;13;227;x;
7532;1;164;201;x;
7533;192;222;128;x;
7534;56;187;214;x;
7535;246;233;242;x;
7536;230;186;29;x;
7537;130;82;20;x;
7538;64;158;143;x;
7539;167;10;184;x;
7540;207;217;27;x;
7541;68;205;188;x;
7542;205;193;67;x;
7543;134;5;21;x;
7544;41;40;83;x;
7545;43;178;32;x;
7546;64;0;113;x;
7547;200;160;52;x;
7548;81;230;118;x;
7549;59;146;127;x;
7550;77;234;219;x;
7551;142;187;36;x;
7552;86;191;44;x;
7553;185;209;190;x;
7554;168;84;2;x;
7555;213;133;170;x;
7556;138;43;21;x;
7557;22;141;15;x;
7558;90;250;108;x;
7559;117;221;186;x;
7560;43;130;235;x;
7561;69;229;40;x;
7562;84;32;193;x;
7563;44;10;217;x;
7564;201;139;112;x;
7565;5;67;133;x;
7566;114;138;173;x;
7567;160;73;21;x;
7568;162;153;33;x;
7569;193;173;113;x;
7570;122;59;130;x;
7571;158;54;230;x;
7572;249;248;49;x;
7573;145;141;75;x;
7574;194;77;228;x;
7575;89;229;110;x;
7576;147;178;200;x;
7577;215;97;92;x;
7578;109;29;85;x;
7579;76;252;128;x;
7580;194;158;102;x;
7581;189;201;65;x;
7582;155;184;137;x;
7583;210;74;218;x;
7584;116;116;249;x;
7585;175;243;183;x;
7586;165;100;108;x;
7587;123;253;117;x;
7588;121;142;224;x;
7589;97;166;123;x;
7590;245;67;101;x;
7591;156;205;154;x;
7592;152;209;26;x;
7593;182;62;65;x;
7594;9;144;2;x;
7595;223;16;254;x;
7596;206;172;99;x;
7597;102;30;226;x;
7598;176;177;161;x;
7599;199;124;77;x;
7600;146;19;219;x;
7601;208;242;210;x;
7602;172;242;75;x;
7603;210;51;155;x;
7604;242;89;76;x;
7605;209;81;111;x;
7606;65;224;41;x;
7607;188;112;216;x;
7608;0;129;171;x;
7609;210;114;20;x;
7610;3;225;95;x;
7611;105;164;29;x;
7612;44;15;215;x;
7613;26;107;197;x;
7614;244;27;107;x;
7615;228;226;193;x;
7616;33;56;111;x;
7617;86;200;157;x;
7618;160;203;202;x;
7619;75;8;210;x;
7620;197;131;164;x;
7621;80;34;102;x;
7622;19;204;203;x;
7623;50;205;136;x;
7624;216;157;14;x;
7625;124;233;204;x;
7626;32;239;148;x;
7627;102;216;191;x;
7628;33;68;167;x;
7629;45;131;50;x;
7630;244;231;117;x;
7631;38;84;149;x;
7632;221;169;158;x;
7633;205;40;180;x;
7634;90;222;100;x;
7635;149;126;113;x;
7636;198;71;154;x;
7637;71;80;211;x;
7638;51;80;243;x;
7639;188;99;255;x;
7640;167;100;30;x;
7641;11;127;173;x;
7642;218;112;238;x;
7643;53;147;62;x;
7644;198;190;9;x;
7645;143;121;22;x;
7646;84;247;248;x;
7647;21;202;116;x;
7648;21;154;148;x;
7649;150;128;32;x;
7650;150;207;32;x;
7651;75;249;122;x;
7652;127;47;255;x;
7653;115;18;69;x;
7654;70;3;231;x;
7655;89;203;224;x;
7656;72;197;22;x;
7657;186;17;45;x;
7658;146;108;149;x;
7659;70;22;254;x;
7660;238;252;3;x;
7661;89;224;89;x;
7662;3;65;187;x;
7663;155;227;94;x;
7664;131;250;191;x;
7665;177;59;105;x;
7666;28;116;216;x;
7667;44;132;212;x;
7668;10;160;235;x;
7669;210;9;236;x;
7670;60;135;216;x;
7671;138;234;233;x;
7672;48;38;80;x;
7673;67;73;206;x;
7674;146;135;204;x;
7675;79;186;254;x;
7676;201;132;235;x;
7677;213;100;17;x;
7678;18;107;95;x;
7679;31;69;254;x;
7680;111;235;246;x;
7681;199;224;149;x;
7682;156;154;83;x;
7683;68;178;45;x;
7684;137;103;88;x;
7685;143;88;100;x;
7686;207;3;237;x;
7687;62;175;90;x;
7688;244;171;90;x;
7689;235;40;223;x;
7690;80;194;143;x;
7691;136;119;83;x;
7692;233;49;190;x;
7693;140;158;73;x;
7694;207;168;139;x;
7695;186;255;177;x;
7696;4;156;39;x;
7697;169;101;63;x;
7698;64;2;255;x;
7699;159;94;72;x;
7700;147;195;102;x;
7701;80;84;209;x;
7702;253;120;91;x;
7703;199;33;23;x;
7704;172;141;216;x;
7705;217;168;211;x;
7706;217;66;192;x;
7707;194;159;19;x;
7708;69;64;107;x;
7709;151;207;164;x;
7710;204;54;233;x;
7711;237;169;95;x;
7712;204;126;236;x;
7713;128;97;53;x;
7714;51;196;16;x;
7715;11;68;193;x;
7716;141;204;225;x;
7717;14;74;112;x;
7718;190;235;89;x;
7719;178;222;65;x;
7720;88;116;146;x;
7721;23;70;92;x;
7722;184;29;202;x;
7723;98;34;246;x;
7724;106;40;203;x;
7725;244;201;174;x;
7726;39;114;110;x;
7727;222;45;113;x;
7728;251;23;53;x;
7729;210;33;66;x;
7730;186;105;105;x;
7731;116;27;78;x;
7732;49;112;172;x;
7733;190;29;112;x;
7734;114;91;178;x;
7735;115;173;39;x;
7736;120;158;152;x;
7737;97;161;119;x;
7738;154;94;168;x;
7739;213;32;38;x;
7740;67;105;9;x;
7741;203;196;16;x;
7742;83;142;15;x;
7743;196;161;104;x;
7744;188;250;244;x;
7745;48;22;128;x;
7746;232;13;64;x;
7747;255;87;107;x;
7748;11;163;196;x;
7749;64;55;200;x;
7750;243;1;4;x;
7751;43;129;195;x;
7752;216;59;232;x;
7753;237;138;17;x;
7754;112;209;78;x;
7755;252;76;119;x;
7756;65;127;234;x;
7757;102;136;168;x;
7758;247;10;197;x;
7759;218;99;54;x;
7760;205;200;10;x;
7761;223;121;122;x;
7762;200;127;86;x;
7763;178;68;221;x;
7764;29;226;29;x;
7765;25;128;48;x;
7766;81;86;168;x;
7767;200;227;71;x;
7768;164;188;143;x;
7769;97;140;83;x;
7770;64;51;188;x;
7771;179;222;197;x;
7772;105;187;157;x;
7773;214;246;9;x;
7774;6;66;192;x;
7775;230;214;136;x;
7776;16;13;17;x;
7777;231;35;58;x;
7778;117;69;34;x;
7779;154;196;117;x;
7780;50;191;241;x;
7781;87;38;232;x;
7782;167;150;180;x;
7783;110;152;242;x;
7784;93;14;107;x;
7785;209;124;206;x;
7786;245;226;153;x;
7787;236;178;103;x;
7788;149;130;172;x;
7789;81;184;97;x;
7790;245;146;228;x;
7791;172;188;165;x;
7792;149;188;246;x;
7793;42;93;199;x;
7794;20;160;184;x;
7795;175;138;84;x;
7796;10;80;233;x;
7797;121;199;234;x;
7798;165;229;211;x;
7799;190;51;69;x;
7800;255;50;12;x;
7801;20;26;238;x;
7802;100;9;6;x;
7803;141;208;153;x;
7804;195;4;170;x;
7805;128;51;235;x;
7806;247;210;31;x;
7807;91;183;248;x;
7808;93;182;235;x;
7809;158;140;173;x;
7810;38;185;74;x;
7811;117;121;104;x;
7812;228;112;87;x;
7813;107;161;87;x;
7814;119;215;149;x;
7815;180;208;254;x;
7816;143;179;80;x;
7817;161;221;134;x;
7818;132;88;218;x;
7819;5;186;78;x;
7820;81;184;162;x;
7821;153;43;175;x;
7822;163;172;88;x;
7823;181;38;37;x;
7824;35;176;30;x;
7825;5;59;106;x;
7826;123;188;207;x;
7827;54;233;230;x;
7828;22;195;105;x;
7829;158;195;55;x;
7830;249;150;120;x;
7831;6;193;127;x;
7832;159;85;245;x;
7833;206;153;60;x;
7834;149;93;74;x;
7835;249;171;39;x;
7836;149;53;18;x;
7837;127;193;45;x;
7838;169;58;102;x;
7839;232;199;148;x;
7840;238;14;6;x;
7841;123;103;34;x;
7842;0;228;184;x;
7843;99;25;88;x;
7844;219;29;205;x;
7845;192;1;189;x;
7846;97;196;130;x;
7847;192;245;215;x;
7848;4;213;154;x;
7849;143;244;54;x;
7850;49;63;97;x;
7851;254;75;168;x;
7852;97;96;139;x;
7853;183;179;80;x;
7854;252;92;59;x;
7855;154;216;82;x;
7856;203;99;150;x;
7857;106;206;187;x;
7858;148;31;56;x;
7859;210;194;36;x;
7860;249;185;82;x;
7861;217;85;191;x;
7862;12;96;68;x;
7863;35;16;244;x;
7864;68;57;51;x;
7865;67;74;233;x;
7866;34;136;247;x;
7867;70;183;250;x;
7868;111;48;26;x;
7869;94;69;13;x;
7870;39;30;207;x;
7871;123;185;80;x;
7872;19;159;251;x;
7873;89;41;130;x;
7874;87;76;221;x;
7875;136;31;39;x;
7876;140;155;27;x;
7877;100;107;11;x;
7878;100;126;80;x;
7879;31;242;82;x;
7880;220;42;205;x;
7881;62;233;38;x;
7882;207;183;36;x;
7883;116;124;133;x;
7884;118;152;83;x;
7885;48;82;200;x;
7886;81;176;30;x;
7887;94;48;137;x;
7888;13;159;121;x;
7889;150;2;152;x;
7890;122;186;116;x;
7891;151;30;124;x;
7892;138;114;243;x;
7893;94;28;119;x;
7894;101;176;16;x;
7895;236;189;48;x;
7896;139;76;111;x;
7897;230;233;14;x;
7898;34;16;210;x;
7899;149;31;39;x;
7900;29;97;173;x;
7901;114;125;30;x;
7902;192;53;96;x;
7903;109;31;142;x;
7904;195;89;83;x;
7905;37;110;247;x;
7906;135;103;97;x;
7907;171;30;253;x;
7908;28;61;52;x;
7909;145;59;173;x;
7910;193;231;17;x;
7911;223;95;88;x;
7912;63;224;22;x;
7913;255;2;173;x;
7914;245;151;55;x;
7915;185;236;19;x;
7916;85;45;212;x;
7917;41;145;235;x;
7918;180;59;188;x;
7919;86;71;207;x;
7920;248;146;111;x;
7921;241;243;112;x;
7922;98;20;99;x;
7923;92;184;179;x;
7924;198;218;204;x;
7925;26;68;185;x;
7926;45;170;182;x;
7927;159;238;11;x;
7928;203;152;57;x;
7929;119;104;242;x;
7930;233;254;115;x;
7931;185;174;224;x;
7932;162;147;149;x;
7933;73;112;28;x;
7934;108;152;117;x;
7935;101;38;52;x;
7936;130;248;214;x;
7937;162;53;132;x;
7938;64;120;59;x;
7939;152;247;130;x;
7940;126;225;36;x;
7941;45;71;39;x;
7942;89;200;29;x;
7943;140;227;136;x;
7944;121;115;136;x;
7945;194;28;76;x;
7946;137;221;158;x;
7947;182;92;14;x;
7948;89;82;97;x;
7949;137;161;115;x;
7950;104;72;148;x;
7951;145;20;247;x;
7952;246;123;106;x;
7953;28;110;60;x;
7954;0;209;70;x;
7955;252;68;231;x;
7956;253;219;10;x;
7957;224;18;165;x;
7958;106;37;129;x;
7959;177;121;63;x;
7960;187;57;127;x;
7961;244;153;59;x;
7962;158;84;184;x;
7963;247;200;144;x;
7964;189;155;212;x;
7965;128;204;78;x;
7966;192;37;82;x;
7967;155;94;11;x;
7968;165;253;252;x;
7969;142;202;71;x;
7970;193;71;116;x;
7971;26;209;68;x;
7972;53;194;112;x;
7973;250;47;197;x;
7974;137;187;181;x;
7975;10;142;0;x;
7976;50;247;191;x;
7977;216;162;48;x;
7978;28;70;161;x;
7979;111;92;55;x;
7980;13;159;218;x;
7981;175;236;191;x;
7982;249;175;213;x;
7983;139;8;63;x;
7984;11;221;59;x;
7985;123;206;68;x;
7986;72;95;84;x;
7987;181;206;31;x;
7988;160;130;144;x;
7989;159;166;78;x;
7990;63;237;133;x;
7991;33;63;218;x;
7992;213;255;239;x;
7993;147;178;18;x;
7994;186;184;127;x;
7995;1;117;183;x;
7996;32;108;94;x;
7997;98;253;43;x;
7998;240;228;34;x;
7999;19;142;105;x;
8000;173;103;87;x;
8001;135;233;67;x;
8002;118;215;37;x;
8003;66;104;203;x;
8004;163;227;4;x;
8005;28;137;236;x;
8006;111;184;76;x;
8007;153;211;19;x;
8008;47;185;143;x;
8009;0;105;19;x;
8010;181;131;162;x;
8011;195;10;48;x;
8012;170;96;74;x;
8013;86;222;81;x;
8014;4;57;4;x;
8015;181;147;96;x;
8016;168;152;113;x;
8017;222;103;181;x;
8018;97;233;7;x;
8019;58;86;127;x;
8020;163;141;124;x;
8021;111;133;234;x;
8022;78;29;81;x;
8023;219;42;37;x;
8024;36;106;86;x;
8025;254;58;118;x;
8026;234;213;254;x;
8027;32;197;43;x;
8028;137;24;80;x;
8029;175;200;4;x;
8030;214;99;138;x;
8031;72;95;107;x;
8032;218;26;75;x;
8033;147;63;161;x;
8034;185;69;185;x;
8035;186;100;230;x;
8036;149;129;50;x;
8037;95;69;216;x;
8038;36;188;206;x;
8039;133;218;35;x;
8040;110;181;195;x;
8041;208;21;116;x;
8042;238;37;231;x;
8043;108;237;133;x;
8044;212;46;234;x;
8045;213;164;57;x;
8046;192;65;219;x;
8047;67;52;66;x;
8048;54;23;246;x;
8049;58;60;160;x;
8050;143;217;239;x;
8051;252;91;108;x;
8052;248;122;137;x;
8053;220;31;161;x;
8054;221;89;229;x;
8055;213;74;135;x;
8056;48;143;193;x;
8057;198;182;236;x;
8058;11;250;223;x;
8059;197;108;37;x;
8060;110;31;168;x;
8061;49;177;75;x;
8062;8;32;220;x;
8063;129;231;29;x;
8064;178;63;32;x;
8065;92;195;253;x;
8066;197;211;132;x;
8067;74;252;99;x;
8068;199;70;59;x;
8069;250;208;88;x;
8070;110;129;188;x;
8071;185;9;61;x;
8072;234;199;34;x;
8073;69;126;197;x;
8074;152;6;44;x;
8075;99;73;225;x;
8076;191;14;143;x;
8077;52;113;92;x;
8078;76;85;87;x;
8079;205;119;127;x;
8080;209;194;8;x;
8081;245;253;94;x;
8082;215;45;171;x;
8083;253;168;237;x;
8084;186;3;159;x;
8085;205;145;50;x;
8086;69;249;18;x;
8087;4;93;22;x;
8088;233;147;251;x;
8089;216;197;150;x;
8090;191;156;21;x;
8091;34;180;90;x;
8092;155;244;115;x;
8093;139;158;9;x;
8094;52;29;74;x;
8095;239;177;17;x;
8096;211;148;205;x;
8097;205;182;213;x;
8098;91;27;149;x;
8099;25;197;202;x;
8100;86;33;29;x;
8101;28;146;44;x;
8102;200;111;108;x;
8103;235;251;179;x;
8104;28;131;129;x;
8105;121;53;164;x;
8106;10;249;127;x;
8107;199;136;143;x;
8108;212;4;226;x;
8109;219;54;176;x;
8110;48;244;57;x;
8111;154;82;12;x;
8112;216;187;61;x;
8113;125;244;127;x;
8114;225;53;187;x;
8115;3;194;65;x;
8116;158;28;30;x;
8117;77;158;39;x;
8118;170;169;29;x;
8119;91;84;207;x;
8120;52;147;193;x;
8121;252;160;167;x;
8122;215;69;131;x;
8123;201;48;199;x;
8124;47;141;72;x;
8125;225;25;70;x;
8126;226;70;233;x;
8127;252;102;182;x;
8128;23;201;0;x;
8129;18;96;225;x;
8130;96;180;184;x;
8131;131;243;180;x;
8132;88;2;68;x;
8133;138;123;195;x;
8134;10;196;63;x;
8135;113;52;224;x;
8136;80;193;154;x;
8137;174;77;35;x;
8138;106;144;59;x;
8139;200;142;185;x;
8140;192;20;126;x;
8141;203;176;13;x;
8142;239;255;245;x;
8143;199;139;116;x;
8144;174;134;204;x;
8145;62;92;10;x;
8146;33;151;153;x;
8147;61;127;102;x;
8148;164;211;142;x;
8149;4;115;147;x;
8150;201;236;201;x;
8151;83;17;201;x;
8152;115;140;168;x;
8153;32;87;139;x;
8154;186;160;84;x;
8155;67;74;182;x;
8156;6;160;23;x;
8157;140;146;168;x;
8158;84;109;157;x;
8159;8;20;154;x;
8160;141;122;53;x;
8161;158;151;108;x;
8162;255;95;73;x;
8163;199;34;220;x;
8164;43;103;160;x;
8165;103;255;232;x;
8166;20;142;96;x;
8167;123;9;64;x;
8168;18;9;181;x;
8169;171;210;8;x;
8170;251;238;228;x;
8171;217;129;81;x;
8172;146;34;136;x;
8173;50;47;251;x;
8174;234;58;143;x;
8175;17;38;180;x;
8176;147;47;210;x;
8177;191;14;13;x;
8178;92;76;143;x;
8179;186;119;68;x;
8180;217;105;250;x;
8181;167;4;188;x;
8182;244;221;101;x;
8183;154;135;126;x;
8184;160;144;59;x;
8185;133;3;237;x;
8186;177;202;5;x;
8187;34;211;51;x;
8188;51;31;59;x;
8189;130;167;29;x;
8190;56;227;180;x;
8191;130;249;198;x;
8192;194;153;8;x;
8193;191;191;148;x;
8194;144;182;191;x;
8195;92;117;82;x;
8196;231;34;108;x;
8197;228;128;47;x;
8198;162;247;163;x;
8199;37;25;70;x;
8200;194;192;138;x;
8201;60;39;219;x;
8202;86;246;124;x;
8203;119;33;92;x;
8204;80;65;157;x;
8205;18;247;226;x;
8206;95;241;136;x;
8207;80;111;85;x;
8208;160;188;47;x;
8209;243;180;66;x;
8210;229;89;127;x;
8211;152;16;244;x;
8212;141;209;29;x;
8213;243;111;69;x;
8214;129;63;74;x;
8215;132;156;62;x;
8216;244;226;229;x;
8217;53;38;206;x;
8218;52;28;176;x;
8219;174;241;198;x;
8220;196;45;2;x;
8221;18;220;95;x;
8222;84;216;170;x;
8223;89;227;4;x;
8224;26;134;70;x;
8225;241;117;34;x;
8226;191;75;0;x;
8227;199;56;132;x;
8228;65;254;56;x;
8229;141;203;208;x;
8230;159;238;177;x;
8231;226;95;157;x;
8232;49;202;46;x;
8233;19;196;182;x;
8234;119;44;4;x;
8235;212;167;79;x;
8236;65;130;143;x;
8237;19;221;87;x;
8238;189;99;90;x;
8239;202;197;79;x;
8240;198;203;134;x;
8241;7;114;43;x;
8242;205;47;215;x;
8243;57;33;204;x;
8244;90;86;139;x;
8245;246;214;122;x;
8246;228;221;80;x;
8247;224;255;165;x;
8248;173;81;126;x;
8249;55;85;77;x;
8250;81;81;153;x;
8251;195;151;233;x;
8252;226;31;139;x;
8253;13;113;163;x;
8254;248;242;217;x;
8255;134;29;89;x;
8256;213;67;219;x;
8257;139;178;161;x;
8258;112;72;156;x;
8259;145;115;82;x;
8260;26;230;88;x;
8261;179;71;89;x;
8262;188;163;248;x;
8263;200;144;77;x;
8264;211;80;131;x;
8265;125;133;214;x;
8266;64;151;89;x;
8267;184;190;115;x;
8268;191;235;150;x;
8269;206;251;185;x;
8270;89;117;29;x;
8271;44;185;161;x;
8272;169;13;45;x;
8273;14;202;84;x;
8274;76;32;141;x;
8275;82;155;105;x;
8276;244;192;149;x;
8277;13;18;150;x;
8278;28;127;119;x;
8279;45;26;187;x;
8280;59;127;188;x;
8281;247;134;27;x;
8282;156;201;215;x;
8283;140;65;130;x;
8284;192;190;162;x;
8285;216;105;27;x;
8286;79;78;91;x;
8287;86;222;185;x;
8288;212;5;204;x;
8289;172;206;182;x;
8290;215;238;186;x;
8291;9;91;136;x;
8292;205;242;187;x;
8293;62;242;106;x;
8294;30;156;10;x;
8295;131;102;117;x;
8296;119;152;76;x;
8297;122;86;156;x;
8298;43;202;131;x;
8299;4;246;75;x;
8300;150;90;111;x;
8301;64;11;222;x;
8302;34;227;184;x;
8303;246;211;132;x;
8304;184;121;118;x;
8305;38;218;217;x;
8306;223;119;70;x;
8307;143;153;59;x;
8308;148;25;240;x;
8309;254;179;231;x;
8310;103;254;232;x;
8311;121;161;72;x;
8312;84;181;70;x;
8313;218;244;152;x;
8314;226;68;21;x;
8315;213;218;254;x;
8316;19;229;228;x;
8317;163;38;146;x;
8318;5;109;230;x;
8319;129;161;56;x;
8320;54;239;55;x;
8321;71;11;9;x;
8322;48;46;36;x;
8323;80;144;66;x;
8324;155;191;168;x;
8325;191;177;167;x;
8326;197;244;80;x;
8327;106;156;143;x;
8328;19;216;243;x;
8329;33;96;65;x;
8330;107;162;230;x;
8331;197;37;70;x;
8332;72;153;109;x;
8333;155;145;109;x;
8334;170;158;76;x;
8335;2;0;38;x;
8336;30;116;125;x;
8337;209;103;225;x;
8338;12;131;108;x;
8339;42;28;176;x;
8340;19;54;155;x;
8341;32;101;12;x;
8342;203;126;10;x;
8343;62;144;93;x;
8344;120;133;165;x;
8345;139;94;12;x;
8346;193;246;0;x;
8347;244;254;223;x;
8348;146;214;209;x;
8349;94;78;27;x;
8350;93;134;31;x;
8351;7;81;153;x;
8352;228;51;171;x;
8353;86;31;124;x;
8354;182;213;69;x;
8355;34;141;202;x;
8356;43;149;45;x;
8357;110;253;86;x;
8358;213;8;177;x;
8359;197;173;154;x;
8360;219;60;54;x;
8361;60;246;70;x;
8362;197;139;118;x;
8363;242;193;9;x;
8364;223;153;76;x;
8365;148;105;101;x;
8366;149;210;211;x;
8367;213;193;217;x;
8368;141;49;206;x;
8369;38;85;213;x;
8370;133;234;14;x;
8371;29;101;83;x;
8372;49;73;202;x;
8373;241;175;179;x;
8374;165;128;246;x;
8375;223;34;195;x;
8376;147;121;154;x;
8377;166;109;75;x;
8378;109;58;157;x;
8379;158;173;145;x;
8380;182;151;220;x;
8381;37;143;129;x;
8382;184;148;102;x;
8383;161;45;155;x;
8384;5;199;185;x;
8385;149;43;54;x;
8386;2;122;68;x;
8387;112;178;176;x;
8388;74;238;5;x;
8389;57;112;127;x;
8390;195;48;199;x;
8391;17;167;121;x;
8392;136;36;113;x;
8393;187;106;237;x;
8394;84;166;208;x;
8395;78;59;122;x;
8396;221;234;233;x;
8397;41;157;87;x;
8398;252;147;154;x;
8399;181;134;12;x;
8400;236;120;238;x;
8401;243;187;186;x;
8402;40;109;161;x;
8403;75;40;165;x;
8404;123;15;168;x;
8405;11;85;91;x;
8406;251;120;203;x;
8407;25;73;158;x;
8408;4;135;3;x;
8409;0;71;157;x;
8410;85;138;245;x;
8411;136;174;57;x;
8412;11;185;63;x;
8413;33;9;255;x;
8414;72;42;149;x;
8415;224;85;106;x;
8416;9;37;98;x;
8417;143;111;48;x;
8418;104;54;205;x;
8419;131;57;11;x;
8420;149;82;75;x;
8421;131;194;217;x;
8422;15;140;238;x;
8423;41;64;242;x;
8424;191;41;183;x;
8425;28;154;209;x;
8426;38;43;139;x;
8427;251;94;51;x;
8428;108;200;43;x;
8429;227;196;153;x;
8430;91;177;43;x;
8431;203;188;143;x;
8432;84;218;39;x;
8433;226;160;87;x;
8434;170;187;38;x;
8435;186;1;229;x;
8436;52;176;56;x;
8437;29;15;188;x;
8438;110;37;227;x;
8439;62;39;70;x;
8440;151;251;105;x;
8441;54;47;125;x;
8442;176;225;173;x;
8443;58;71;26;x;
8444;123;39;177;x;
8445;6;114;48;x;
8446;242;126;204;x;
8447;28;193;28;x;
8448;63;79;131;x;
8449;176;229;184;x;
8450;231;238;76;x;
8451;179;53;250;x;
8452;242;23;213;x;
8453;60;189;222;x;
8454;232;206;127;x;
8455;27;16;174;x;
8456;139;47;165;x;
8457;203;36;195;x;
8458;70;85;51;x;
8459;187;80;35;x;
8460;187;96;211;x;
8461;182;51;81;x;
8462;59;119;217;x;
8463;4;99;13;x;
8464;246;47;30;x;
8465;101;57;195;x;
8466;166;155;228;x;
8467;37;253;247;x;
8468;235;42;190;x;
8469;120;192;134;x;
8470;76;172;200;x;
8471;63;130;92;x;
8472;88;67;240;x;
8473;155;12;167;x;
8474;203;174;82;x;
8475;138;33;94;x;
8476;71;207;188;x;
8477;224;78;38;x;
8478;162;166;90;x;
8479;252;190;186;x;
8480;23;67;206;x;
8481;43;128;114;x;
8482;12;210;99;x;
8483;19;115;173;x;
8484;38;227;211;x;
8485;171;7;210;x;
8486;73;97;89;x;
8487;211;65;6;x;
8488;160;200;74;x;
8489;129;165;179;x;
8490;28;154;151;x;
8491;224;57;116;x;
8492;175;235;178;x;
8493;29;95;48;x;
8494;110;136;239;x;
8495;187;35;168;x;
8496;56;188;237;x;
8497;70;3;183;x;
8498;243;82;27;x;
8499;19;30;117;x;
8500;224;6;205;x;
8501;35;233;107;x;
8502;159;136;139;x;
8503;76;28;9;x;
8504;42;38;222;x;
8505;35;22;120;x;
8506;24;184;55;x;
8507;235;89;213;x;
8508;246;188;195;x;
8509;221;233;94;x;
8510;118;21;89;x;
8511;56;175;95;x;
8512;15;47;25;x;
8513;23;182;32;x;
8514;148;233;41;x;
8515;179;21;204;x;
8516;40;39;52;x;
8517;224;233;188;x;
8518;150;18;167;x;
8519;213;124;192;x;
8520;104;142;21;x;
8521;20;131;153;x;
8522;18;41;214;x;
8523;146;253;149;x;
8524;233;250;140;x;
8525;149;230;213;x;
8526;150;70;128;x;
8527;207;113;71;x;
8528;42;157;179;x;
8529;105;44;163;x;
8530;38;94;60;x;
8531;154;55;97;x;
8532;226;166;179;x;
8533;228;190;141;x;
8534;16;189;144;x;
8535;195;169;181;x;
8536;92;217;209;x;
8537;139;174;30;x;
8538;155;118;191;x;
8539;177;172;226;x;
8540;137;146;139;x;
8541;193;255;231;x;
8542;16;231;221;x;
8543;243;44;35;x;
8544;225;173;175;x;
8545;29;243;216;x;
8546;39;155;157;x;
8547;150;155;183;x;
8548;211;119;95;x;
8549;162;227;190;x;
8550;28;59;26;x;
8551;183;196;80;x;
8552;243;87;168;x;
8553;118;224;99;x;
8554;180;139;181;x;
8555;72;54;212;x;
8556;31;178;232;x;
8557;66;105;9;x;
8558;187;144;21;x;
8559;48;16;91;x;
8560;47;8;161;x;
8561;35;255;193;x;
8562;170;184;29;x;
8563;179;136;53;x;
8564;230;18;7;x;
8565;192;98;3;x;
8566;212;217;230;x;
8567;127;199;7;x;
8568;62;54;117;x;
8569;238;112;32;x;
8570;49;199;71;x;
8571;252;15;105;x;
8572;91;251;248;x;
8573;117;32;115;x;
8574;94;174;97;x;
8575;188;248;30;x;
8576;232;97;84;x;
8577;2;227;47;x;
8578;142;236;211;x;
8579;208;180;70;x;
8580;139;248;139;x;
8581;160;147;227;x;
8582;156;165;82;x;
8583;10;47;88;x;
8584;147;43;140;x;
8585;245;174;51;x;
8586;162;55;37;x;
8587;57;245;29;x;
8588;254;217;152;x;
8589;62;101;29;x;
8590;92;21;129;x;
8591;16;226;211;x;
8592;228;66;220;x;
8593;235;160;181;x;
8594;0;11;88;x;
8595;240;94;94;x;
8596;75;168;174;x;
8597;74;80;236;x;
8598;80;93;37;x;
8599;200;5;242;x;
8600;74;243;254;x;
8601;124;67;172;x;
8602;40;22;202;x;
8603;166;171;66;x;
8604;251;51;163;x;
8605;105;208;160;x;
8606;46;231;64;x;
8607;248;76;175;x;
8608;157;45;212;x;
8609;218;24;90;x;
8610;68;27;122;x;
8611;209;217;243;x;
8612;216;53;173;x;
8613;254;23;171;x;
8614;97;55;224;x;
8615;239;214;161;x;
8616;66;35;67;x;
8617;255;71;248;x;
8618;201;4;211;x;
8619;117;115;205;x;
8620;27;207;212;x;
8621;32;60;221;x;
8622;87;4;126;x;
8623;132;248;223;x;
8624;250;108;123;x;
8625;51;164;165;x;
8626;170;83;130;x;
8627;135;183;200;x;
8628;118;244;248;x;
8629;236;203;44;x;
8630;6;36;159;x;
8631;153;84;35;x;
8632;232;78;18;x;
8633;168;124;40;x;
8634;81;114;227;x;
8635;244;172;225;x;
8636;203;71;98;x;
8637;155;52;153;x;
8638;144;66;66;x;
8639;136;9;28;x;
8640;47;188;236;x;
8641;143;118;67;x;
8642;204;86;121;x;
8643;158;241;29;x;
8644;185;47;239;x;
8645;132;140;38;x;
8646;68;105;55;x;
8647;107;25;180;x;
8648;181;35;185;x;
8649;43;96;15;x;
8650;58;100;6;x;
8651;61;150;44;x;
8652;254;12;239;x;
8653;32;53;89;x;
8654;242;233;95;x;
8655;250;105;38;x;
8656;124;48;221;x;
8657;79;247;67;x;
8658;105;171;189;x;
8659;62;50;101;x;
8660;65;70;2;x;
8661;129;92;191;x;
8662;114;251;247;x;
8663;16;215;235;x;
8664;239;198;100;x;
8665;219;91;12;x;
8666;80;141;65;x;
8667;195;51;50;x;
8668;71;252;123;x;
8669;4;232;88;x;
8670;121;35;155;x;
8671;82;160;16;x;
8672;172;111;43;x;
8673;85;90;175;x;
8674;114;124;202;x;
8675;191;108;143;x;
8676;36;249;217;x;
8677;26;177;168;x;
8678;149;229;227;x;
8679;214;193;68;x;
8680;34;180;122;x;
8681;11;31;197;x;
8682;205;132;116;x;
8683;64;218;35;x;
8684;212;178;72;x;
8685;148;60;92;x;
8686;171;45;83;x;
8687;254;35;49;x;
8688;58;88;41;x;
8689;214;140;74;x;
8690;138;175;171;x;
8691;24;23;247;x;
8692;47;123;166;x;
8693;246;247;50;x;
8694;185;167;106;x;
8695;88;138;103;x;
8696;176;250;28;x;
8697;211;108;52;x;
8698;227;193;143;x;
8699;89;111;185;x;
8700;24;175;77;x;
8701;143;29;115;x;
8702;217;177;103;x;
8703;224;49;233;x;
8704;77;72;6;x;
8705;181;165;191;x;
8706;26;144;37;x;
8707;11;249;96;x;
8708;22;135;180;x;
8709;247;252;85;x;
8710;109;93;169;x;
8711;40;228;167;x;
8712;152;245;41;x;
8713;252;248;32;x;
8714;47;110;160;x;
8715;162;227;108;x;
8716;136;25;154;x;
8717;12;166;239;x;
8718;184;150;107;x;
8719;153;225;122;x;
8720;142;239;54;x;
8721;62;55;38;x;
8722;195;94;86;x;
8723;225;76;55;x;
8724;11;181;108;x;
8725;242;130;105;x;
8726;50;18;43;x;
8727;61;243;208;x;
8728;236;145;108;x;
8729;62;209;25;x;
8730;78;152;176;x;
8731;165;162;133;x;
8732;11;36;237;x;
8733;134;14;213;x;
8734;83;66;189;x;
8735;95;10;176;x;
8736;153;43;32;x;
8737;164;228;240;x;
8738;104;25;3;x;
8739;83;154;54;x;
8740;167;88;104;x;
8741;129;241;198;x;
8742;229;113;14;x;
8743;66;181;44;x;
8744;151;57;69;x;
8745;157;67;215;x;
8746;113;178;30;x;
8747;163;177;90;x;
8748;252;200;249;x;
8749;143;148;185;x;
8750;147;180;250;x;
8751;20;167;118;x;
8752;17;30;144;x;
8753;121;31;56;x;
8754;203;157;213;x;
8755;116;250;244;x;
8756;129;187;211;x;
8757;6;151;84;x;
8758;48;209;161;x;
8759;208;61;240;x;
8760;173;98;167;x;
8761;196;44;204;x;
8762;26;184;41;x;
8763;203;235;22;x;
8764;201;139;126;x;
8765;135;212;39;x;
8766;251;62;157;x;
8767;173;139;185;x;
8768;200;249;186;x;
8769;42;100;228;x;
8770;3;255;181;x;
8771;239;252;65;x;
8772;213;97;3;x;
8773;250;177;58;x;
8774;128;27;15;x;
8775;38;158;1;x;
8776;196;202;180;x;
8777;68;91;35;x;
8778;23;70;188;x;
8779;240;227;120;x;
8780;27;13;107;x;
8781;240;137;31;x;
8782;146;97;143;x;
8783;245;15;168;x;
8784;25;56;11;x;
8785;24;238;173;x;
8786;255;84;91;x;
8787;66;95;169;x;
8788;198;225;176;x;
8789;157;115;122;x;
8790;132;99;34;x;
8791;211;42;26;x;
8792;180;116;86;x;
8793;113;108;118;x;
8794;93;57;53;x;
8795;162;214;31;x;
8796;85;66;187;x;
8797;68;58;148;x;
8798;63;154;51;x;
8799;24;62;231;x;
8800;239;23;186;x;
8801;35;153;204;x;
8802;236;4;45;x;
8803;134;166;45;x;
8804;160;140;164;x;
8805;23;28;29;x;
8806;45;80;237;x;
8807;189;178;138;x;
8808;41;131;228;x;
8809;64;143;221;x;
8810;230;13;13;x;
8811;149;161;68;x;
8812;30;180;88;x;
8813;5;148;194;x;
8814;193;106;98;x;
8815;59;114;97;x;
8816;174;249;132;x;
8817;85;212;25;x;
8818;114;216;246;x;
8819;141;234;36;x;
8820;197;23;165;x;
8821;57;78;78;x;
8822;116;102;144;x;
8823;232;12;231;x;
8824;201;35;92;x;
8825;46;13;162;x;
8826;8;86;132;x;
8827;32;42;187;x;
8828;76;192;54;x;
8829;203;251;126;x;
8830;232;205;234;x;
8831;245;72;53;x;
8832;119;69;113;x;
8833;106;85;202;x;
8834;18;243;134;x;
8835;100;83;0;x;
8836;87;184;121;x;
8837;158;124;105;x;
8838;73;109;73;x;
8839;254;106;109;x;
8840;118;139;170;x;
8841;106;193;25;x;
8842;93;116;143;x;
8843;99;162;108;x;
8844;144;40;228;x;
8845;203;196;199;x;
8846;255;132;7;x;
8847;10;239;64;x;
8848;27;96;253;x;
8849;9;68;17;x;
8850;242;48;27;x;
8851;190;149;77;x;
8852;187;238;101;x;
8853;133;237;13;x;
8854;180;187;220;x;
8855;8;24;103;x;
8856;114;82;254;x;
8857;38;123;115;x;
8858;130;82;32;x;
8859;147;44;98;x;
8860;59;15;108;x;
8861;5;219;66;x;
8862;99;198;36;x;
8863;172;151;30;x;
8864;215;104;157;x;
8865;60;156;57;x;
8866;212;29;216;x;
8867;105;22;204;x;
8868;87;220;205;x;
8869;71;172;49;x;
8870;162;158;134;x;
8871;90;111;73;x;
8872;217;238;28;x;
8873;88;250;139;x;
8874;253;135;161;x;
8875;201;140;156;x;
8876;51;225;22;x;
8877;24;139;23;x;
8878;49;214;31;x;
8879;86;192;70;x;
8880;107;17;213;x;
8881;91;215;115;x;
8882;161;105;2;x;
8883;138;82;132;x;
8884;243;237;32;x;
8885;211;177;82;x;
8886;81;99;17;x;
8887;70;97;58;x;
8888;31;142;75;x;
8889;128;229;115;x;
8890;82;191;238;x;
8891;45;135;115;x;
8892;137;28;88;x;
8893;238;246;11;x;
8894;93;99;167;x;
8895;163;229;31;x;
8896;122;77;145;x;
8897;92;214;188;x;
8898;138;62;185;x;
8899;20;115;14;x;
8900;196;236;113;x;
8901;227;254;73;x;
8902;54;3;242;x;
8903;113;145;150;x;
8904;182;130;43;x;
8905;233;142;140;x;
8906;241;227;97;x;
8907;98;14;81;x;
8908;129;156;189;x;
8909;78;137;110;x;
8910;161;212;255;x;
8911;241;113;5;x;
8912;1;73;37;x;
8913;210;71;112;x;
8914;196;144;97;x;
8915;95;7;214;x;
8916;102;7;102;x;
8917;187;243;19;x;
8918;186;203;148;x;
8919;86;225;179;x;
8920;122;101;143;x;
8921;23;243;96;x;
8922;116;176;248;x;
8923;35;194;2;x;
8924;209;230;171;x;
8925;192;206;168;x;
8926;166;126;3;x;
8927;39;239;228;x;
8928;225;179;58;x;
8929;3;174;25;x;
8930;214;71;107;x;
8931;94;130;136;x;
8932;139;215;246;x;
8933;124;194;241;x;
8934;180;191;84;x;
8935;83;104;250;x;
8936;60;34;136;x;
8937;106;27;208;x;
8938;123;69;152;x;
8939;104;96;91;x;
8940;208;62;40;x;
8941;158;95;21;x;
8942;188;169;77;x;
8943;198;143;62;x;
8944;135;52;101;x;
8945;164;185;122;x;
8946;8;148;243;x;
8947;127;244;123;x;
8948;255;56;187;x;
8949;85;160;96;x;
8950;123;44;225;x;
8951;245;199;10;x;
8952;29;159;12;x;
8953;245;148;254;x;
8954;23;127;3;x;
8955;166;11;172;x;
8956;51;89;248;x;
8957;203;190;206;x;
8958;41;152;35;x;
8959;35;223;16;x;
8960;244;42;39;x;
8961;25;66;54;x;
8962;198;110;100;x;
8963;124;101;170;x;
8964;101;235;63;x;
8965;115;52;25;x;
8966;239;89;139;x;
8967;169;247;112;x;
8968;169;101;47;x;
8969;76;148;1;x;
8970;138;57;138;x;
8971;184;69;60;x;
8972;250;152;240;x;
8973;166;38;165;x;
8974;166;175;189;x;
8975;233;45;47;x;
8976;91;69;120;x;
8977;171;18;24;x;
8978;108;80;218;x;
8979;56;68;35;x;
8980;114;246;24;x;
8981;124;243;201;x;
8982;68;98;223;x;
8983;188;24;85;x;
8984;244;232;172;x;
8985;237;109;149;x;
8986;7;92;189;x;
8987;138;42;108;x;
8988;151;161;124;x;
8989;107;36;90;x;
8990;62;87;8;x;
8991;183;228;103;x;
8992;174;96;62;x;
8993;10;232;40;x;
8994;193;129;153;x;
8995;106;183;142;x;
8996;99;100;1;x;
8997;86;183;11;x;
8998;132;20;125;x;
8999;249;146;184;x;
9000;108;145;14;x;
9001;214;168;242;x;
9002;137;47;237;x;
9003;227;239;50;x;
9004;232;161;6;x;
9005;201;36;123;x;
9006;23;173;204;x;
9007;237;167;235;x;
9008;212;111;200;x;
9009;56;49;109;x;
9010;105;74;185;x;
9011;190;208;141;x;
9012;238;48;0;x;
9013;231;195;224;x;
9014;108;235;66;x;
9015;63;79;199;x;
9016;188;160;32;x;
9017;119;251;173;x;
9018;170;8;79;x;
9019;167;50;144;x;
9020;215;99;12;x;
9021;214;223;55;x;
9022;178;154;46;x;
9023;83;243;4;x;
9024;45;5;208;x;
9025;22;166;88;x;
9026;85;28;209;x;
9027;28;236;111;x;
9028;76;73;193;x;
9029;69;147;153;x;
9030;208;136;121;x;
9031;205;66;83;x;
9032;255;144;152;x;
9033;106;252;201;x;
9034;143;204;203;x;
9035;7;86;218;x;
9036;140;131;216;x;
9037;210;55;225;x;
9038;111;20;169;x;
9039;251;120;122;x;
9040;29;246;133;x;
9041;14;13;120;x;
9042;61;37;129;x;
9043;199;201;53;x;
9044;3;84;7;x;
9045;239;214;21;x;
9046;164;33;195;x;
9047;187;64;3;x;
9048;10;221;118;x;
9049;67;234;24;x;
9050;35;182;165;x;
9051;118;35;45;x;
9052;156;230;118;x;
9053;145;106;133;x;
9054;226;104;245;x;
9055;182;34;157;x;
9056;107;95;84;x;
9057;138;245;85;x;
9058;160;101;70;x;
9059;228;146;53;x;
9060;154;38;61;x;
9061;234;227;129;x;
9062;62;212;99;x;
9063;133;154;136;x;
9064;122;108;8;x;
9065;104;253;60;x;
9066;105;177;148;x;
9067;36;199;46;x;
9068;189;10;225;x;
9069;136;39;170;x;
9070;177;141;202;x;
9071;67;157;140;x;
9072;64;94;115;x;
9073;203;174;248;x;
9074;156;121;223;x;
9075;131;186;26;x;
9076;221;52;185;x;
9077;97;63;130;x;
9078;229;85;255;x;
9079;134;39;172;x;
9080;56;2;204;x;
9081;37;181;123;x;
9082;223;42;244;x;
9083;249;109;142;x;
9084;179;162;157;x;
9085;201;250;177;x;
9086;158;186;98;x;
9087;91;29;87;x;
9088;215;144;168;x;
9089;107;0;189;x;
9090;242;237;210;x;
9091;109;9;71;x;
9092;119;95;185;x;
9093;197;105;172;x;
9094;116;205;64;x;
9095;11;201;115;x;
9096;237;106;202;x;
9097;236;197;195;x;
9098;123;191;220;x;
9099;82;217;174;x;
9100;48;176;86;x;
9101;72;18;169;x;
9102;61;221;225;x;
9103;87;198;126;x;
9104;187;202;74;x;
9105;199;188;173;x;
9106;51;196;152;x;
9107;85;179;228;x;
9108;151;190;103;x;
9109;185;51;183;x;
9110;37;94;134;x;
9111;182;103;70;x;
9112;132;48;216;x;
9113;93;190;62;x;
9114;131;58;68;x;
9115;204;44;208;x;
9116;172;91;239;x;
9117;155;60;31;x;
9118;212;236;107;x;
9119;65;230;120;x;
9120;247;90;153;x;
9121;87;52;32;x;
9122;73;189;184;x;
9123;134;27;50;x;
9124;172;152;132;x;
9125;35;17;107;x;
9126;183;61;98;x;
9127;228;163;128;x;
9128;130;161;0;x;
9129;213;15;25;x;
9130;252;26;16;x;
9131;249;190;204;x;
9132;26;213;236;x;
9133;91;1;197;x;
9134;195;124;74;x;
9135;27;219;238;x;
9136;130;33;106;x;
9137;151;106;101;x;
9138;85;130;48;x;
9139;21;110;111;x;
9140;7;83;147;x;
9141;239;58;121;x;
9142;209;52;17;x;
9143;182;216;220;x;
9144;149;64;163;x;
9145;160;75;166;x;
9146;228;173;194;x;
9147;190;2;5;x;
9148;52;151;29;x;
9149;33;20;253;x;
9150;236;104;10;x;
9151;181;8;85;x;
9152;205;33;218;x;
9153;115;74;140;x;
9154;134;14;97;x;
9155;64;182;161;x;
9156;201;163;190;x;
9157;218;35;67;x;
9158;130;217;183;x;
9159;216;65;125;x;
9160;54;147;84;x;
9161;176;112;157;x;
9162;10;177;33;x;
9163;158;173;214;x;
9164;218;167;143;x;
9165;94;152;223;x;
9166;91;80;183;x;
9167;134;65;198;x;
9168;123;213;51;x;
9169;70;79;139;x;
9170;188;129;115;x;
9171;193;10;66;x;
9172;213;183;246;x;
9173;72;175;102;x;
9174;176;108;114;x;
9175;186;173;242;x;
9176;43;159;175;x;
9177;215;126;74;x;
9178;201;68;182;x;
9179;58;66;39;x;
9180;90;92;57;x;
9181;228;125;174;x;
9182;252;155;4;x;
9183;79;29;57;x;
9184;171;52;50;x;
9185;223;158;34;x;
9186;168;96;126;x;
9187;233;178;148;x;
9188;17;1;2;x;
9189;154;217;43;x;
9190;230;132;131;x;
9191;245;173;240;x;
9192;157;103;29;x;
9193;131;15;72;x;
9194;72;246;47;x;
9195;50;65;172;x;
9196;151;54;247;x;
9197;102;5;238;x;
9198;225;138;234;x;
9199;67;14;15;x;
9200;60;171;242;x;
9201;92;23;181;x;
9202;242;202;3;x;
9203;128;183;46;x;
9204;1;178;234;x;
9205;73;128;121;x;
9206;150;87;190;x;
9207;243;80;234;x;
9208;176;226;245;x;
9209;126;145;75;x;
9210;141;58;202;x;
9211;16;130;120;x;
9212;97;179;59;x;
9213;190;144;62;x;
9214;157;77;250;x;
9215;73;125;88;x;
9216;182;16;95;x;
9217;37;185;229;x;
9218;157;45;186;x;
9219;217;71;178;x;
9220;144;123;139;x;
9221;16;214;174;x;
9222;106;41;253;x;
9223;80;92;93;x;
9224;78;215;137;x;
9225;193;39;220;x;
9226;42;17;10;x;
9227;212;175;203;x;
9228;184;5;63;x;
9229;56;154;33;x;
9230;5;40;194;x;
9231;32;142;25;x;
9232;53;58;110;x;
9233;127;224;233;x;
9234;222;166;48;x;
9235;12;198;200;x;
9236;8;49;82;x;
9237;208;202;21;x;
9238;221;141;6;x;
9239;82;215;101;x;
9240;239;16;51;x;
9241;177;15;74;x;
9242;208;173;53;x;
9243;175;24;145;x;
9244;0;167;31;x;
9245;183;164;192;x;
9246;46;25;153;x;
9247;117;199;89;x;
9248;54;140;118;x;
9249;230;199;192;x;
9250;119;131;236;x;
9251;179;246;98;x;
9252;133;52;31;x;
9253;74;31;76;x;
9254;190;252;160;x;
9255;191;48;156;x;
9256;138;211;37;x;
9257;189;14;2;x;
9258;143;130;92;x;
9259;81;108;239;x;
9260;209;234;174;x;
9261;118;30;33;x;
9262;81;74;4;x;
9263;230;0;199;x;
9264;76;136;226;x;
9265;119;131;211;x;
9266;62;26;25;x;
9267;229;219;122;x;
9268;142;216;120;x;
9269;168;219;60;x;
9270;152;39;88;x;
9271;128;181;26;x;
9272;198;108;249;x;
9273;90;169;78;x;
9274;216;9;239;x;
9275;106;119;90;x;
9276;33;66;219;x;
9277;215;116;21;x;
9278;43;239;235;x;
9279;176;13;65;x;
9280;169;21;107;x;
9281;235;69;0;x;
9282;8;101;225;x;
9283;232;17;223;x;
9284;235;216;114;x;
9285;76;16;98;x;
9286;31;243;172;x;
9287;96;123;133;x;
9288;243;146;195;x;
9289;218;100;214;x;
9290;201;185;12;x;
9291;95;101;13;x;
9292;119;40;208;x;
9293;235;138;44;x;
9294;197;10;60;x;
9295;23;30;96;x;
9296;224;39;250;x;
9297;101;203;26;x;
9298;242;42;112;x;
9299;3;4;224;x;
9300;205;92;198;x;
9301;164;213;180;x;
9302;18;68;253;x;
9303;245;122;39;x;
9304;19;198;67;x;
9305;202;193;117;x;
9306;191;218;73;x;
9307;56;158;202;x;
9308;63;28;162;x;
9309;229;80;143;x;
9310;23;221;112;x;
9311;104;55;54;x;
9312;190;47;175;x;
9313;65;255;147;x;
9314;128;28;150;x;
9315;42;92;214;x;
9316;57;97;56;x;
9317;55;22;126;x;
9318;20;66;128;x;
9319;55;112;35;x;
9320;152;175;36;x;
9321;217;185;162;x;
9322;236;185;145;x;
9323;32;59;151;x;
9324;173;24;185;x;
9325;48;168;77;x;
9326;121;130;159;x;
9327;8;193;202;x;
9328;245;248;142;x;
9329;4;90;81;x;
9330;40;179;1;x;
9331;42;210;71;x;
9332;133;4;184;x;
9333;222;190;244;x;
9334;250;76;78;x;
9335;45;154;106;x;
9336;121;243;46;x;
9337;232;175;168;x;
9338;124;128;213;x;
9339;249;226;88;x;
9340;99;163;188;x;
9341;188;10;237;x;
9342;132;252;109;x;
9343;45;237;171;x;
9344;228;11;9;x;
9345;138;165;122;x;
9346;124;161;28;x;
9347;52;44;186;x;
9348;213;27;157;x;
9349;191;100;133;x;
9350;91;29;209;x;
9351;80;35;151;x;
9352;40;93;59;x;
9353;10;120;215;x;
9354;127;169;104;x;
9355;164;179;155;x;
9356;91;103;220;x;
9357;120;218;252;x;
9358;131;179;205;x;
9359;190;90;3;x;
9360;150;252;120;x;
9361;192;85;208;x;
9362;237;243;107;x;
9363;30;30;46;x;
9364;28;8;128;x;
9365;196;180;237;x;
9366;58;41;44;x;
9367;139;94;15;x;
9368;241;149;255;x;
9369;128;139;18;x;
9370;126;122;252;x;
9371;227;123;162;x;
9372;222;245;167;x;
9373;200;128;14;x;
9374;156;177;70;x;
9375;38;177;122;x;
9376;239;133;242;x;
9377;135;213;11;x;
9378;199;107;96;x;
9379;51;164;170;x;
9380;152;28;101;x;
9381;130;248;245;x;
9382;60;19;137;x;
9383;55;16;81;x;
9384;194;164;107;x;
9385;71;24;209;x;
9386;158;59;39;x;
9387;161;126;19;x;
9388;196;157;158;x;
9389;52;50;140;x;
9390;17;75;76;x;
9391;253;245;123;x;
9392;169;97;140;x;
9393;47;18;227;x;
9394;204;78;159;x;
9395;104;102;189;x;
9396;9;152;207;x;
9397;168;2;120;x;
9398;24;218;134;x;
9399;213;178;246;x;
9400;20;254;194;x;
9401;228;169;130;x;
9402;244;150;145;x;
9403;31;11;52;x;
9404;9;175;166;x;
9405;107;35;254;x;
9406;249;0;176;x;
9407;216;248;126;x;
9408;71;254;233;x;
9409;186;187;209;x;
9410;107;161;174;x;
9411;145;251;97;x;
9412;12;20;46;x;
9413;180;115;170;x;
9414;65;64;180;x;
9415;76;110;118;x;
9416;146;241;216;x;
9417;146;98;50;x;
9418;20;145;24;x;
9419;82;190;82;x;
9420;171;249;191;x;
9421;168;202;113;x;
9422;196;94;110;x;
9423;94;155;24;x;
9424;4;53;117;x;
9425;101;43;162;x;
9426;244;232;98;x;
9427;178;35;251;x;
9428;125;15;22;x;
9429;7;144;155;x;
9430;82;197;157;x;
9431;171;226;69;x;
9432;45;222;102;x;
9433;249;181;85;x;
9434;251;228;214;x;
9435;212;202;248;x;
9436;166;39;99;x;
9437;183;90;195;x;
9438;119;144;118;x;
9439;188;126;106;x;
9440;104;2;93;x;
9441;168;169;49;x;
9442;241;156;67;x;
9443;1;167;228;x;
9444;19;54;132;x;
9445;212;198;49;x;
9446;157;80;62;x;
9447;66;188;46;x;
9448;123;175;113;x;
9449;83;193;227;x;
9450;43;199;237;x;
9451;50;72;71;x;
9452;38;221;65;x;
9453;192;172;145;x;
9454;109;29;236;x;
9455;249;111;102;x;
9456;82;230;224;x;
9457;27;11;143;x;
9458;42;236;64;x;
9459;64;114;3;x;
9460;37;233;64;x;
9461;92;206;68;x;
9462;214;190;134;x;
9463;4;129;4;x;
9464;47;183;228;x;
9465;217;44;2;x;
9466;203;189;77;x;
9467;81;38;230;x;
9468;14;83;48;x;
9469;195;196;71;x;
9470;222;35;145;x;
9471;71;158;10;x;
9472;154;238;251;x;
9473;190;97;132;x;
9474;103;57;132;x;
9475;70;163;128;x;
9476;110;58;178;x;
9477;216;208;213;x;
9478;53;188;178;x;
9479;62;226;184;x;
9480;106;234;29;x;
9481;127;244;34;x;
9482;200;148;0;x;
9483;198;151;204;x;
9484;77;210;49;x;
9485;36;230;207;x;
9486;251;248;186;x;
9487;9;48;17;x;
9488;116;146;38;x;
9489;219;228;103;x;
9490;145;187;244;x;
9491;47;115;157;x;
9492;143;112;195;x;
9493;101;185;180;x;
9494;106;173;61;x;
9495;4;146;50;x;
9496;39;159;80;x;
9497;122;111;39;x;
9498;173;218;68;x;
9499;35;204;69;x;
9500;132;195;135;x;
9501;137;29;175;x;
9502;113;43;172;x;
9503;192;51;232;x;
9504;59;39;166;x;
9505;56;167;222;x;
9506;31;143;108;x;
9507;150;175;199;x;
9508;49;106;177;x;
9509;170;118;142;x;
9510;85;106;118;x;
9511;198;216;200;x;
9512;32;184;111;x;
9513;161;3;52;x;
9514;172;164;146;x;
9515;122;140;216;x;
9516;90;51;204;x;
9517;171;28;198;x;
9518;156;175;251;x;
9519;172;125;111;x;
9520;41;130;141;x;
9521;225;225;110;x;
9522;169;92;118;x;
9523;252;61;179;x;
9524;100;99;93;x;
9525;38;177;241;x;
9526;8;202;78;x;
9527;126;107;210;x;
9528;250;183;124;x;
9529;44;116;81;x;
9530;209;93;24;x;
9531;97;235;48;x;
9532;26;197;78;x;
9533;159;13;233;x;
9534;196;31;184;x;
9535;213;101;218;x;
9536;101;160;212;x;
9537;227;76;48;x;
9538;53;202;7;x;
9539;52;8;177;x;
9540;238;36;138;x;
9541;78;8;182;x;
9542;145;127;189;x;
9543;38;100;118;x;
9544;116;85;40;x;
9545;244;50;69;x;
9546;9;216;190;x;
9547;44;64;244;x;
9548;77;23;106;x;
9549;93;102;147;x;
9550;233;237;37;x;
9551;89;235;3;x;
9552;146;82;81;x;
9553;135;159;71;x;
9554;97;63;153;x;
9555;60;209;175;x;
9556;84;132;188;x;
9557;30;83;190;x;
9558;113;253;190;x;
9559;29;119;189;x;
9560;116;24;190;x;
9561;18;215;159;x;
9562;115;193;22;x;
9563;71;78;53;x;
9564;127;76;55;x;
9565;176;146;191;x;
9566;237;41;122;x;
9567;57;48;117;x;
9568;172;174;207;x;
9569;76;26;59;x;
9570;57;99;202;x;
9571;247;132;97;x;
9572;21;157;57;x;
9573;195;196;231;x;
9574;155;181;54;x;
9575;200;44;220;x;
9576;50;255;183;x;
9577;191;136;58;x;
9578;244;204;252;x;
9579;190;183;47;x;
9580;51;92;234;x;
9581;87;156;199;x;
9582;146;209;99;x;
9583;166;129;181;x;
9584;48;23;181;x;
9585;59;62;80;x;
9586;195;163;181;x;
9587;204;86;97;x;
9588;29;76;228;x;
9589;81;45;74;x;
9590;37;53;68;x;
9591;207;114;247;x;
9592;2;180;57;x;
9593;182;231;157;x;
9594;183;179;91;x;
9595;145;98;244;x;
9596;82;174;50;x;
9597;224;178;220;x;
9598;138;46;232;x;
9599;46;113;252;x;
9600;239;35;176;x;
9601;95;47;214;x;
9602;202;174;115;x;
9603;211;243;55;x;
9604;253;114;86;x;
9605;183;84;55;x;
9606;64;100;24;x;
9607;245;143;31;x;
9608;3;59;120;x;
9609;42;193;232;x;
9610;210;104;229;x;
9611;184;236;33;x;
9612;22;102;195;x;
9613;31;229;56;x;
9614;45;101;186;x;
9615;39;184;239;x;
9616;102;233;86;x;
9617;73;94;228;x;
9618;187;105;210;x;
9619;136;249;175;x;
9620;88;233;124;x;
9621;252;141;17;x;
9622;49;221;40;x;
9623;103;19;204;x;
9624;137;34;110;x;
9625;209;180;163;x;
9626;184;188;250;x;
9627;93;30;51;x;
9628;244;88;158;x;
9629;253;106;150;x;
9630;182;15;58;x;
9631;199;212;11;x;
9632;116;91;251;x;
9633;0;185;12;x;
9634;138;5;30;x;
9635;214;188;106;x;
9636;150;202;155;x;
9637;4;26;59;x;
9638;10;169;85;x;
9639;208;150;92;x;
9640;68;99;155;x;
9641;51;24;27;x;
9642;239;179;90;x;
9643;90;66;240;x;
9644;72;190;213;x;
9645;171;151;27;x;
9646;94;76;225;x;
9647;232;184;169;x;
9648;3;231;170;x;
9649;204;192;83;x;
9650;103;28;193;x;
9651;165;114;212;x;
9652;220;166;243;x;
9653;136;127;57;x;
9654;221;76;225;x;
9655;92;204;150;x;
9656;151;122;210;x;
9657;45;114;60;x;
9658;11;93;125;x;
9659;142;119;77;x;
9660;169;60;209;x;
9661;150;95;172;x;
9662;222;34;169;x;
9663;133;229;37;x;
9664;54;214;89;x;
9665;151;220;231;x;
9666;36;43;95;x;
9667;233;96;129;x;
9668;28;216;82;x;
9669;212;129;49;x;
9670;211;134;243;x;
9671;208;101;251;x;
9672;156;64;191;x;
9673;36;158;195;x;
9674;154;196;144;x;
9675;33;219;90;x;
9676;48;202;131;x;
9677;191;172;227;x;
9678;12;49;182;x;
9679;86;124;50;x;
9680;3;18;95;x;
9681;253;110;139;x;
9682;147;237;75;x;
9683;181;33;95;x;
9684;160;117;172;x;
9685;26;39;11;x;
9686;202;121;23;x;
9687;128;134;129;x;
9688;181;93;46;x;
9689;201;97;150;x;
9690;65;226;240;x;
9691;52;139;87;x;
9692;89;86;35;x;
9693;116;41;215;x;
9694;181;140;250;x;
9695;80;130;102;x;
9696;69;198;190;x;
9697;62;29;225;x;
9698;180;18;244;x;
9699;223;37;131;x;
9700;97;66;161;x;
9701;7;95;9;x;
9702;247;233;68;x;
9703;148;163;252;x;
9704;255;236;182;x;
9705;57;33;184;x;
9706;11;200;143;x;
9707;137;190;65;x;
9708;43;146;166;x;
9709;119;99;215;x;
